filename,model,split,label,tcg,source,license_note,date_added,notes
BO-10.jpg,tcg_identifier,test,digimon,digimon,digimoncard.io:BO-10,digimoncard.io public API — verify digimoncard.io/api-documentation terms before redistribution,2026-09-13,Drimogemon
BT1-073.jpg,tcg_identifier,test,digimon,digimon,digimoncard.io:BT1-073,digimoncard.io public API — verify digimoncard.io/api-documentation terms before redistribution,2026-09-13,Kabuterimon
BT1-084.jpg,tcg_identifier,test,digimon,digimon,digimoncard.io:BT1-084,digimoncard.io public API — verify digimoncard.io/api-documentation terms before redistribution,2026-09-13,Omnimon
BT10-005.jpg,tcg_identifier,test,digimon,digimon,digimoncard.io:BT10-005,digimoncard.io public API — verify digimoncard.io/api-documentation terms before redistribution,2026-09-13,Monimon
BT10-014.jpg,tcg_identifier,test,digimon,digimon,digimoncard.io:BT10-014,digimoncard.io public API — verify digimoncard.io/api-documentation terms before redistribution,2026-09-13,PileVolcamon
BT11-012.jpg,tcg_identifier,test,digimon,digimon,digimoncard.io:BT11-012,digimoncard.io public API — verify digimoncard.io/api-documentation terms before redistribution,2026-09-10,
BT11-016.jpg,tcg_identifier,test,digimon,digimon,digimoncard.io:BT11-016,digimoncard.io public API — verify digimoncard.io/api-documentation terms before redistribution,2026-09-13,Phoenixmon
BT12-047.jpg,tcg_identifier,test,digimon,digimon,digimoncard.io:BT12-047,digimoncard.io public API — verify digimoncard.io/api-documentation terms before redistribution,2026-09-13,Wormmon
BT12-060.jpg,tcg_identifier,test,digimon,digimon,digimoncard.io:BT12-060,digimoncard.io public API — verify digimoncard.io/api-documentation terms before redistribution,2026-09-13,ChuuChuumon
BT13-029.jpg,tcg_identifier,test,digimon,digimon,digimoncard.io:BT13-029,digimoncard.io public API — verify digimoncard.io/api-documentation terms before redistribution,2026-09-13,MachGaogamon
BT14-036.jpg,tcg_identifier,test,digimon,digimon,digimoncard.io:BT14-036,digimoncard.io public API — verify digimoncard.io/api-documentation terms before redistribution,2026-09-13,Centarumon
BT14-057.jpg,tcg_identifier,test,digimon,digimon,digimoncard.io:BT14-057,digimoncard.io public API — verify digimoncard.io/api-documentation terms before redistribution,2026-09-13,ChuuChuumon
BT15-003.jpg,tcg_identifier,test,digimon,digimon,digimoncard.io:BT15-003,digimoncard.io public API — verify digimoncard.io/api-documentation terms before redistribution,2026-09-13,Nyaromon
BT15-058.jpg,tcg_identifier,test,digimon,digimon,digimoncard.io:BT15-058,digimoncard.io public API — verify digimoncard.io/api-documentation terms before redistribution,2026-09-13,Ginryumon
BT15-099.jpg,tcg_identifier,test,digimon,digimon,digimoncard.io:BT15-099,digimoncard.io public API — verify digimoncard.io/api-documentation terms before redistribution,2026-09-13,Venom Infusion
BT17-007.jpg,tcg_identifier,test,digimon,digimon,digimoncard.io:BT17-007,digimoncard.io public API — verify digimoncard.io/api-documentation terms before redistribution,2026-09-10,Agumon
BT18-017.jpg,tcg_identifier,test,digimon,digimon,digimoncard.io:BT18-017,digimoncard.io public API — verify digimoncard.io/api-documentation terms before redistribution,2026-09-10,AncientVolcanomon
BT19-013.jpg,tcg_identifier,test,digimon,digimon,digimoncard.io:BT19-013,digimoncard.io public API — verify digimoncard.io/api-documentation terms before redistribution,2026-09-13,Shoutmon X5
BT2-103.jpg,tcg_identifier,test,digimon,digimon,digimoncard.io:BT2-103,digimoncard.io public API — verify digimoncard.io/api-documentation terms before redistribution,2026-09-13,Spiral Sword
BT2-110.jpg,tcg_identifier,test,digimon,digimon,digimoncard.io:BT2-110,digimoncard.io public API — verify digimoncard.io/api-documentation terms before redistribution,2026-09-10,
BT20-007.jpg,tcg_identifier,test,digimon,digimon,digimoncard.io:BT20-007,digimoncard.io public API — verify digimoncard.io/api-documentation terms before redistribution,2026-09-10,
BT20-036.jpg,tcg_identifier,test,digimon,digimon,digimoncard.io:BT20-036,digimoncard.io public API — verify digimoncard.io/api-documentation terms before redistribution,2026-09-10,BanchoLeomon
BT21-040.jpg,tcg_identifier,test,digimon,digimon,digimoncard.io:BT21-040,digimoncard.io public API — verify digimoncard.io/api-documentation terms before redistribution,2026-09-10,Agumon
BT21-064.jpg,tcg_identifier,test,digimon,digimon,digimoncard.io:BT21-064,digimoncard.io public API — verify digimoncard.io/api-documentation terms before redistribution,2026-09-13,Guilmon
BT22-011.jpg,tcg_identifier,test,digimon,digimon,digimoncard.io:BT22-011,digimoncard.io public API — verify digimoncard.io/api-documentation terms before redistribution,2026-09-13,BlueMeramon
BT22-041.jpg,tcg_identifier,test,digimon,digimon,digimoncard.io:BT22-041,digimoncard.io public API — verify digimoncard.io/api-documentation terms before redistribution,2026-09-10,
BT22-043.jpg,tcg_identifier,test,digimon,digimon,digimoncard.io:BT22-043,digimoncard.io public API — verify digimoncard.io/api-documentation terms before redistribution,2026-09-13,Terriermon
BT22-058.jpg,tcg_identifier,test,digimon,digimon,digimoncard.io:BT22-058,digimoncard.io public API — verify digimoncard.io/api-documentation terms before redistribution,2026-09-13,Dreammon
BT22-101.jpg,tcg_identifier,test,digimon,digimon,digimoncard.io:BT22-101,digimoncard.io public API — verify digimoncard.io/api-documentation terms before redistribution,2026-09-13,Kyoko Kuremi
BT23-068.jpg,tcg_identifier,test,digimon,digimon,digimoncard.io:BT23-068,digimoncard.io public API — verify digimoncard.io/api-documentation terms before redistribution,2026-09-13,GranDracmon
BT24-005.jpg,tcg_identifier,test,digimon,digimon,digimoncard.io:BT24-005,digimoncard.io public API — verify digimoncard.io/api-documentation terms before redistribution,2026-09-10,Kyokyomon
BT24-069.jpg,tcg_identifier,test,digimon,digimon,digimoncard.io:BT24-069,digimoncard.io public API — verify digimoncard.io/api-documentation terms before redistribution,2026-09-13,Vilemon
BT25-074.jpg,tcg_identifier,test,digimon,digimon,digimoncard.io:BT25-074,digimoncard.io public API — verify digimoncard.io/api-documentation terms before redistribution,2026-09-13,Tankdramon
BT25-101.jpg,tcg_identifier,test,digimon,digimon,digimoncard.io:BT25-101,digimoncard.io public API — verify digimoncard.io/api-documentation terms before redistribution,2026-09-13,Divine Arms Version Ω
BT26-057.jpg,tcg_identifier,test,digimon,digimon,digimoncard.io:BT26-057,digimoncard.io public API — verify digimoncard.io/api-documentation terms before redistribution,2026-09-10,
BT26-072.jpg,tcg_identifier,test,digimon,digimon,digimoncard.io:BT26-072,digimoncard.io public API — verify digimoncard.io/api-documentation terms before redistribution,2026-09-10,Peckmon
BT3-017.jpg,tcg_identifier,test,digimon,digimon,digimoncard.io:BT3-017,digimoncard.io public API — verify digimoncard.io/api-documentation terms before redistribution,2026-09-13,Valkyrimon
BT3-023.jpg,tcg_identifier,test,digimon,digimon,digimoncard.io:BT3-023,digimoncard.io public API — verify digimoncard.io/api-documentation terms before redistribution,2026-09-13,Angemon
BT7-005.jpg,tcg_identifier,test,digimon,digimon,digimoncard.io:BT7-005,digimoncard.io public API — verify digimoncard.io/api-documentation terms before redistribution,2026-09-13,Dorimon
BT7-036.jpg,tcg_identifier,test,digimon,digimon,digimoncard.io:BT7-036,digimoncard.io public API — verify digimoncard.io/api-documentation terms before redistribution,2026-09-13,Zephyrmon
BT7-080.jpg,tcg_identifier,test,digimon,digimon,digimoncard.io:BT7-080,digimoncard.io public API — verify digimoncard.io/api-documentation terms before redistribution,2026-09-13,Neemon
BT8-054.jpg,tcg_identifier,test,digimon,digimon,digimoncard.io:BT8-054,digimoncard.io public API — verify digimoncard.io/api-documentation terms before redistribution,2026-09-13,Pistmon
BT8-064.jpg,tcg_identifier,test,digimon,digimon,digimoncard.io:BT8-064,digimoncard.io public API — verify digimoncard.io/api-documentation terms before redistribution,2026-09-13,Greymon
BT9-019.jpg,tcg_identifier,test,digimon,digimon,digimoncard.io:BT9-019,digimoncard.io public API — verify digimoncard.io/api-documentation terms before redistribution,2026-09-13,Crabmon
BT9-036.jpg,tcg_identifier,test,digimon,digimon,digimoncard.io:BT9-036,digimoncard.io public API — verify digimoncard.io/api-documentation terms before redistribution,2026-09-13,Gatomon (X Antibody)
BT9-087.jpg,tcg_identifier,test,digimon,digimon,digimoncard.io:BT9-087,digimoncard.io public API — verify digimoncard.io/api-documentation terms before redistribution,2026-09-13,T.K. Takaishi & Izzy Izumi
EX1-040.jpg,tcg_identifier,test,digimon,digimon,digimoncard.io:EX1-040,digimoncard.io public API — verify digimoncard.io/api-documentation terms before redistribution,2026-09-13,MegaKabuterimon
EX1-048.jpg,tcg_identifier,test,digimon,digimon,digimoncard.io:EX1-048,digimoncard.io public API — verify digimoncard.io/api-documentation terms before redistribution,2026-09-13,Andromon
EX2-009.jpg,tcg_identifier,test,digimon,digimon,digimoncard.io:EX2-009,digimoncard.io public API — verify digimoncard.io/api-documentation terms before redistribution,2026-09-13,Growlmon
EX3-016.jpg,tcg_identifier,test,digimon,digimon,digimoncard.io:EX3-016,digimoncard.io public API — verify digimoncard.io/api-documentation terms before redistribution,2026-09-13,SnowAgumon
EX4-062.jpg,tcg_identifier,test,digimon,digimon,digimoncard.io:EX4-062,digimoncard.io public API — verify digimoncard.io/api-documentation terms before redistribution,2026-09-13,Kiriha Aonuma & Nene Amano
EX5-035.jpg,tcg_identifier,test,digimon,digimon,digimoncard.io:EX5-035,digimoncard.io public API — verify digimoncard.io/api-documentation terms before redistribution,2026-09-13,Hawkmon
EX5-068.jpg,tcg_identifier,test,digimon,digimon,digimoncard.io:EX5-068,digimoncard.io public API — verify digimoncard.io/api-documentation terms before redistribution,2026-09-13,Flashy Boss Punch
MO-10.jpg,tcg_identifier,test,digimon,digimon,digimoncard.io:MO-10,digimoncard.io public API — verify digimoncard.io/api-documentation terms before redistribution,2026-09-13,Magnadramon
P-187.jpg,tcg_identifier,test,digimon,digimon,digimoncard.io:P-187,digimoncard.io public API — verify digimoncard.io/api-documentation terms before redistribution,2026-09-13,Mastemon
P-190.jpg,tcg_identifier,test,digimon,digimon,digimoncard.io:P-190,digimoncard.io public API — verify digimoncard.io/api-documentation terms before redistribution,2026-09-13,Tweetmon
ST-172.jpg,tcg_identifier,test,digimon,digimon,digimoncard.io:ST-172,digimoncard.io public API — verify digimoncard.io/api-documentation terms before redistribution,2026-09-13,Preciomon
ST-99.jpg,tcg_identifier,test,digimon,digimon,digimoncard.io:ST-99,digimoncard.io public API — verify digimoncard.io/api-documentation terms before redistribution,2026-09-13,Morishellmon
ST17-12.jpg,tcg_identifier,test,digimon,digimon,digimoncard.io:ST17-12,digimoncard.io public API — verify digimoncard.io/api-documentation terms before redistribution,2026-09-13,Giant Missile
ST21-10.jpg,tcg_identifier,test,digimon,digimon,digimoncard.io:ST21-10,digimoncard.io public API — verify digimoncard.io/api-documentation terms before redistribution,2026-09-13,Gabumon
AD1-008.jpg,tcg_identifier,train,digimon,digimon,digimoncard.io:AD1-008,digimoncard.io public API — verify digimoncard.io/api-documentation terms before redistribution,2026-09-10,Gallantmon
AD1-017.jpg,tcg_identifier,train,digimon,digimon,digimoncard.io:AD1-017,digimoncard.io public API — verify digimoncard.io/api-documentation terms before redistribution,2026-09-13,Dynasmon
BO-08.jpg,tcg_identifier,train,digimon,digimon,digimoncard.io:BO-08,digimoncard.io public API — verify digimoncard.io/api-documentation terms before redistribution,2026-09-10,
BO-128.jpg,tcg_identifier,train,digimon,digimon,digimoncard.io:BO-128,digimoncard.io public API — verify digimoncard.io/api-documentation terms before redistribution,2026-09-13,Angemon
BO-167.jpg,tcg_identifier,train,digimon,digimon,digimoncard.io:BO-167,digimoncard.io public API — verify digimoncard.io/api-documentation terms before redistribution,2026-09-13,Gargomon
BO-178.jpg,tcg_identifier,train,digimon,digimon,digimoncard.io:BO-178,digimoncard.io public API — verify digimoncard.io/api-documentation terms before redistribution,2026-09-10,Ankylomon
BO-255.jpg,tcg_identifier,train,digimon,digimon,digimoncard.io:BO-255,digimoncard.io public API — verify digimoncard.io/api-documentation terms before redistribution,2026-09-13,Sepikmon
BO-38.jpg,tcg_identifier,train,digimon,digimon,digimoncard.io:BO-38,digimoncard.io public API — verify digimoncard.io/api-documentation terms before redistribution,2026-09-13,Myotismon
BO-67.jpg,tcg_identifier,train,digimon,digimon,digimoncard.io:BO-67,digimoncard.io public API — verify digimoncard.io/api-documentation terms before redistribution,2026-09-13,Datamon
BO-74.jpg,tcg_identifier,train,digimon,digimon,digimoncard.io:BO-74,digimoncard.io public API — verify digimoncard.io/api-documentation terms before redistribution,2026-09-13,Deltamon
BT1-015.jpg,tcg_identifier,train,digimon,digimon,digimoncard.io:BT1-015,digimoncard.io public API — verify digimoncard.io/api-documentation terms before redistribution,2026-09-13,Greymon
BT1-113.jpg,tcg_identifier,train,digimon,digimon,digimoncard.io:BT1-113,digimoncard.io public API — verify digimoncard.io/api-documentation terms before redistribution,2026-09-13,Forbidden Temptation
BT10-049.jpg,tcg_identifier,train,digimon,digimon,digimoncard.io:BT10-049,digimoncard.io public API — verify digimoncard.io/api-documentation terms before redistribution,2026-09-13,Ballistamon
BT10-055.jpg,tcg_identifier,train,digimon,digimon,digimoncard.io:BT10-055,digimoncard.io public API — verify digimoncard.io/api-documentation terms before redistribution,2026-09-13,Gryphonmon
BT10-074.jpg,tcg_identifier,train,digimon,digimon,digimoncard.io:BT10-074,digimoncard.io public API — verify digimoncard.io/api-documentation terms before redistribution,2026-09-10,
BT10-075.jpg,tcg_identifier,train,digimon,digimon,digimoncard.io:BT10-075,digimoncard.io public API — verify digimoncard.io/api-documentation terms before redistribution,2026-09-13,Damemon
BT10-091.jpg,tcg_identifier,train,digimon,digimon,digimoncard.io:BT10-091,digimoncard.io public API — verify digimoncard.io/api-documentation terms before redistribution,2026-09-13,Ruli Tsukiyono
BT11-027.jpg,tcg_identifier,train,digimon,digimon,digimoncard.io:BT11-027,digimoncard.io public API — verify digimoncard.io/api-documentation terms before redistribution,2026-09-13,Veedramon
BT11-028.jpg,tcg_identifier,train,digimon,digimon,digimoncard.io:BT11-028,digimoncard.io public API — verify digimoncard.io/api-documentation terms before redistribution,2026-09-13,MachGaogamon
BT11-044.jpg,tcg_identifier,train,digimon,digimon,digimoncard.io:BT11-044,digimoncard.io public API — verify digimoncard.io/api-documentation terms before redistribution,2026-09-13,MetalEtemon
BT11-053.jpg,tcg_identifier,train,digimon,digimon,digimoncard.io:BT11-053,digimoncard.io public API — verify digimoncard.io/api-documentation terms before redistribution,2026-09-10,Digitamamon
BT11-058.jpg,tcg_identifier,train,digimon,digimon,digimoncard.io:BT11-058,digimoncard.io public API — verify digimoncard.io/api-documentation terms before redistribution,2026-09-13,HerculesKabuterimon (X Antibody)
BT11-059.jpg,tcg_identifier,train,digimon,digimon,digimoncard.io:BT11-059,digimoncard.io public API — verify digimoncard.io/api-documentation terms before redistribution,2026-09-13,RustTyrannomon
BT11-065.jpg,tcg_identifier,train,digimon,digimon,digimoncard.io:BT11-065,digimoncard.io public API — verify digimoncard.io/api-documentation terms before redistribution,2026-09-13,Snatchmon
BT11-108.jpg,tcg_identifier,train,digimon,digimon,digimoncard.io:BT11-108,digimoncard.io public API — verify digimoncard.io/api-documentation terms before redistribution,2026-09-13,DG Dimension
BT12-007.jpg,tcg_identifier,train,digimon,digimon,digimoncard.io:BT12-007,digimoncard.io public API — verify digimoncard.io/api-documentation terms before redistribution,2026-09-13,Guilmon
BT12-013.jpg,tcg_identifier,train,digimon,digimon,digimoncard.io:BT12-013,digimoncard.io public API — verify digimoncard.io/api-documentation terms before redistribution,2026-09-10,BurningGreymon
BT12-027.jpg,tcg_identifier,train,digimon,digimon,digimoncard.io:BT12-027,digimoncard.io public API — verify digimoncard.io/api-documentation terms before redistribution,2026-09-13,Mermaimon
BT12-082.jpg,tcg_identifier,train,digimon,digimon,digimoncard.io:BT12-082,digimoncard.io public API — verify digimoncard.io/api-documentation terms before redistribution,2026-09-13,Baalmon (X Antibody)
BT12-108.jpg,tcg_identifier,train,digimon,digimon,digimoncard.io:BT12-108,digimoncard.io public API — verify digimoncard.io/api-documentation terms before redistribution,2026-09-13,Super Eradication Attack
BT13-016.jpg,tcg_identifier,train,digimon,digimon,digimoncard.io:BT13-016,digimoncard.io public API — verify digimoncard.io/api-documentation terms before redistribution,2026-09-10,SaviorHuckmon
BT13-090.jpg,tcg_identifier,train,digimon,digimon,digimoncard.io:BT13-090,digimoncard.io public API — verify digimoncard.io/api-documentation terms before redistribution,2026-09-10,
BT13-104.jpg,tcg_identifier,train,digimon,digimon,digimoncard.io:BT13-104,digimoncard.io public API — verify digimoncard.io/api-documentation terms before redistribution,2026-09-13,Final Shining Burst
BT13-107.jpg,tcg_identifier,train,digimon,digimon,digimoncard.io:BT13-107,digimoncard.io public API — verify digimoncard.io/api-documentation terms before redistribution,2026-09-13,Vulcan Crusher
BT14-037.jpg,tcg_identifier,train,digimon,digimon,digimoncard.io:BT14-037,digimoncard.io public API — verify digimoncard.io/api-documentation terms before redistribution,2026-09-13,MagnaAngemon
BT14-053.jpg,tcg_identifier,train,digimon,digimon,digimoncard.io:BT14-053,digimoncard.io public API — verify digimoncard.io/api-documentation terms before redistribution,2026-09-13,Rosemon
BT15-001.jpg,tcg_identifier,train,digimon,digimon,digimoncard.io:BT15-001,digimoncard.io public API — verify digimoncard.io/api-documentation terms before redistribution,2026-09-13,Yokomon
BT15-008.jpg,tcg_identifier,train,digimon,digimon,digimoncard.io:BT15-008,digimoncard.io public API — verify digimoncard.io/api-documentation terms before redistribution,2026-09-10,
BT15-100.jpg,tcg_identifier,train,digimon,digimon,digimoncard.io:BT15-100,digimoncard.io public API — verify digimoncard.io/api-documentation terms before redistribution,2026-09-13,Seventh Lightning
BT16-024.jpg,tcg_identifier,train,digimon,digimon,digimoncard.io:BT16-024,digimoncard.io public API — verify digimoncard.io/api-documentation terms before redistribution,2026-09-10,MagnaAngemon
BT16-058.jpg,tcg_identifier,train,digimon,digimon,digimoncard.io:BT16-058,digimoncard.io public API — verify digimoncard.io/api-documentation terms before redistribution,2026-09-13,Dorugamon
BT16-102.jpg,tcg_identifier,train,digimon,digimon,digimoncard.io:BT16-102,digimoncard.io public API — verify digimoncard.io/api-documentation terms before redistribution,2026-09-10,
BT17-017.jpg,tcg_identifier,train,digimon,digimon,digimoncard.io:BT17-017,digimoncard.io public API — verify digimoncard.io/api-documentation terms before redistribution,2026-09-13,AncientGreymon
BT17-033.jpg,tcg_identifier,train,digimon,digimon,digimoncard.io:BT17-033,digimoncard.io public API — verify digimoncard.io/api-documentation terms before redistribution,2026-09-13,GeoGreymon
BT17-046.jpg,tcg_identifier,train,digimon,digimon,digimoncard.io:BT17-046,digimoncard.io public API — verify digimoncard.io/api-documentation terms before redistribution,2026-09-13,Gargomon
BT17-059.jpg,tcg_identifier,train,digimon,digimon,digimoncard.io:BT17-059,digimoncard.io public API — verify digimoncard.io/api-documentation terms before redistribution,2026-09-13,Diaboromon
BT18-007.jpg,tcg_identifier,train,digimon,digimon,digimoncard.io:BT18-007,digimoncard.io public API — verify digimoncard.io/api-documentation terms before redistribution,2026-09-13,Gazimon
BT18-018.jpg,tcg_identifier,train,digimon,digimon,digimoncard.io:BT18-018,digimoncard.io public API — verify digimoncard.io/api-documentation terms before redistribution,2026-09-10,EmperorGreymon
BT18-026.jpg,tcg_identifier,train,digimon,digimon,digimoncard.io:BT18-026,digimoncard.io public API — verify digimoncard.io/api-documentation terms before redistribution,2026-09-13,DaiPenmon
BT18-040.jpg,tcg_identifier,train,digimon,digimon,digimoncard.io:BT18-040,digimoncard.io public API — verify digimoncard.io/api-documentation terms before redistribution,2026-09-10,Dynasmon
BT18-050.jpg,tcg_identifier,train,digimon,digimon,digimoncard.io:BT18-050,digimoncard.io public API — verify digimoncard.io/api-documentation terms before redistribution,2026-09-13,Petaldramon
BT18-065.jpg,tcg_identifier,train,digimon,digimon,digimoncard.io:BT18-065,digimoncard.io public API — verify digimoncard.io/api-documentation terms before redistribution,2026-09-13,Snatchmon
BT18-085.jpg,tcg_identifier,train,digimon,digimon,digimoncard.io:BT18-085,digimoncard.io public API — verify digimoncard.io/api-documentation terms before redistribution,2026-09-10,
BT19-007.jpg,tcg_identifier,train,digimon,digimon,digimoncard.io:BT19-007,digimoncard.io public API — verify digimoncard.io/api-documentation terms before redistribution,2026-09-10,
BT19-054.jpg,tcg_identifier,train,digimon,digimon,digimoncard.io:BT19-054,digimoncard.io public API — verify digimoncard.io/api-documentation terms before redistribution,2026-09-13,MegaGargomon
BT19-064.jpg,tcg_identifier,train,digimon,digimon,digimoncard.io:BT19-064,digimoncard.io public API — verify digimoncard.io/api-documentation terms before redistribution,2026-09-13,Justimon: Blitz Arm
BT19-087.jpg,tcg_identifier,train,digimon,digimon,digimoncard.io:BT19-087,digimoncard.io public API — verify digimoncard.io/api-documentation terms before redistribution,2026-09-13,Nene Amano
BT2-028.jpg,tcg_identifier,train,digimon,digimon,digimoncard.io:BT2-028,digimoncard.io public API — verify digimoncard.io/api-documentation terms before redistribution,2026-09-13,AeroVeedramon
BT2-030.jpg,tcg_identifier,train,digimon,digimon,digimoncard.io:BT2-030,digimoncard.io public API — verify digimoncard.io/api-documentation terms before redistribution,2026-09-13,MetalSeadramon
BT2-078.jpg,tcg_identifier,train,digimon,digimon,digimoncard.io:BT2-078,digimoncard.io public API — verify digimoncard.io/api-documentation terms before redistribution,2026-09-13,WereGarurumon
BT2-082.jpg,tcg_identifier,train,digimon,digimon,digimoncard.io:BT2-082,digimoncard.io public API — verify digimoncard.io/api-documentation terms before redistribution,2026-09-13,Diaboromon
BT2-107.jpg,tcg_identifier,train,digimon,digimon,digimoncard.io:BT2-107,digimoncard.io public API — verify digimoncard.io/api-documentation terms before redistribution,2026-09-13,Darkness Claw
BT20-006.jpg,tcg_identifier,train,digimon,digimon,digimoncard.io:BT20-006,digimoncard.io public API — verify digimoncard.io/api-documentation terms before redistribution,2026-09-10,
BT20-012.jpg,tcg_identifier,train,digimon,digimon,digimoncard.io:BT20-012,digimoncard.io public API — verify digimoncard.io/api-documentation terms before redistribution,2026-09-10,
BT20-019.jpg,tcg_identifier,train,digimon,digimon,digimoncard.io:BT20-019,digimoncard.io public API — verify digimoncard.io/api-documentation terms before redistribution,2026-09-13,Jesmon (X Antibody)
BT20-020.jpg,tcg_identifier,train,digimon,digimon,digimoncard.io:BT20-020,digimoncard.io public API — verify digimoncard.io/api-documentation terms before redistribution,2026-09-13,Imperialdramon: Fighter Mode
BT20-041.jpg,tcg_identifier,train,digimon,digimon,digimoncard.io:BT20-041,digimoncard.io public API — verify digimoncard.io/api-documentation terms before redistribution,2026-09-13,Crowmon
BT20-043.jpg,tcg_identifier,train,digimon,digimon,digimoncard.io:BT20-043,digimoncard.io public API — verify digimoncard.io/api-documentation terms before redistribution,2026-09-13,Varodurumon
BT20-047.jpg,tcg_identifier,train,digimon,digimon,digimoncard.io:BT20-047,digimoncard.io public API — verify digimoncard.io/api-documentation terms before redistribution,2026-09-13,Solarmon
BT20-067.jpg,tcg_identifier,train,digimon,digimon,digimoncard.io:BT20-067,digimoncard.io public API — verify digimoncard.io/api-documentation terms before redistribution,2026-09-13,Soulmon
BT20-071.jpg,tcg_identifier,train,digimon,digimon,digimoncard.io:BT20-071,digimoncard.io public API — verify digimoncard.io/api-documentation terms before redistribution,2026-09-10,Soloogarmon
BT20-076.jpg,tcg_identifier,train,digimon,digimon,digimoncard.io:BT20-076,digimoncard.io public API — verify digimoncard.io/api-documentation terms before redistribution,2026-09-10,Imperialdramon: Dragon Mode
BT20-078.jpg,tcg_identifier,train,digimon,digimon,digimoncard.io:BT20-078,digimoncard.io public API — verify digimoncard.io/api-documentation terms before redistribution,2026-09-13,Reapermon
BT20-088.jpg,tcg_identifier,train,digimon,digimon,digimoncard.io:BT20-088,digimoncard.io public API — verify digimoncard.io/api-documentation terms before redistribution,2026-09-10,
BT20-099.jpg,tcg_identifier,train,digimon,digimon,digimoncard.io:BT20-099,digimoncard.io public API — verify digimoncard.io/api-documentation terms before redistribution,2026-09-13,Singularity of Chaos
BT21-004.jpg,tcg_identifier,train,digimon,digimon,digimoncard.io:BT21-004,digimoncard.io public API — verify digimoncard.io/api-documentation terms before redistribution,2026-09-13,Koromon
BT21-060.jpg,tcg_identifier,train,digimon,digimon,digimoncard.io:BT21-060,digimoncard.io public API — verify digimoncard.io/api-documentation terms before redistribution,2026-09-13,Destromon
BT21-063.jpg,tcg_identifier,train,digimon,digimon,digimoncard.io:BT21-063,digimoncard.io public API — verify digimoncard.io/api-documentation terms before redistribution,2026-09-10,Gumdramon
BT21-068.jpg,tcg_identifier,train,digimon,digimon,digimoncard.io:BT21-068,digimoncard.io public API — verify digimoncard.io/api-documentation terms before redistribution,2026-09-10,
BT21-069.jpg,tcg_identifier,train,digimon,digimon,digimoncard.io:BT21-069,digimoncard.io public API — verify digimoncard.io/api-documentation terms before redistribution,2026-09-10,GulusGammamon
BT21-080.jpg,tcg_identifier,train,digimon,digimon,digimoncard.io:BT21-080,digimoncard.io public API — verify digimoncard.io/api-documentation terms before redistribution,2026-09-10,Hiro Amanokawa
BT21-083.jpg,tcg_identifier,train,digimon,digimon,digimoncard.io:BT21-083,digimoncard.io public API — verify digimoncard.io/api-documentation terms before redistribution,2026-09-13,Taiki Kudo
BT22-001.jpg,tcg_identifier,train,digimon,digimon,digimoncard.io:BT22-001,digimoncard.io public API — verify digimoncard.io/api-documentation terms before redistribution,2026-09-13,Puyoyomon
BT22-021.jpg,tcg_identifier,train,digimon,digimon,digimoncard.io:BT22-021,digimoncard.io public API — verify digimoncard.io/api-documentation terms before redistribution,2026-09-13,Shellmon
BT22-035.jpg,tcg_identifier,train,digimon,digimon,digimoncard.io:BT22-035,digimoncard.io public API — verify digimoncard.io/api-documentation terms before redistribution,2026-09-13,Entermon
BT22-076.jpg,tcg_identifier,train,digimon,digimon,digimoncard.io:BT22-076,digimoncard.io public API — verify digimoncard.io/api-documentation terms before redistribution,2026-09-13,ShinMonzaemon
BT23-016.jpg,tcg_identifier,train,digimon,digimon,digimoncard.io:BT23-016,digimoncard.io public API — verify digimoncard.io/api-documentation terms before redistribution,2026-09-10,
BT23-076.jpg,tcg_identifier,train,digimon,digimon,digimoncard.io:BT23-076,digimoncard.io public API — verify digimoncard.io/api-documentation terms before redistribution,2026-09-13,Sistermon Blanc
BT24-001.jpg,tcg_identifier,train,digimon,digimon,digimoncard.io:BT24-001,digimoncard.io public API — verify digimoncard.io/api-documentation terms before redistribution,2026-09-13,Gigimon
BT24-023.jpg,tcg_identifier,train,digimon,digimon,digimoncard.io:BT24-023,digimoncard.io public API — verify digimoncard.io/api-documentation terms before redistribution,2026-09-13,Calmaramon
BT24-031.jpg,tcg_identifier,train,digimon,digimon,digimoncard.io:BT24-031,digimoncard.io public API — verify digimoncard.io/api-documentation terms before redistribution,2026-09-13,Elecmon
BT24-040.jpg,tcg_identifier,train,digimon,digimon,digimoncard.io:BT24-040,digimoncard.io public API — verify digimoncard.io/api-documentation terms before redistribution,2026-09-13,Venusmon
BT24-045.jpg,tcg_identifier,train,digimon,digimon,digimoncard.io:BT24-045,digimoncard.io public API — verify digimoncard.io/api-documentation terms before redistribution,2026-09-13,Ogremon
BT24-057.jpg,tcg_identifier,train,digimon,digimon,digimoncard.io:BT24-057,digimoncard.io public API — verify digimoncard.io/api-documentation terms before redistribution,2026-09-13,Docmon
BT24-073.jpg,tcg_identifier,train,digimon,digimon,digimoncard.io:BT24-073,digimoncard.io public API — verify digimoncard.io/api-documentation terms before redistribution,2026-09-13,SkullSatamon
BT24-086.jpg,tcg_identifier,train,digimon,digimon,digimoncard.io:BT24-086,digimoncard.io public API — verify digimoncard.io/api-documentation terms before redistribution,2026-09-13,The Crossroad Witch
BT25-025.jpg,tcg_identifier,train,digimon,digimon,digimoncard.io:BT25-025,digimoncard.io public API — verify digimoncard.io/api-documentation terms before redistribution,2026-09-13,Aegiochusmon: Blue
BT25-029.jpg,tcg_identifier,train,digimon,digimon,digimoncard.io:BT25-029,digimoncard.io public API — verify digimoncard.io/api-documentation terms before redistribution,2026-09-10,
BT25-038.jpg,tcg_identifier,train,digimon,digimon,digimoncard.io:BT25-038,digimoncard.io public API — verify digimoncard.io/api-documentation terms before redistribution,2026-09-13,Shakkoumon
BT25-042.jpg,tcg_identifier,train,digimon,digimon,digimoncard.io:BT25-042,digimoncard.io public API — verify digimoncard.io/api-documentation terms before redistribution,2026-09-13,ClavisAngemon
BT25-043.jpg,tcg_identifier,train,digimon,digimon,digimoncard.io:BT25-043,digimoncard.io public API — verify digimoncard.io/api-documentation terms before redistribution,2026-09-13,Habakirimon
BT25-072.jpg,tcg_identifier,train,digimon,digimon,digimoncard.io:BT25-072,digimoncard.io public API — verify digimoncard.io/api-documentation terms before redistribution,2026-09-13,Shutmon
BT25-073.jpg,tcg_identifier,train,digimon,digimon,digimoncard.io:BT25-073,digimoncard.io public API — verify digimoncard.io/api-documentation terms before redistribution,2026-09-13,Dragomon
BT26-035.jpg,tcg_identifier,train,digimon,digimon,digimoncard.io:BT26-035,digimoncard.io public API — verify digimoncard.io/api-documentation terms before redistribution,2026-09-13,Morphomon
BT26-040.jpg,tcg_identifier,train,digimon,digimon,digimoncard.io:BT26-040,digimoncard.io public API — verify digimoncard.io/api-documentation terms before redistribution,2026-09-13,Drimogemon
BT26-051.jpg,tcg_identifier,train,digimon,digimon,digimoncard.io:BT26-051,digimoncard.io public API — verify digimoncard.io/api-documentation terms before redistribution,2026-09-13,Gomimon
BT26-058.jpg,tcg_identifier,train,digimon,digimon,digimoncard.io:BT26-058,digimoncard.io public API — verify digimoncard.io/api-documentation terms before redistribution,2026-09-13,HiAndromon
BT26-075.jpg,tcg_identifier,train,digimon,digimon,digimoncard.io:BT26-075,digimoncard.io public API — verify digimoncard.io/api-documentation terms before redistribution,2026-09-10,
BT26-086.jpg,tcg_identifier,train,digimon,digimon,digimoncard.io:BT26-086,digimoncard.io public API — verify digimoncard.io/api-documentation terms before redistribution,2026-09-10,
BT26-092.jpg,tcg_identifier,train,digimon,digimon,digimoncard.io:BT26-092,digimoncard.io public API — verify digimoncard.io/api-documentation terms before redistribution,2026-09-13,Shota Kuroi
BT26-094.jpg,tcg_identifier,train,digimon,digimon,digimoncard.io:BT26-094,digimoncard.io public API — verify digimoncard.io/api-documentation terms before redistribution,2026-09-13,Keenan Crier
BT26-097.jpg,tcg_identifier,train,digimon,digimon,digimoncard.io:BT26-097,digimoncard.io public API — verify digimoncard.io/api-documentation terms before redistribution,2026-09-13,The Thunder Emperor Awakens
BT3-019.jpg,tcg_identifier,train,digimon,digimon,digimoncard.io:BT3-019,digimoncard.io public API — verify digimoncard.io/api-documentation terms before redistribution,2026-09-13,RagnaLoardmon
BT3-068.jpg,tcg_identifier,train,digimon,digimon,digimoncard.io:BT3-068,digimoncard.io public API — verify digimoncard.io/api-documentation terms before redistribution,2026-09-13,Giromon
BT3-069.jpg,tcg_identifier,train,digimon,digimon,digimoncard.io:BT3-069,digimoncard.io public API — verify digimoncard.io/api-documentation terms before redistribution,2026-09-13,RaijiLudomon
BT3-098.jpg,tcg_identifier,train,digimon,digimon,digimoncard.io:BT3-098,digimoncard.io public API — verify digimoncard.io/api-documentation terms before redistribution,2026-09-13,Plasma Stake
BT3-108.jpg,tcg_identifier,train,digimon,digimon,digimoncard.io:BT3-108,digimoncard.io public API — verify digimoncard.io/api-documentation terms before redistribution,2026-09-10,
BT3-111.jpg,tcg_identifier,train,digimon,digimon,digimoncard.io:BT3-111,digimoncard.io public API — verify digimoncard.io/api-documentation terms before redistribution,2026-09-13,Imperialdramon Dragon Mode
BT4-032.jpg,tcg_identifier,train,digimon,digimon,digimoncard.io:BT4-032,digimoncard.io public API — verify digimoncard.io/api-documentation terms before redistribution,2026-09-13,MachGaogamon
BT4-036.jpg,tcg_identifier,train,digimon,digimon,digimoncard.io:BT4-036,digimoncard.io public API — verify digimoncard.io/api-documentation terms before redistribution,2026-09-13,Falcomon
BT4-039.jpg,tcg_identifier,train,digimon,digimon,digimoncard.io:BT4-039,digimoncard.io public API — verify digimoncard.io/api-documentation terms before redistribution,2026-09-13,Growlmon
BT4-078.jpg,tcg_identifier,train,digimon,digimon,digimoncard.io:BT4-078,digimoncard.io public API — verify digimoncard.io/api-documentation terms before redistribution,2026-09-13,Soundbirdmon
BT5-010.jpg,tcg_identifier,train,digimon,digimon,digimoncard.io:BT5-010,digimoncard.io public API — verify digimoncard.io/api-documentation terms before redistribution,2026-09-13,Greymon
BT5-039.jpg,tcg_identifier,train,digimon,digimon,digimoncard.io:BT5-039,digimoncard.io public API — verify digimoncard.io/api-documentation terms before redistribution,2026-09-13,ShootingStarmon
BT5-054.jpg,tcg_identifier,train,digimon,digimon,digimoncard.io:BT5-054,digimoncard.io public API — verify digimoncard.io/api-documentation terms before redistribution,2026-09-13,Piximon
BT5-066.jpg,tcg_identifier,train,digimon,digimon,digimoncard.io:BT5-066,digimoncard.io public API — verify digimoncard.io/api-documentation terms before redistribution,2026-09-13,WaruMonzaemon
BT5-069.jpg,tcg_identifier,train,digimon,digimon,digimoncard.io:BT5-069,digimoncard.io public API — verify digimoncard.io/api-documentation terms before redistribution,2026-09-13,BlackWarGreymon
BT5-080.jpg,tcg_identifier,train,digimon,digimon,digimoncard.io:BT5-080,digimoncard.io public API — verify digimoncard.io/api-documentation terms before redistribution,2026-09-13,Zanbamon
BT5-107.jpg,tcg_identifier,train,digimon,digimon,digimoncard.io:BT5-107,digimoncard.io public API — verify digimoncard.io/api-documentation terms before redistribution,2026-09-13,Revive From the Darkness!
BT6-026.jpg,tcg_identifier,train,digimon,digimon,digimoncard.io:BT6-026,digimoncard.io public API — verify digimoncard.io/api-documentation terms before redistribution,2026-09-13,Dragomon
BT6-038.jpg,tcg_identifier,train,digimon,digimon,digimoncard.io:BT6-038,digimoncard.io public API — verify digimoncard.io/api-documentation terms before redistribution,2026-09-13,Apemon
BT6-078.jpg,tcg_identifier,train,digimon,digimon,digimoncard.io:BT6-078,digimoncard.io public API — verify digimoncard.io/api-documentation terms before redistribution,2026-09-13,SkullGreymon
BT6-091.jpg,tcg_identifier,train,digimon,digimon,digimoncard.io:BT6-091,digimoncard.io public API — verify digimoncard.io/api-documentation terms before redistribution,2026-09-13,Sora Takenouchi & Mimi Tachikawa
BT7-004.jpg,tcg_identifier,train,digimon,digimon,digimoncard.io:BT7-004,digimoncard.io public API — verify digimoncard.io/api-documentation terms before redistribution,2026-09-13,Koromon
BT7-008.jpg,tcg_identifier,train,digimon,digimon,digimoncard.io:BT7-008,digimoncard.io public API — verify digimoncard.io/api-documentation terms before redistribution,2026-09-13,Flamemon
BT7-064.jpg,tcg_identifier,train,digimon,digimon,digimoncard.io:BT7-064,digimoncard.io public API — verify digimoncard.io/api-documentation terms before redistribution,2026-09-13,DoruGreymon
BT7-082.jpg,tcg_identifier,train,digimon,digimon,digimoncard.io:BT7-082,digimoncard.io public API — verify digimoncard.io/api-documentation terms before redistribution,2026-09-13,Sistermon Blanc (Awakened)
BT8-047.jpg,tcg_identifier,train,digimon,digimon,digimoncard.io:BT8-047,digimoncard.io public API — verify digimoncard.io/api-documentation terms before redistribution,2026-09-13,Pulsemon
BT8-049.jpg,tcg_identifier,train,digimon,digimon,digimoncard.io:BT8-049,digimoncard.io public API — verify digimoncard.io/api-documentation terms before redistribution,2026-09-13,Namakemon
BT8-050.jpg,tcg_identifier,train,digimon,digimon,digimoncard.io:BT8-050,digimoncard.io public API — verify digimoncard.io/api-documentation terms before redistribution,2026-09-13,Exermon
BT8-056.jpg,tcg_identifier,train,digimon,digimon,digimoncard.io:BT8-056,digimoncard.io public API — verify digimoncard.io/api-documentation terms before redistribution,2026-09-13,Spinomon
BT8-109.jpg,tcg_identifier,train,digimon,digimon,digimoncard.io:BT8-109,digimoncard.io public API — verify digimoncard.io/api-documentation terms before redistribution,2026-09-13,Flame Hellscythe
BT9-050.jpg,tcg_identifier,train,digimon,digimon,digimoncard.io:BT9-050,digimoncard.io public API — verify digimoncard.io/api-documentation terms before redistribution,2026-09-13,Leomon (X Antibody)
BT9-081.jpg,tcg_identifier,train,digimon,digimon,digimoncard.io:BT9-081,digimoncard.io public API — verify digimoncard.io/api-documentation terms before redistribution,2026-09-13,DexDorugoramon
BT9-097.jpg,tcg_identifier,train,digimon,digimon,digimoncard.io:BT9-097,digimoncard.io public API — verify digimoncard.io/api-documentation terms before redistribution,2026-09-13,Metal Storm
BT9-100.jpg,tcg_identifier,train,digimon,digimon,digimoncard.io:BT9-100,digimoncard.io public API — verify digimoncard.io/api-documentation terms before redistribution,2026-09-13,Grandis Scissor
EX1-039.jpg,tcg_identifier,train,digimon,digimon,digimoncard.io:EX1-039,digimoncard.io public API — verify digimoncard.io/api-documentation terms before redistribution,2026-09-13,Lillymon
EX1-053.jpg,tcg_identifier,train,digimon,digimon,digimoncard.io:EX1-053,digimoncard.io public API — verify digimoncard.io/api-documentation terms before redistribution,2026-09-13,MetalEtemon
EX10-004.jpg,tcg_identifier,train,digimon,digimon,digimoncard.io:EX10-004,digimoncard.io public API — verify digimoncard.io/api-documentation terms before redistribution,2026-09-13,Cupimon
EX10-025.jpg,tcg_identifier,train,digimon,digimon,digimoncard.io:EX10-025,digimoncard.io public API — verify digimoncard.io/api-documentation terms before redistribution,2026-09-13,Sunarizamon
EX10-031.jpg,tcg_identifier,train,digimon,digimon,digimoncard.io:EX10-031,digimoncard.io public API — verify digimoncard.io/api-documentation terms before redistribution,2026-09-13,DarkKnightmon
EX10-047.jpg,tcg_identifier,train,digimon,digimon,digimoncard.io:EX10-047,digimoncard.io public API — verify digimoncard.io/api-documentation terms before redistribution,2026-09-13,Arukenimon
EX10-061.jpg,tcg_identifier,train,digimon,digimon,digimoncard.io:EX10-061,digimoncard.io public API — verify digimoncard.io/api-documentation terms before redistribution,2026-09-13,Apocalymon
EX11-025.jpg,tcg_identifier,train,digimon,digimon,digimoncard.io:EX11-025,digimoncard.io public API — verify digimoncard.io/api-documentation terms before redistribution,2026-09-13,FunBeemon
EX11-030.jpg,tcg_identifier,train,digimon,digimon,digimoncard.io:EX11-030,digimoncard.io public API — verify digimoncard.io/api-documentation terms before redistribution,2026-09-13,ForgeBeemon
EX11-056.jpg,tcg_identifier,train,digimon,digimon,digimoncard.io:EX11-056,digimoncard.io public API — verify digimoncard.io/api-documentation terms before redistribution,2026-09-13,Ryutaro Williams
EX11-061.jpg,tcg_identifier,train,digimon,digimon,digimoncard.io:EX11-061,digimoncard.io public API — verify digimoncard.io/api-documentation terms before redistribution,2026-09-13,Mirai Kinosaki
EX11-063.jpg,tcg_identifier,train,digimon,digimon,digimoncard.io:EX11-063,digimoncard.io public API — verify digimoncard.io/api-documentation terms before redistribution,2026-09-13,Winr
EX11-073.jpg,tcg_identifier,train,digimon,digimon,digimoncard.io:EX11-073,digimoncard.io public API — verify digimoncard.io/api-documentation terms before redistribution,2026-09-13,ExMaquinamon
EX11-074.jpg,tcg_identifier,train,digimon,digimon,digimoncard.io:EX11-074,digimoncard.io public API — verify digimoncard.io/api-documentation terms before redistribution,2026-09-13,Vortexdramon
EX12-005.jpg,tcg_identifier,train,digimon,digimon,digimoncard.io:EX12-005,digimoncard.io public API — verify digimoncard.io/api-documentation terms before redistribution,2026-09-13,Agumon
EX12-040.jpg,tcg_identifier,train,digimon,digimon,digimoncard.io:EX12-040,digimoncard.io public API — verify digimoncard.io/api-documentation terms before redistribution,2026-09-13,Salamon
EX12-052.jpg,tcg_identifier,train,digimon,digimon,digimoncard.io:EX12-052,digimoncard.io public API — verify digimoncard.io/api-documentation terms before redistribution,2026-09-13,Diarbbitmon
EX12-063.jpg,tcg_identifier,train,digimon,digimon,digimoncard.io:EX12-063,digimoncard.io public API — verify digimoncard.io/api-documentation terms before redistribution,2026-09-13,Karakurumon
EX13-015.jpg,tcg_identifier,train,digimon,digimon,digimoncard.io:EX13-015,digimoncard.io public API — verify digimoncard.io/api-documentation terms before redistribution,2026-09-13,Gallantmon
EX13-026.jpg,tcg_identifier,train,digimon,digimon,digimoncard.io:EX13-026,digimoncard.io public API — verify digimoncard.io/api-documentation terms before redistribution,2026-09-13,Kudamon
EX3-004.jpg,tcg_identifier,train,digimon,digimon,digimoncard.io:EX3-004,digimoncard.io public API — verify digimoncard.io/api-documentation terms before redistribution,2026-09-13,Veemon
EX3-030.jpg,tcg_identifier,train,digimon,digimon,digimoncard.io:EX3-030,digimoncard.io public API — verify digimoncard.io/api-documentation terms before redistribution,2026-09-13,Gatomon
EX3-037.jpg,tcg_identifier,train,digimon,digimon,digimoncard.io:EX3-037,digimoncard.io public API — verify digimoncard.io/api-documentation terms before redistribution,2026-09-13,Dracomon
EX3-052.jpg,tcg_identifier,train,digimon,digimon,digimoncard.io:EX3-052,digimoncard.io public API — verify digimoncard.io/api-documentation terms before redistribution,2026-09-13,Jazarichmon
EX3-067.jpg,tcg_identifier,train,digimon,digimon,digimoncard.io:EX3-067,digimoncard.io public API — verify digimoncard.io/api-documentation terms before redistribution,2026-09-13,Sourai
EX3-069.jpg,tcg_identifier,train,digimon,digimon,digimoncard.io:EX3-069,digimoncard.io public API — verify digimoncard.io/api-documentation terms before redistribution,2026-09-13,Trial of the Four Great Dragons
EX3-070.jpg,tcg_identifier,train,digimon,digimon,digimoncard.io:EX3-070,digimoncard.io public API — verify digimoncard.io/api-documentation terms before redistribution,2026-09-13,Avalon's Gate
EX4-001.jpg,tcg_identifier,train,digimon,digimon,digimoncard.io:EX4-001,digimoncard.io public API — verify digimoncard.io/api-documentation terms before redistribution,2026-09-13,Missimon
EX4-009.jpg,tcg_identifier,train,digimon,digimon,digimoncard.io:EX4-009,digimoncard.io public API — verify digimoncard.io/api-documentation terms before redistribution,2026-09-13,RizeGreymon
EX4-010.jpg,tcg_identifier,train,digimon,digimon,digimoncard.io:EX4-010,digimoncard.io public API — verify digimoncard.io/api-documentation terms before redistribution,2026-09-13,BlackWarGrowlmon
EX4-026.jpg,tcg_identifier,train,digimon,digimon,digimoncard.io:EX4-026,digimoncard.io public API — verify digimoncard.io/api-documentation terms before redistribution,2026-09-13,Youkomon
EX4-044.jpg,tcg_identifier,train,digimon,digimon,digimoncard.io:EX4-044,digimoncard.io public API — verify digimoncard.io/api-documentation terms before redistribution,2026-09-13,Greymon
EX4-049.jpg,tcg_identifier,train,digimon,digimon,digimoncard.io:EX4-049,digimoncard.io public API — verify digimoncard.io/api-documentation terms before redistribution,2026-09-13,CresGarurumon
EX5-013.jpg,tcg_identifier,train,digimon,digimon,digimoncard.io:EX5-013,digimoncard.io public API — verify digimoncard.io/api-documentation terms before redistribution,2026-09-13,Zhuqiaomon
EX5-031.jpg,tcg_identifier,train,digimon,digimon,digimoncard.io:EX5-031,digimoncard.io public API — verify digimoncard.io/api-documentation terms before redistribution,2026-09-13,Chirinmon
EX5-045.jpg,tcg_identifier,train,digimon,digimon,digimoncard.io:EX5-045,digimoncard.io public API — verify digimoncard.io/api-documentation terms before redistribution,2026-09-13,Chuumon
EX5-053.jpg,tcg_identifier,train,digimon,digimon,digimoncard.io:EX5-053,digimoncard.io public API — verify digimoncard.io/api-documentation terms before redistribution,2026-09-13,Baihumon
EX6-029.jpg,tcg_identifier,train,digimon,digimon,digimoncard.io:EX6-029,digimoncard.io public API — verify digimoncard.io/api-documentation terms before redistribution,2026-09-13,Mastemon
EX6-058.jpg,tcg_identifier,train,digimon,digimon,digimoncard.io:EX6-058,digimoncard.io public API — verify digimoncard.io/api-documentation terms before redistribution,2026-09-13,Creepymon
EX7-013.jpg,tcg_identifier,train,digimon,digimon,digimoncard.io:EX7-013,digimoncard.io public API — verify digimoncard.io/api-documentation terms before redistribution,2026-09-13,MagnaKidmon
EX7-022.jpg,tcg_identifier,train,digimon,digimon,digimoncard.io:EX7-022,digimoncard.io public API — verify digimoncard.io/api-documentation terms before redistribution,2026-09-13,ShogunGekomon
EX7-023.jpg,tcg_identifier,train,digimon,digimon,digimoncard.io:EX7-023,digimoncard.io public API — verify digimoncard.io/api-documentation terms before redistribution,2026-09-13,Hexeblaumon
EX7-030.jpg,tcg_identifier,train,digimon,digimon,digimoncard.io:EX7-030,digimoncard.io public API — verify digimoncard.io/api-documentation terms before redistribution,2026-09-13,Cendrillmon
EX7-034.jpg,tcg_identifier,train,digimon,digimon,digimoncard.io:EX7-034,digimoncard.io public API — verify digimoncard.io/api-documentation terms before redistribution,2026-09-13,GrandGalemon
EX7-050.jpg,tcg_identifier,train,digimon,digimon,digimoncard.io:EX7-050,digimoncard.io public API — verify digimoncard.io/api-documentation terms before redistribution,2026-09-13,Impmon
EX7-062.jpg,tcg_identifier,train,digimon,digimon,digimoncard.io:EX7-062,digimoncard.io public API — verify digimoncard.io/api-documentation terms before redistribution,2026-09-13,HeavyMetaldramon
EX7-070.jpg,tcg_identifier,train,digimon,digimon,digimoncard.io:EX7-070,digimoncard.io public API — verify digimoncard.io/api-documentation terms before redistribution,2026-09-13,Der Blitz
EX8-015.jpg,tcg_identifier,train,digimon,digimon,digimoncard.io:EX8-015,digimoncard.io public API — verify digimoncard.io/api-documentation terms before redistribution,2026-09-13,WarGrowlmon (X Antibody)
EX8-019.jpg,tcg_identifier,train,digimon,digimon,digimoncard.io:EX8-019,digimoncard.io public API — verify digimoncard.io/api-documentation terms before redistribution,2026-09-13,Penguinmon
EX8-037.jpg,tcg_identifier,train,digimon,digimon,digimoncard.io:EX8-037,digimoncard.io public API — verify digimoncard.io/api-documentation terms before redistribution,2026-09-13,Sakuyamon (X Antibody)
EX8-061.jpg,tcg_identifier,train,digimon,digimon,digimoncard.io:EX8-061,digimoncard.io public API — verify digimoncard.io/api-documentation terms before redistribution,2026-09-13,MarineDevimon
EX9-013.jpg,tcg_identifier,train,digimon,digimon,digimoncard.io:EX9-013,digimoncard.io public API — verify digimoncard.io/api-documentation terms before redistribution,2026-09-13,BlitzGreymon
EX9-037.jpg,tcg_identifier,train,digimon,digimon,digimoncard.io:EX9-037,digimoncard.io public API — verify digimoncard.io/api-documentation terms before redistribution,2026-09-13,Kabuterimon
EX9-040.jpg,tcg_identifier,train,digimon,digimon,digimoncard.io:EX9-040,digimoncard.io public API — verify digimoncard.io/api-documentation terms before redistribution,2026-09-13,Parasaurmon
LM-006.jpg,tcg_identifier,train,digimon,digimon,digimoncard.io:LM-006,digimoncard.io public API — verify digimoncard.io/api-documentation terms before redistribution,2026-09-13,Cthyllamon
LM-019.jpg,tcg_identifier,train,digimon,digimon,digimoncard.io:LM-019,digimoncard.io public API — verify digimoncard.io/api-documentation terms before redistribution,2026-09-13,Bokomon
LM-056.jpg,tcg_identifier,train,digimon,digimon,digimoncard.io:LM-056,digimoncard.io public API — verify digimoncard.io/api-documentation terms before redistribution,2026-09-13,Image Training
MO-05.jpg,tcg_identifier,train,digimon,digimon,digimoncard.io:MO-05,digimoncard.io public API — verify digimoncard.io/api-documentation terms before redistribution,2026-09-13,Rapidmon
MO-09.jpg,tcg_identifier,train,digimon,digimon,digimoncard.io:MO-09,digimoncard.io public API — verify digimoncard.io/api-documentation terms before redistribution,2026-09-13,Magnamon
P-002.jpg,tcg_identifier,train,digimon,digimon,digimoncard.io:P-002,digimoncard.io public API — verify digimoncard.io/api-documentation terms before redistribution,2026-09-13,Biyomon
P-016.jpg,tcg_identifier,train,digimon,digimon,digimoncard.io:P-016,digimoncard.io public API — verify digimoncard.io/api-documentation terms before redistribution,2026-09-13,Diaboromon
P-018.jpg,tcg_identifier,train,digimon,digimon,digimoncard.io:P-018,digimoncard.io public API — verify digimoncard.io/api-documentation terms before redistribution,2026-09-13,Devimon
P-019.jpg,tcg_identifier,train,digimon,digimon,digimoncard.io:P-019,digimoncard.io public API — verify digimoncard.io/api-documentation terms before redistribution,2026-09-13,Myotismon
P-056.jpg,tcg_identifier,train,digimon,digimon,digimoncard.io:P-056,digimoncard.io public API — verify digimoncard.io/api-documentation terms before redistribution,2026-09-13,Rosemon
P-062.jpg,tcg_identifier,train,digimon,digimon,digimoncard.io:P-062,digimoncard.io public API — verify digimoncard.io/api-documentation terms before redistribution,2026-09-13,Hiro Amanokawa
P-092.jpg,tcg_identifier,train,digimon,digimon,digimoncard.io:P-092,digimoncard.io public API — verify digimoncard.io/api-documentation terms before redistribution,2026-09-13,Dracomon
P-095.jpg,tcg_identifier,train,digimon,digimon,digimoncard.io:P-095,digimoncard.io public API — verify digimoncard.io/api-documentation terms before redistribution,2026-09-13,Pause Plug-In P
P-106.jpg,tcg_identifier,train,digimon,digimon,digimoncard.io:P-106,digimoncard.io public API — verify digimoncard.io/api-documentation terms before redistribution,2026-09-13,Agility Training
P-108.jpg,tcg_identifier,train,digimon,digimon,digimoncard.io:P-108,digimoncard.io public API — verify digimoncard.io/api-documentation terms before redistribution,2026-09-13,Wisdom Training
P-121.jpg,tcg_identifier,train,digimon,digimon,digimoncard.io:P-121,digimoncard.io public API — verify digimoncard.io/api-documentation terms before redistribution,2026-09-13,Armadillomon
P-140.jpg,tcg_identifier,train,digimon,digimon,digimoncard.io:P-140,digimoncard.io public API — verify digimoncard.io/api-documentation terms before redistribution,2026-09-13,MegaKabuterimon
P-160.jpg,tcg_identifier,train,digimon,digimon,digimoncard.io:P-160,digimoncard.io public API — verify digimoncard.io/api-documentation terms before redistribution,2026-09-13,Tyrannomon (X Antibody)
P-163.jpg,tcg_identifier,train,digimon,digimon,digimoncard.io:P-163,digimoncard.io public API — verify digimoncard.io/api-documentation terms before redistribution,2026-09-13,Dokugumon
P-225.jpg,tcg_identifier,train,digimon,digimon,digimoncard.io:P-225,digimoncard.io public API — verify digimoncard.io/api-documentation terms before redistribution,2026-09-13,DigiLab
P-249.jpg,tcg_identifier,train,digimon,digimon,digimoncard.io:P-249,digimoncard.io public API — verify digimoncard.io/api-documentation terms before redistribution,2026-09-13,Strabimon
RB1-036.jpg,tcg_identifier,train,digimon,digimon,digimoncard.io:RB1-036,digimoncard.io public API — verify digimoncard.io/api-documentation terms before redistribution,2026-09-13,Proximamon
ST-05.jpg,tcg_identifier,train,digimon,digimon,digimoncard.io:ST-05,digimoncard.io public API — verify digimoncard.io/api-documentation terms before redistribution,2026-09-13,Gabumon
ST-66.jpg,tcg_identifier,train,digimon,digimon,digimoncard.io:ST-66,digimoncard.io public API — verify digimoncard.io/api-documentation terms before redistribution,2026-09-13,Goburimon
ST-71.jpg,tcg_identifier,train,digimon,digimon,digimoncard.io:ST-71,digimoncard.io public API — verify digimoncard.io/api-documentation terms before redistribution,2026-09-13,Mekanorimon
ST12-02.jpg,tcg_identifier,train,digimon,digimon,digimoncard.io:ST12-02,digimoncard.io public API — verify digimoncard.io/api-documentation terms before redistribution,2026-09-13,Candlemon
ST14-12.jpg,tcg_identifier,train,digimon,digimon,digimoncard.io:ST14-12,digimoncard.io public API — verify digimoncard.io/api-documentation terms before redistribution,2026-09-13,Rivals' Barrage
ST16-12.jpg,tcg_identifier,train,digimon,digimon,digimoncard.io:ST16-12,digimoncard.io public API — verify digimoncard.io/api-documentation terms before redistribution,2026-09-13,MetalGarurumon
ST17-04.jpg,tcg_identifier,train,digimon,digimon,digimoncard.io:ST17-04,digimoncard.io public API — verify digimoncard.io/api-documentation terms before redistribution,2026-09-13,Wendigomon
ST18-02.jpg,tcg_identifier,train,digimon,digimon,digimoncard.io:ST18-02,digimoncard.io public API — verify digimoncard.io/api-documentation terms before redistribution,2026-09-13,Biyomon
ST18-09.jpg,tcg_identifier,train,digimon,digimon,digimoncard.io:ST18-09,digimoncard.io public API — verify digimoncard.io/api-documentation terms before redistribution,2026-09-13,Deramon
ST18-15.jpg,tcg_identifier,train,digimon,digimon,digimoncard.io:ST18-15,digimoncard.io public API — verify digimoncard.io/api-documentation terms before redistribution,2026-09-13,Anemoi Embrace
ST19-05.jpg,tcg_identifier,train,digimon,digimon,digimoncard.io:ST19-05,digimoncard.io public API — verify digimoncard.io/api-documentation terms before redistribution,2026-09-13,PawnChessmon
ST2-02.jpg,tcg_identifier,train,digimon,digimon,digimoncard.io:ST2-02,digimoncard.io public API — verify digimoncard.io/api-documentation terms before redistribution,2026-09-13,Gomamon
ST2-04.jpg,tcg_identifier,train,digimon,digimon,digimoncard.io:ST2-04,digimoncard.io public API — verify digimoncard.io/api-documentation terms before redistribution,2026-09-13,Bearmon
ST20-11.jpg,tcg_identifier,train,digimon,digimon,digimoncard.io:ST20-11,digimoncard.io public API — verify digimoncard.io/api-documentation terms before redistribution,2026-09-13,WarGreymon
ST21-15.jpg,tcg_identifier,train,digimon,digimon,digimoncard.io:ST21-15,digimoncard.io public API — verify digimoncard.io/api-documentation terms before redistribution,2026-09-13,Gennai's House
ST24-14.jpg,tcg_identifier,train,digimon,digimon,digimoncard.io:ST24-14,digimoncard.io public API — verify digimoncard.io/api-documentation terms before redistribution,2026-09-13,Yoshino Fujieda & Keenan Crier
ST3-14.jpg,tcg_identifier,train,digimon,digimon,digimoncard.io:ST3-14,digimoncard.io public API — verify digimoncard.io/api-documentation terms before redistribution,2026-09-13,Heaven's Charm
ST5-16.jpg,tcg_identifier,train,digimon,digimon,digimoncard.io:ST5-16,digimoncard.io public API — verify digimoncard.io/api-documentation terms before redistribution,2026-09-13,Dark Side Attack
E-156.webp,tcg_identifier,test,dragon_ball_super,dragon_ball_super,dbs-cardgame.com:E-156,dbs-cardgame.com official card list — verify site terms before redistribution,2026-09-13,E-156
E-84.webp,tcg_identifier,test,dragon_ball_super,dragon_ball_super,dbs-cardgame.com:E-84,dbs-cardgame.com official card list — verify site terms before redistribution,2026-09-13,E-84
FB01-070.webp,tcg_identifier,test,dragon_ball_super,dragon_ball_super,dbs-cardgame.com:FB01-070,dbs-cardgame.com official card list — verify site terms before redistribution,2026-09-13,FB01-070
FB01-134.webp,tcg_identifier,test,dragon_ball_super,dragon_ball_super,dbs-cardgame.com:FB01-134,dbs-cardgame.com official card list — verify site terms before redistribution,2026-09-13,FB01-134
FB02-014.webp,tcg_identifier,test,dragon_ball_super,dragon_ball_super,dbs-cardgame.com:FB02-014,dbs-cardgame.com official card list — verify site terms before redistribution,2026-09-13,FB02-014
FB02-037.webp,tcg_identifier,test,dragon_ball_super,dragon_ball_super,dbs-cardgame.com:FB02-037,dbs-cardgame.com official card list — verify site terms before redistribution,2026-09-13,FB02-037
FB02-041.webp,tcg_identifier,test,dragon_ball_super,dragon_ball_super,dbs-cardgame.com:FB02-041,dbs-cardgame.com official card list — verify site terms before redistribution,2026-09-13,FB02-041
FB02-125.webp,tcg_identifier,test,dragon_ball_super,dragon_ball_super,dbs-cardgame.com:FB02-125,dbs-cardgame.com official card list — verify site terms before redistribution,2026-09-13,FB02-125
FB03-062.webp,tcg_identifier,test,dragon_ball_super,dragon_ball_super,dbs-cardgame.com:FB03-062,dbs-cardgame.com official card list — verify site terms before redistribution,2026-09-13,FB03-062
FB03-063.webp,tcg_identifier,test,dragon_ball_super,dragon_ball_super,dbs-cardgame.com:FB03-063,dbs-cardgame.com official card list — verify site terms before redistribution,2026-09-13,FB03-063
FB03-067.webp,tcg_identifier,test,dragon_ball_super,dragon_ball_super,dbs-cardgame.com:FB03-067,dbs-cardgame.com official card list — verify site terms before redistribution,2026-09-13,FB03-067
FB03-117.webp,tcg_identifier,test,dragon_ball_super,dragon_ball_super,dbs-cardgame.com:FB03-117,dbs-cardgame.com official card list — verify site terms before redistribution,2026-09-13,FB03-117
FB03-118.webp,tcg_identifier,test,dragon_ball_super,dragon_ball_super,dbs-cardgame.com:FB03-118,dbs-cardgame.com official card list — verify site terms before redistribution,2026-09-13,FB03-118
FB03-127.webp,tcg_identifier,test,dragon_ball_super,dragon_ball_super,dbs-cardgame.com:FB03-127,dbs-cardgame.com official card list — verify site terms before redistribution,2026-09-13,FB03-127
FB04-062.webp,tcg_identifier,test,dragon_ball_super,dragon_ball_super,dbs-cardgame.com:FB04-062,dbs-cardgame.com official card list — verify site terms before redistribution,2026-09-13,FB04-062
FB04-092.webp,tcg_identifier,test,dragon_ball_super,dragon_ball_super,dbs-cardgame.com:FB04-092,dbs-cardgame.com official card list — verify site terms before redistribution,2026-09-13,FB04-092
FB04-100.webp,tcg_identifier,test,dragon_ball_super,dragon_ball_super,dbs-cardgame.com:FB04-100,dbs-cardgame.com official card list — verify site terms before redistribution,2026-09-13,FB04-100
FB04-104.webp,tcg_identifier,test,dragon_ball_super,dragon_ball_super,dbs-cardgame.com:FB04-104,dbs-cardgame.com official card list — verify site terms before redistribution,2026-09-13,FB04-104
FB06-026.webp,tcg_identifier,test,dragon_ball_super,dragon_ball_super,dbs-cardgame.com:FB06-026,dbs-cardgame.com official card list — verify site terms before redistribution,2026-09-13,FB06-026
FB06-047.webp,tcg_identifier,test,dragon_ball_super,dragon_ball_super,dbs-cardgame.com:FB06-047,dbs-cardgame.com official card list — verify site terms before redistribution,2026-09-13,FB06-047
FB06-076.webp,tcg_identifier,test,dragon_ball_super,dragon_ball_super,dbs-cardgame.com:FB06-076,dbs-cardgame.com official card list — verify site terms before redistribution,2026-09-13,FB06-076
FB06-116.webp,tcg_identifier,test,dragon_ball_super,dragon_ball_super,dbs-cardgame.com:FB06-116,dbs-cardgame.com official card list — verify site terms before redistribution,2026-09-13,FB06-116
FB06-117.webp,tcg_identifier,test,dragon_ball_super,dragon_ball_super,dbs-cardgame.com:FB06-117,dbs-cardgame.com official card list — verify site terms before redistribution,2026-09-13,FB06-117
FB07-006.webp,tcg_identifier,test,dragon_ball_super,dragon_ball_super,dbs-cardgame.com:FB07-006,dbs-cardgame.com official card list — verify site terms before redistribution,2026-09-13,FB07-006
FB07-028.webp,tcg_identifier,test,dragon_ball_super,dragon_ball_super,dbs-cardgame.com:FB07-028,dbs-cardgame.com official card list — verify site terms before redistribution,2026-09-13,FB07-028
FB07-031.webp,tcg_identifier,test,dragon_ball_super,dragon_ball_super,dbs-cardgame.com:FB07-031,dbs-cardgame.com official card list — verify site terms before redistribution,2026-09-13,FB07-031
FB07-041.webp,tcg_identifier,test,dragon_ball_super,dragon_ball_super,dbs-cardgame.com:FB07-041,dbs-cardgame.com official card list — verify site terms before redistribution,2026-09-13,FB07-041
FB07-044.webp,tcg_identifier,test,dragon_ball_super,dragon_ball_super,dbs-cardgame.com:FB07-044,dbs-cardgame.com official card list — verify site terms before redistribution,2026-09-13,FB07-044
FB07-056.webp,tcg_identifier,test,dragon_ball_super,dragon_ball_super,dbs-cardgame.com:FB07-056,dbs-cardgame.com official card list — verify site terms before redistribution,2026-09-13,FB07-056
FB08-009.webp,tcg_identifier,test,dragon_ball_super,dragon_ball_super,dbs-cardgame.com:FB08-009,dbs-cardgame.com official card list — verify site terms before redistribution,2026-09-13,FB08-009
FB08-088.webp,tcg_identifier,test,dragon_ball_super,dragon_ball_super,dbs-cardgame.com:FB08-088,dbs-cardgame.com official card list — verify site terms before redistribution,2026-09-13,FB08-088
FB08-096.webp,tcg_identifier,test,dragon_ball_super,dragon_ball_super,dbs-cardgame.com:FB08-096,dbs-cardgame.com official card list — verify site terms before redistribution,2026-09-13,FB08-096
FB09-005.webp,tcg_identifier,test,dragon_ball_super,dragon_ball_super,dbs-cardgame.com:FB09-005,dbs-cardgame.com official card list — verify site terms before redistribution,2026-09-13,FB09-005
FB09-073.webp,tcg_identifier,test,dragon_ball_super,dragon_ball_super,dbs-cardgame.com:FB09-073,dbs-cardgame.com official card list — verify site terms before redistribution,2026-09-13,FB09-073
FB10-016.webp,tcg_identifier,test,dragon_ball_super,dragon_ball_super,dbs-cardgame.com:FB10-016,dbs-cardgame.com official card list — verify site terms before redistribution,2026-09-13,FB10-016
FB10-020.webp,tcg_identifier,test,dragon_ball_super,dragon_ball_super,dbs-cardgame.com:FB10-020,dbs-cardgame.com official card list — verify site terms before redistribution,2026-09-13,FB10-020
FB10-035.webp,tcg_identifier,test,dragon_ball_super,dragon_ball_super,dbs-cardgame.com:FB10-035,dbs-cardgame.com official card list — verify site terms before redistribution,2026-09-13,FB10-035
FB10-067.webp,tcg_identifier,test,dragon_ball_super,dragon_ball_super,dbs-cardgame.com:FB10-067,dbs-cardgame.com official card list — verify site terms before redistribution,2026-09-13,FB10-067
FB10-085.webp,tcg_identifier,test,dragon_ball_super,dragon_ball_super,dbs-cardgame.com:FB10-085,dbs-cardgame.com official card list — verify site terms before redistribution,2026-09-13,FB10-085
FB10-087.webp,tcg_identifier,test,dragon_ball_super,dragon_ball_super,dbs-cardgame.com:FB10-087,dbs-cardgame.com official card list — verify site terms before redistribution,2026-09-13,FB10-087
FB11-003.webp,tcg_identifier,test,dragon_ball_super,dragon_ball_super,dbs-cardgame.com:FB11-003,dbs-cardgame.com official card list — verify site terms before redistribution,2026-09-13,FB11-003
FB11-033.webp,tcg_identifier,test,dragon_ball_super,dragon_ball_super,dbs-cardgame.com:FB11-033,dbs-cardgame.com official card list — verify site terms before redistribution,2026-09-13,FB11-033
FB11-045.webp,tcg_identifier,test,dragon_ball_super,dragon_ball_super,dbs-cardgame.com:FB11-045,dbs-cardgame.com official card list — verify site terms before redistribution,2026-09-13,FB11-045
FB11-095.webp,tcg_identifier,test,dragon_ball_super,dragon_ball_super,dbs-cardgame.com:FB11-095,dbs-cardgame.com official card list — verify site terms before redistribution,2026-09-13,FB11-095
FB11-098.webp,tcg_identifier,test,dragon_ball_super,dragon_ball_super,dbs-cardgame.com:FB11-098,dbs-cardgame.com official card list — verify site terms before redistribution,2026-09-13,FB11-098
FB11-109.webp,tcg_identifier,test,dragon_ball_super,dragon_ball_super,dbs-cardgame.com:FB11-109,dbs-cardgame.com official card list — verify site terms before redistribution,2026-09-13,FB11-109
FB11-119.webp,tcg_identifier,test,dragon_ball_super,dragon_ball_super,dbs-cardgame.com:FB11-119,dbs-cardgame.com official card list — verify site terms before redistribution,2026-09-13,FB11-119
FS07-08.webp,tcg_identifier,test,dragon_ball_super,dragon_ball_super,dbs-cardgame.com:FS07-08,dbs-cardgame.com official card list — verify site terms before redistribution,2026-09-13,FS07-08
FS09-04.webp,tcg_identifier,test,dragon_ball_super,dragon_ball_super,dbs-cardgame.com:FS09-04,dbs-cardgame.com official card list — verify site terms before redistribution,2026-09-13,FS09-04
FS09-11.webp,tcg_identifier,test,dragon_ball_super,dragon_ball_super,dbs-cardgame.com:FS09-11,dbs-cardgame.com official card list — verify site terms before redistribution,2026-09-13,FS09-11
FS11-16.webp,tcg_identifier,test,dragon_ball_super,dragon_ball_super,dbs-cardgame.com:FS11-16,dbs-cardgame.com official card list — verify site terms before redistribution,2026-09-13,FS11-16
SB01-056.webp,tcg_identifier,test,dragon_ball_super,dragon_ball_super,dbs-cardgame.com:SB01-056,dbs-cardgame.com official card list — verify site terms before redistribution,2026-09-13,SB01-056
SB02-005.webp,tcg_identifier,test,dragon_ball_super,dragon_ball_super,dbs-cardgame.com:SB02-005,dbs-cardgame.com official card list — verify site terms before redistribution,2026-09-13,SB02-005
SB02-021.webp,tcg_identifier,test,dragon_ball_super,dragon_ball_super,dbs-cardgame.com:SB02-021,dbs-cardgame.com official card list — verify site terms before redistribution,2026-09-13,SB02-021
SB02-059.webp,tcg_identifier,test,dragon_ball_super,dragon_ball_super,dbs-cardgame.com:SB02-059,dbs-cardgame.com official card list — verify site terms before redistribution,2026-09-13,SB02-059
ST01-011.webp,tcg_identifier,test,dragon_ball_super,dragon_ball_super,dbs-cardgame.com:ST01-011,dbs-cardgame.com official card list — verify site terms before redistribution,2026-09-13,ST01-011
ST01-023.webp,tcg_identifier,test,dragon_ball_super,dragon_ball_super,dbs-cardgame.com:ST01-023,dbs-cardgame.com official card list — verify site terms before redistribution,2026-09-13,ST01-023
ST01-033.webp,tcg_identifier,test,dragon_ball_super,dragon_ball_super,dbs-cardgame.com:ST01-033,dbs-cardgame.com official card list — verify site terms before redistribution,2026-09-13,ST01-033
ST01-069.webp,tcg_identifier,test,dragon_ball_super,dragon_ball_super,dbs-cardgame.com:ST01-069,dbs-cardgame.com official card list — verify site terms before redistribution,2026-09-13,ST01-069
ST01-071.webp,tcg_identifier,test,dragon_ball_super,dragon_ball_super,dbs-cardgame.com:ST01-071,dbs-cardgame.com official card list — verify site terms before redistribution,2026-09-13,ST01-071
E-118.webp,tcg_identifier,train,dragon_ball_super,dragon_ball_super,dbs-cardgame.com:E-118,dbs-cardgame.com official card list — verify site terms before redistribution,2026-09-13,E-118
E-48.webp,tcg_identifier,train,dragon_ball_super,dragon_ball_super,dbs-cardgame.com:E-48,dbs-cardgame.com official card list — verify site terms before redistribution,2026-09-13,E-48
E-77.webp,tcg_identifier,train,dragon_ball_super,dragon_ball_super,dbs-cardgame.com:E-77,dbs-cardgame.com official card list — verify site terms before redistribution,2026-09-13,E-77
E-78.webp,tcg_identifier,train,dragon_ball_super,dragon_ball_super,dbs-cardgame.com:E-78,dbs-cardgame.com official card list — verify site terms before redistribution,2026-09-13,E-78
E-90.webp,tcg_identifier,train,dragon_ball_super,dragon_ball_super,dbs-cardgame.com:E-90,dbs-cardgame.com official card list — verify site terms before redistribution,2026-09-13,E-90
FB01-006.webp,tcg_identifier,train,dragon_ball_super,dragon_ball_super,dbs-cardgame.com:FB01-006,dbs-cardgame.com official card list — verify site terms before redistribution,2026-09-13,FB01-006
FB01-018.webp,tcg_identifier,train,dragon_ball_super,dragon_ball_super,dbs-cardgame.com:FB01-018,dbs-cardgame.com official card list — verify site terms before redistribution,2026-09-13,FB01-018
FB01-025.webp,tcg_identifier,train,dragon_ball_super,dragon_ball_super,dbs-cardgame.com:FB01-025,dbs-cardgame.com official card list — verify site terms before redistribution,2026-09-13,FB01-025
FB01-028.webp,tcg_identifier,train,dragon_ball_super,dragon_ball_super,dbs-cardgame.com:FB01-028,dbs-cardgame.com official card list — verify site terms before redistribution,2026-09-13,FB01-028
FB01-029.webp,tcg_identifier,train,dragon_ball_super,dragon_ball_super,dbs-cardgame.com:FB01-029,dbs-cardgame.com official card list — verify site terms before redistribution,2026-09-13,FB01-029
FB01-046.webp,tcg_identifier,train,dragon_ball_super,dragon_ball_super,dbs-cardgame.com:FB01-046,dbs-cardgame.com official card list — verify site terms before redistribution,2026-09-13,FB01-046
FB01-054.webp,tcg_identifier,train,dragon_ball_super,dragon_ball_super,dbs-cardgame.com:FB01-054,dbs-cardgame.com official card list — verify site terms before redistribution,2026-09-13,FB01-054
FB01-061.webp,tcg_identifier,train,dragon_ball_super,dragon_ball_super,dbs-cardgame.com:FB01-061,dbs-cardgame.com official card list — verify site terms before redistribution,2026-09-13,FB01-061
FB01-069.webp,tcg_identifier,train,dragon_ball_super,dragon_ball_super,dbs-cardgame.com:FB01-069,dbs-cardgame.com official card list — verify site terms before redistribution,2026-09-13,FB01-069
FB01-087.webp,tcg_identifier,train,dragon_ball_super,dragon_ball_super,dbs-cardgame.com:FB01-087,dbs-cardgame.com official card list — verify site terms before redistribution,2026-09-13,FB01-087
FB01-092.webp,tcg_identifier,train,dragon_ball_super,dragon_ball_super,dbs-cardgame.com:FB01-092,dbs-cardgame.com official card list — verify site terms before redistribution,2026-09-13,FB01-092
FB01-099.webp,tcg_identifier,train,dragon_ball_super,dragon_ball_super,dbs-cardgame.com:FB01-099,dbs-cardgame.com official card list — verify site terms before redistribution,2026-09-13,FB01-099
FB01-113.webp,tcg_identifier,train,dragon_ball_super,dragon_ball_super,dbs-cardgame.com:FB01-113,dbs-cardgame.com official card list — verify site terms before redistribution,2026-09-13,FB01-113
FB01-116.webp,tcg_identifier,train,dragon_ball_super,dragon_ball_super,dbs-cardgame.com:FB01-116,dbs-cardgame.com official card list — verify site terms before redistribution,2026-09-13,FB01-116
FB01-126.webp,tcg_identifier,train,dragon_ball_super,dragon_ball_super,dbs-cardgame.com:FB01-126,dbs-cardgame.com official card list — verify site terms before redistribution,2026-09-13,FB01-126
FB01-133.webp,tcg_identifier,train,dragon_ball_super,dragon_ball_super,dbs-cardgame.com:FB01-133,dbs-cardgame.com official card list — verify site terms before redistribution,2026-09-13,FB01-133
FB01-137.webp,tcg_identifier,train,dragon_ball_super,dragon_ball_super,dbs-cardgame.com:FB01-137,dbs-cardgame.com official card list — verify site terms before redistribution,2026-09-13,FB01-137
FB01-138.webp,tcg_identifier,train,dragon_ball_super,dragon_ball_super,dbs-cardgame.com:FB01-138,dbs-cardgame.com official card list — verify site terms before redistribution,2026-09-13,FB01-138
FB02-012.webp,tcg_identifier,train,dragon_ball_super,dragon_ball_super,dbs-cardgame.com:FB02-012,dbs-cardgame.com official card list — verify site terms before redistribution,2026-09-13,FB02-012
FB02-017.webp,tcg_identifier,train,dragon_ball_super,dragon_ball_super,dbs-cardgame.com:FB02-017,dbs-cardgame.com official card list — verify site terms before redistribution,2026-09-13,FB02-017
FB02-020.webp,tcg_identifier,train,dragon_ball_super,dragon_ball_super,dbs-cardgame.com:FB02-020,dbs-cardgame.com official card list — verify site terms before redistribution,2026-09-13,FB02-020
FB02-033.webp,tcg_identifier,train,dragon_ball_super,dragon_ball_super,dbs-cardgame.com:FB02-033,dbs-cardgame.com official card list — verify site terms before redistribution,2026-09-13,FB02-033
FB02-043.webp,tcg_identifier,train,dragon_ball_super,dragon_ball_super,dbs-cardgame.com:FB02-043,dbs-cardgame.com official card list — verify site terms before redistribution,2026-09-13,FB02-043
FB02-048.webp,tcg_identifier,train,dragon_ball_super,dragon_ball_super,dbs-cardgame.com:FB02-048,dbs-cardgame.com official card list — verify site terms before redistribution,2026-09-13,FB02-048
FB02-060.webp,tcg_identifier,train,dragon_ball_super,dragon_ball_super,dbs-cardgame.com:FB02-060,dbs-cardgame.com official card list — verify site terms before redistribution,2026-09-13,FB02-060
FB02-068.webp,tcg_identifier,train,dragon_ball_super,dragon_ball_super,dbs-cardgame.com:FB02-068,dbs-cardgame.com official card list — verify site terms before redistribution,2026-09-13,FB02-068
FB02-074.webp,tcg_identifier,train,dragon_ball_super,dragon_ball_super,dbs-cardgame.com:FB02-074,dbs-cardgame.com official card list — verify site terms before redistribution,2026-09-13,FB02-074
FB02-086.webp,tcg_identifier,train,dragon_ball_super,dragon_ball_super,dbs-cardgame.com:FB02-086,dbs-cardgame.com official card list — verify site terms before redistribution,2026-09-13,FB02-086
FB02-094.webp,tcg_identifier,train,dragon_ball_super,dragon_ball_super,dbs-cardgame.com:FB02-094,dbs-cardgame.com official card list — verify site terms before redistribution,2026-09-13,FB02-094
FB02-099.webp,tcg_identifier,train,dragon_ball_super,dragon_ball_super,dbs-cardgame.com:FB02-099,dbs-cardgame.com official card list — verify site terms before redistribution,2026-09-13,FB02-099
FB02-102.webp,tcg_identifier,train,dragon_ball_super,dragon_ball_super,dbs-cardgame.com:FB02-102,dbs-cardgame.com official card list — verify site terms before redistribution,2026-09-13,FB02-102
FB02-113.webp,tcg_identifier,train,dragon_ball_super,dragon_ball_super,dbs-cardgame.com:FB02-113,dbs-cardgame.com official card list — verify site terms before redistribution,2026-09-13,FB02-113
FB02-114.webp,tcg_identifier,train,dragon_ball_super,dragon_ball_super,dbs-cardgame.com:FB02-114,dbs-cardgame.com official card list — verify site terms before redistribution,2026-09-13,FB02-114
FB02-120.webp,tcg_identifier,train,dragon_ball_super,dragon_ball_super,dbs-cardgame.com:FB02-120,dbs-cardgame.com official card list — verify site terms before redistribution,2026-09-13,FB02-120
FB02-126.webp,tcg_identifier,train,dragon_ball_super,dragon_ball_super,dbs-cardgame.com:FB02-126,dbs-cardgame.com official card list — verify site terms before redistribution,2026-09-13,FB02-126
FB02-135.webp,tcg_identifier,train,dragon_ball_super,dragon_ball_super,dbs-cardgame.com:FB02-135,dbs-cardgame.com official card list — verify site terms before redistribution,2026-09-13,FB02-135
FB03-004.webp,tcg_identifier,train,dragon_ball_super,dragon_ball_super,dbs-cardgame.com:FB03-004,dbs-cardgame.com official card list — verify site terms before redistribution,2026-09-13,FB03-004
FB03-006.webp,tcg_identifier,train,dragon_ball_super,dragon_ball_super,dbs-cardgame.com:FB03-006,dbs-cardgame.com official card list — verify site terms before redistribution,2026-09-13,FB03-006
FB03-008.webp,tcg_identifier,train,dragon_ball_super,dragon_ball_super,dbs-cardgame.com:FB03-008,dbs-cardgame.com official card list — verify site terms before redistribution,2026-09-13,FB03-008
FB03-015.webp,tcg_identifier,train,dragon_ball_super,dragon_ball_super,dbs-cardgame.com:FB03-015,dbs-cardgame.com official card list — verify site terms before redistribution,2026-09-13,FB03-015
FB03-028.webp,tcg_identifier,train,dragon_ball_super,dragon_ball_super,dbs-cardgame.com:FB03-028,dbs-cardgame.com official card list — verify site terms before redistribution,2026-09-13,FB03-028
FB03-038.webp,tcg_identifier,train,dragon_ball_super,dragon_ball_super,dbs-cardgame.com:FB03-038,dbs-cardgame.com official card list — verify site terms before redistribution,2026-09-13,FB03-038
FB03-060.webp,tcg_identifier,train,dragon_ball_super,dragon_ball_super,dbs-cardgame.com:FB03-060,dbs-cardgame.com official card list — verify site terms before redistribution,2026-09-13,FB03-060
FB03-070.webp,tcg_identifier,train,dragon_ball_super,dragon_ball_super,dbs-cardgame.com:FB03-070,dbs-cardgame.com official card list — verify site terms before redistribution,2026-09-13,FB03-070
FB03-072.webp,tcg_identifier,train,dragon_ball_super,dragon_ball_super,dbs-cardgame.com:FB03-072,dbs-cardgame.com official card list — verify site terms before redistribution,2026-09-13,FB03-072
FB03-075.webp,tcg_identifier,train,dragon_ball_super,dragon_ball_super,dbs-cardgame.com:FB03-075,dbs-cardgame.com official card list — verify site terms before redistribution,2026-09-13,FB03-075
FB03-077.webp,tcg_identifier,train,dragon_ball_super,dragon_ball_super,dbs-cardgame.com:FB03-077,dbs-cardgame.com official card list — verify site terms before redistribution,2026-09-13,FB03-077
FB03-079.webp,tcg_identifier,train,dragon_ball_super,dragon_ball_super,dbs-cardgame.com:FB03-079,dbs-cardgame.com official card list — verify site terms before redistribution,2026-09-13,FB03-079
FB03-084.webp,tcg_identifier,train,dragon_ball_super,dragon_ball_super,dbs-cardgame.com:FB03-084,dbs-cardgame.com official card list — verify site terms before redistribution,2026-09-13,FB03-084
FB03-086.webp,tcg_identifier,train,dragon_ball_super,dragon_ball_super,dbs-cardgame.com:FB03-086,dbs-cardgame.com official card list — verify site terms before redistribution,2026-09-13,FB03-086
FB03-089.webp,tcg_identifier,train,dragon_ball_super,dragon_ball_super,dbs-cardgame.com:FB03-089,dbs-cardgame.com official card list — verify site terms before redistribution,2026-09-13,FB03-089
FB03-094.webp,tcg_identifier,train,dragon_ball_super,dragon_ball_super,dbs-cardgame.com:FB03-094,dbs-cardgame.com official card list — verify site terms before redistribution,2026-09-13,FB03-094
FB03-103.webp,tcg_identifier,train,dragon_ball_super,dragon_ball_super,dbs-cardgame.com:FB03-103,dbs-cardgame.com official card list — verify site terms before redistribution,2026-09-13,FB03-103
FB03-105.webp,tcg_identifier,train,dragon_ball_super,dragon_ball_super,dbs-cardgame.com:FB03-105,dbs-cardgame.com official card list — verify site terms before redistribution,2026-09-13,FB03-105
FB03-119.webp,tcg_identifier,train,dragon_ball_super,dragon_ball_super,dbs-cardgame.com:FB03-119,dbs-cardgame.com official card list — verify site terms before redistribution,2026-09-13,FB03-119
FB03-132.webp,tcg_identifier,train,dragon_ball_super,dragon_ball_super,dbs-cardgame.com:FB03-132,dbs-cardgame.com official card list — verify site terms before redistribution,2026-09-13,FB03-132
FB03-133.webp,tcg_identifier,train,dragon_ball_super,dragon_ball_super,dbs-cardgame.com:FB03-133,dbs-cardgame.com official card list — verify site terms before redistribution,2026-09-13,FB03-133
FB03-140.webp,tcg_identifier,train,dragon_ball_super,dragon_ball_super,dbs-cardgame.com:FB03-140,dbs-cardgame.com official card list — verify site terms before redistribution,2026-09-13,FB03-140
FB04-051.webp,tcg_identifier,train,dragon_ball_super,dragon_ball_super,dbs-cardgame.com:FB04-051,dbs-cardgame.com official card list — verify site terms before redistribution,2026-09-13,FB04-051
FB04-068.webp,tcg_identifier,train,dragon_ball_super,dragon_ball_super,dbs-cardgame.com:FB04-068,dbs-cardgame.com official card list — verify site terms before redistribution,2026-09-13,FB04-068
FB04-102.webp,tcg_identifier,train,dragon_ball_super,dragon_ball_super,dbs-cardgame.com:FB04-102,dbs-cardgame.com official card list — verify site terms before redistribution,2026-09-13,FB04-102
FB04-121.webp,tcg_identifier,train,dragon_ball_super,dragon_ball_super,dbs-cardgame.com:FB04-121,dbs-cardgame.com official card list — verify site terms before redistribution,2026-09-13,FB04-121
FB04-124.webp,tcg_identifier,train,dragon_ball_super,dragon_ball_super,dbs-cardgame.com:FB04-124,dbs-cardgame.com official card list — verify site terms before redistribution,2026-09-13,FB04-124
FB04-127.webp,tcg_identifier,train,dragon_ball_super,dragon_ball_super,dbs-cardgame.com:FB04-127,dbs-cardgame.com official card list — verify site terms before redistribution,2026-09-13,FB04-127
FB05-015.webp,tcg_identifier,train,dragon_ball_super,dragon_ball_super,dbs-cardgame.com:FB05-015,dbs-cardgame.com official card list — verify site terms before redistribution,2026-09-13,FB05-015
FB05-022.webp,tcg_identifier,train,dragon_ball_super,dragon_ball_super,dbs-cardgame.com:FB05-022,dbs-cardgame.com official card list — verify site terms before redistribution,2026-09-13,FB05-022
FB05-025.webp,tcg_identifier,train,dragon_ball_super,dragon_ball_super,dbs-cardgame.com:FB05-025,dbs-cardgame.com official card list — verify site terms before redistribution,2026-09-13,FB05-025
FB05-027.webp,tcg_identifier,train,dragon_ball_super,dragon_ball_super,dbs-cardgame.com:FB05-027,dbs-cardgame.com official card list — verify site terms before redistribution,2026-09-13,FB05-027
FB05-033.webp,tcg_identifier,train,dragon_ball_super,dragon_ball_super,dbs-cardgame.com:FB05-033,dbs-cardgame.com official card list — verify site terms before redistribution,2026-09-13,FB05-033
FB05-038.webp,tcg_identifier,train,dragon_ball_super,dragon_ball_super,dbs-cardgame.com:FB05-038,dbs-cardgame.com official card list — verify site terms before redistribution,2026-09-13,FB05-038
FB05-042.webp,tcg_identifier,train,dragon_ball_super,dragon_ball_super,dbs-cardgame.com:FB05-042,dbs-cardgame.com official card list — verify site terms before redistribution,2026-09-13,FB05-042
FB05-043.webp,tcg_identifier,train,dragon_ball_super,dragon_ball_super,dbs-cardgame.com:FB05-043,dbs-cardgame.com official card list — verify site terms before redistribution,2026-09-13,FB05-043
FB05-068.webp,tcg_identifier,train,dragon_ball_super,dragon_ball_super,dbs-cardgame.com:FB05-068,dbs-cardgame.com official card list — verify site terms before redistribution,2026-09-13,FB05-068
FB05-073.webp,tcg_identifier,train,dragon_ball_super,dragon_ball_super,dbs-cardgame.com:FB05-073,dbs-cardgame.com official card list — verify site terms before redistribution,2026-09-13,FB05-073
FB05-083.webp,tcg_identifier,train,dragon_ball_super,dragon_ball_super,dbs-cardgame.com:FB05-083,dbs-cardgame.com official card list — verify site terms before redistribution,2026-09-13,FB05-083
FB05-086.webp,tcg_identifier,train,dragon_ball_super,dragon_ball_super,dbs-cardgame.com:FB05-086,dbs-cardgame.com official card list — verify site terms before redistribution,2026-09-13,FB05-086
FB05-098.webp,tcg_identifier,train,dragon_ball_super,dragon_ball_super,dbs-cardgame.com:FB05-098,dbs-cardgame.com official card list — verify site terms before redistribution,2026-09-13,FB05-098
FB05-099.webp,tcg_identifier,train,dragon_ball_super,dragon_ball_super,dbs-cardgame.com:FB05-099,dbs-cardgame.com official card list — verify site terms before redistribution,2026-09-13,FB05-099
FB05-102.webp,tcg_identifier,train,dragon_ball_super,dragon_ball_super,dbs-cardgame.com:FB05-102,dbs-cardgame.com official card list — verify site terms before redistribution,2026-09-13,FB05-102
FB05-105.webp,tcg_identifier,train,dragon_ball_super,dragon_ball_super,dbs-cardgame.com:FB05-105,dbs-cardgame.com official card list — verify site terms before redistribution,2026-09-13,FB05-105
FB05-108.webp,tcg_identifier,train,dragon_ball_super,dragon_ball_super,dbs-cardgame.com:FB05-108,dbs-cardgame.com official card list — verify site terms before redistribution,2026-09-13,FB05-108
FB06-010.webp,tcg_identifier,train,dragon_ball_super,dragon_ball_super,dbs-cardgame.com:FB06-010,dbs-cardgame.com official card list — verify site terms before redistribution,2026-09-13,FB06-010
FB06-011.webp,tcg_identifier,train,dragon_ball_super,dragon_ball_super,dbs-cardgame.com:FB06-011,dbs-cardgame.com official card list — verify site terms before redistribution,2026-09-13,FB06-011
FB06-019.webp,tcg_identifier,train,dragon_ball_super,dragon_ball_super,dbs-cardgame.com:FB06-019,dbs-cardgame.com official card list — verify site terms before redistribution,2026-09-13,FB06-019
FB06-025.webp,tcg_identifier,train,dragon_ball_super,dragon_ball_super,dbs-cardgame.com:FB06-025,dbs-cardgame.com official card list — verify site terms before redistribution,2026-09-13,FB06-025
FB06-034.webp,tcg_identifier,train,dragon_ball_super,dragon_ball_super,dbs-cardgame.com:FB06-034,dbs-cardgame.com official card list — verify site terms before redistribution,2026-09-13,FB06-034
FB06-035.webp,tcg_identifier,train,dragon_ball_super,dragon_ball_super,dbs-cardgame.com:FB06-035,dbs-cardgame.com official card list — verify site terms before redistribution,2026-09-13,FB06-035
FB06-043.webp,tcg_identifier,train,dragon_ball_super,dragon_ball_super,dbs-cardgame.com:FB06-043,dbs-cardgame.com official card list — verify site terms before redistribution,2026-09-13,FB06-043
FB06-055.webp,tcg_identifier,train,dragon_ball_super,dragon_ball_super,dbs-cardgame.com:FB06-055,dbs-cardgame.com official card list — verify site terms before redistribution,2026-09-13,FB06-055
FB06-062.webp,tcg_identifier,train,dragon_ball_super,dragon_ball_super,dbs-cardgame.com:FB06-062,dbs-cardgame.com official card list — verify site terms before redistribution,2026-09-13,FB06-062
FB06-065.webp,tcg_identifier,train,dragon_ball_super,dragon_ball_super,dbs-cardgame.com:FB06-065,dbs-cardgame.com official card list — verify site terms before redistribution,2026-09-13,FB06-065
FB06-070.webp,tcg_identifier,train,dragon_ball_super,dragon_ball_super,dbs-cardgame.com:FB06-070,dbs-cardgame.com official card list — verify site terms before redistribution,2026-09-13,FB06-070
FB06-077.webp,tcg_identifier,train,dragon_ball_super,dragon_ball_super,dbs-cardgame.com:FB06-077,dbs-cardgame.com official card list — verify site terms before redistribution,2026-09-13,FB06-077
FB06-080.webp,tcg_identifier,train,dragon_ball_super,dragon_ball_super,dbs-cardgame.com:FB06-080,dbs-cardgame.com official card list — verify site terms before redistribution,2026-09-13,FB06-080
FB06-085.webp,tcg_identifier,train,dragon_ball_super,dragon_ball_super,dbs-cardgame.com:FB06-085,dbs-cardgame.com official card list — verify site terms before redistribution,2026-09-13,FB06-085
FB06-097.webp,tcg_identifier,train,dragon_ball_super,dragon_ball_super,dbs-cardgame.com:FB06-097,dbs-cardgame.com official card list — verify site terms before redistribution,2026-09-13,FB06-097
FB06-099.webp,tcg_identifier,train,dragon_ball_super,dragon_ball_super,dbs-cardgame.com:FB06-099,dbs-cardgame.com official card list — verify site terms before redistribution,2026-09-13,FB06-099
FB06-111.webp,tcg_identifier,train,dragon_ball_super,dragon_ball_super,dbs-cardgame.com:FB06-111,dbs-cardgame.com official card list — verify site terms before redistribution,2026-09-13,FB06-111
FB06-115.webp,tcg_identifier,train,dragon_ball_super,dragon_ball_super,dbs-cardgame.com:FB06-115,dbs-cardgame.com official card list — verify site terms before redistribution,2026-09-13,FB06-115
FB06-119.webp,tcg_identifier,train,dragon_ball_super,dragon_ball_super,dbs-cardgame.com:FB06-119,dbs-cardgame.com official card list — verify site terms before redistribution,2026-09-13,FB06-119
FB07-008.webp,tcg_identifier,train,dragon_ball_super,dragon_ball_super,dbs-cardgame.com:FB07-008,dbs-cardgame.com official card list — verify site terms before redistribution,2026-09-13,FB07-008
FB07-011.webp,tcg_identifier,train,dragon_ball_super,dragon_ball_super,dbs-cardgame.com:FB07-011,dbs-cardgame.com official card list — verify site terms before redistribution,2026-09-13,FB07-011
FB07-013.webp,tcg_identifier,train,dragon_ball_super,dragon_ball_super,dbs-cardgame.com:FB07-013,dbs-cardgame.com official card list — verify site terms before redistribution,2026-09-13,FB07-013
FB07-021.webp,tcg_identifier,train,dragon_ball_super,dragon_ball_super,dbs-cardgame.com:FB07-021,dbs-cardgame.com official card list — verify site terms before redistribution,2026-09-13,FB07-021
FB07-025.webp,tcg_identifier,train,dragon_ball_super,dragon_ball_super,dbs-cardgame.com:FB07-025,dbs-cardgame.com official card list — verify site terms before redistribution,2026-09-13,FB07-025
FB07-061.webp,tcg_identifier,train,dragon_ball_super,dragon_ball_super,dbs-cardgame.com:FB07-061,dbs-cardgame.com official card list — verify site terms before redistribution,2026-09-13,FB07-061
FB07-062.webp,tcg_identifier,train,dragon_ball_super,dragon_ball_super,dbs-cardgame.com:FB07-062,dbs-cardgame.com official card list — verify site terms before redistribution,2026-09-13,FB07-062
FB07-068.webp,tcg_identifier,train,dragon_ball_super,dragon_ball_super,dbs-cardgame.com:FB07-068,dbs-cardgame.com official card list — verify site terms before redistribution,2026-09-13,FB07-068
FB07-074.webp,tcg_identifier,train,dragon_ball_super,dragon_ball_super,dbs-cardgame.com:FB07-074,dbs-cardgame.com official card list — verify site terms before redistribution,2026-09-13,FB07-074
FB07-080.webp,tcg_identifier,train,dragon_ball_super,dragon_ball_super,dbs-cardgame.com:FB07-080,dbs-cardgame.com official card list — verify site terms before redistribution,2026-09-13,FB07-080
FB07-087.webp,tcg_identifier,train,dragon_ball_super,dragon_ball_super,dbs-cardgame.com:FB07-087,dbs-cardgame.com official card list — verify site terms before redistribution,2026-09-13,FB07-087
FB07-092.webp,tcg_identifier,train,dragon_ball_super,dragon_ball_super,dbs-cardgame.com:FB07-092,dbs-cardgame.com official card list — verify site terms before redistribution,2026-09-13,FB07-092
FB07-109.webp,tcg_identifier,train,dragon_ball_super,dragon_ball_super,dbs-cardgame.com:FB07-109,dbs-cardgame.com official card list — verify site terms before redistribution,2026-09-13,FB07-109
FB07-116.webp,tcg_identifier,train,dragon_ball_super,dragon_ball_super,dbs-cardgame.com:FB07-116,dbs-cardgame.com official card list — verify site terms before redistribution,2026-09-13,FB07-116
FB07-122.webp,tcg_identifier,train,dragon_ball_super,dragon_ball_super,dbs-cardgame.com:FB07-122,dbs-cardgame.com official card list — verify site terms before redistribution,2026-09-13,FB07-122
FB08-002.webp,tcg_identifier,train,dragon_ball_super,dragon_ball_super,dbs-cardgame.com:FB08-002,dbs-cardgame.com official card list — verify site terms before redistribution,2026-09-13,FB08-002
FB08-012.webp,tcg_identifier,train,dragon_ball_super,dragon_ball_super,dbs-cardgame.com:FB08-012,dbs-cardgame.com official card list — verify site terms before redistribution,2026-09-13,FB08-012
FB08-015.webp,tcg_identifier,train,dragon_ball_super,dragon_ball_super,dbs-cardgame.com:FB08-015,dbs-cardgame.com official card list — verify site terms before redistribution,2026-09-13,FB08-015
FB08-017.webp,tcg_identifier,train,dragon_ball_super,dragon_ball_super,dbs-cardgame.com:FB08-017,dbs-cardgame.com official card list — verify site terms before redistribution,2026-09-13,FB08-017
FB08-025.webp,tcg_identifier,train,dragon_ball_super,dragon_ball_super,dbs-cardgame.com:FB08-025,dbs-cardgame.com official card list — verify site terms before redistribution,2026-09-13,FB08-025
FB08-026.webp,tcg_identifier,train,dragon_ball_super,dragon_ball_super,dbs-cardgame.com:FB08-026,dbs-cardgame.com official card list — verify site terms before redistribution,2026-09-13,FB08-026
FB08-043.webp,tcg_identifier,train,dragon_ball_super,dragon_ball_super,dbs-cardgame.com:FB08-043,dbs-cardgame.com official card list — verify site terms before redistribution,2026-09-13,FB08-043
FB08-066.webp,tcg_identifier,train,dragon_ball_super,dragon_ball_super,dbs-cardgame.com:FB08-066,dbs-cardgame.com official card list — verify site terms before redistribution,2026-09-13,FB08-066
FB08-069.webp,tcg_identifier,train,dragon_ball_super,dragon_ball_super,dbs-cardgame.com:FB08-069,dbs-cardgame.com official card list — verify site terms before redistribution,2026-09-13,FB08-069
FB08-073.webp,tcg_identifier,train,dragon_ball_super,dragon_ball_super,dbs-cardgame.com:FB08-073,dbs-cardgame.com official card list — verify site terms before redistribution,2026-09-13,FB08-073
FB08-084.webp,tcg_identifier,train,dragon_ball_super,dragon_ball_super,dbs-cardgame.com:FB08-084,dbs-cardgame.com official card list — verify site terms before redistribution,2026-09-13,FB08-084
FB08-089.webp,tcg_identifier,train,dragon_ball_super,dragon_ball_super,dbs-cardgame.com:FB08-089,dbs-cardgame.com official card list — verify site terms before redistribution,2026-09-13,FB08-089
FB08-090.webp,tcg_identifier,train,dragon_ball_super,dragon_ball_super,dbs-cardgame.com:FB08-090,dbs-cardgame.com official card list — verify site terms before redistribution,2026-09-13,FB08-090
FB08-091.webp,tcg_identifier,train,dragon_ball_super,dragon_ball_super,dbs-cardgame.com:FB08-091,dbs-cardgame.com official card list — verify site terms before redistribution,2026-09-13,FB08-091
FB08-093.webp,tcg_identifier,train,dragon_ball_super,dragon_ball_super,dbs-cardgame.com:FB08-093,dbs-cardgame.com official card list — verify site terms before redistribution,2026-09-13,FB08-093
FB08-097.webp,tcg_identifier,train,dragon_ball_super,dragon_ball_super,dbs-cardgame.com:FB08-097,dbs-cardgame.com official card list — verify site terms before redistribution,2026-09-13,FB08-097
FB08-103.webp,tcg_identifier,train,dragon_ball_super,dragon_ball_super,dbs-cardgame.com:FB08-103,dbs-cardgame.com official card list — verify site terms before redistribution,2026-09-13,FB08-103
FB08-105.webp,tcg_identifier,train,dragon_ball_super,dragon_ball_super,dbs-cardgame.com:FB08-105,dbs-cardgame.com official card list — verify site terms before redistribution,2026-09-13,FB08-105
FB08-108.webp,tcg_identifier,train,dragon_ball_super,dragon_ball_super,dbs-cardgame.com:FB08-108,dbs-cardgame.com official card list — verify site terms before redistribution,2026-09-13,FB08-108
FB08-110.webp,tcg_identifier,train,dragon_ball_super,dragon_ball_super,dbs-cardgame.com:FB08-110,dbs-cardgame.com official card list — verify site terms before redistribution,2026-09-13,FB08-110
FB08-119.webp,tcg_identifier,train,dragon_ball_super,dragon_ball_super,dbs-cardgame.com:FB08-119,dbs-cardgame.com official card list — verify site terms before redistribution,2026-09-13,FB08-119
FB09-001.webp,tcg_identifier,train,dragon_ball_super,dragon_ball_super,dbs-cardgame.com:FB09-001,dbs-cardgame.com official card list — verify site terms before redistribution,2026-09-13,FB09-001
FB09-013.webp,tcg_identifier,train,dragon_ball_super,dragon_ball_super,dbs-cardgame.com:FB09-013,dbs-cardgame.com official card list — verify site terms before redistribution,2026-09-13,FB09-013
FB09-016.webp,tcg_identifier,train,dragon_ball_super,dragon_ball_super,dbs-cardgame.com:FB09-016,dbs-cardgame.com official card list — verify site terms before redistribution,2026-09-13,FB09-016
FB09-023.webp,tcg_identifier,train,dragon_ball_super,dragon_ball_super,dbs-cardgame.com:FB09-023,dbs-cardgame.com official card list — verify site terms before redistribution,2026-09-13,FB09-023
FB09-025.webp,tcg_identifier,train,dragon_ball_super,dragon_ball_super,dbs-cardgame.com:FB09-025,dbs-cardgame.com official card list — verify site terms before redistribution,2026-09-13,FB09-025
FB09-026.webp,tcg_identifier,train,dragon_ball_super,dragon_ball_super,dbs-cardgame.com:FB09-026,dbs-cardgame.com official card list — verify site terms before redistribution,2026-09-13,FB09-026
FB09-029.webp,tcg_identifier,train,dragon_ball_super,dragon_ball_super,dbs-cardgame.com:FB09-029,dbs-cardgame.com official card list — verify site terms before redistribution,2026-09-13,FB09-029
FB09-038.webp,tcg_identifier,train,dragon_ball_super,dragon_ball_super,dbs-cardgame.com:FB09-038,dbs-cardgame.com official card list — verify site terms before redistribution,2026-09-13,FB09-038
FB09-044.webp,tcg_identifier,train,dragon_ball_super,dragon_ball_super,dbs-cardgame.com:FB09-044,dbs-cardgame.com official card list — verify site terms before redistribution,2026-09-13,FB09-044
FB09-048.webp,tcg_identifier,train,dragon_ball_super,dragon_ball_super,dbs-cardgame.com:FB09-048,dbs-cardgame.com official card list — verify site terms before redistribution,2026-09-13,FB09-048
FB09-069.webp,tcg_identifier,train,dragon_ball_super,dragon_ball_super,dbs-cardgame.com:FB09-069,dbs-cardgame.com official card list — verify site terms before redistribution,2026-09-13,FB09-069
FB09-074.webp,tcg_identifier,train,dragon_ball_super,dragon_ball_super,dbs-cardgame.com:FB09-074,dbs-cardgame.com official card list — verify site terms before redistribution,2026-09-13,FB09-074
FB09-081.webp,tcg_identifier,train,dragon_ball_super,dragon_ball_super,dbs-cardgame.com:FB09-081,dbs-cardgame.com official card list — verify site terms before redistribution,2026-09-13,FB09-081
FB09-083.webp,tcg_identifier,train,dragon_ball_super,dragon_ball_super,dbs-cardgame.com:FB09-083,dbs-cardgame.com official card list — verify site terms before redistribution,2026-09-13,FB09-083
FB09-084.webp,tcg_identifier,train,dragon_ball_super,dragon_ball_super,dbs-cardgame.com:FB09-084,dbs-cardgame.com official card list — verify site terms before redistribution,2026-09-13,FB09-084
FB09-088.webp,tcg_identifier,train,dragon_ball_super,dragon_ball_super,dbs-cardgame.com:FB09-088,dbs-cardgame.com official card list — verify site terms before redistribution,2026-09-13,FB09-088
FB09-111.webp,tcg_identifier,train,dragon_ball_super,dragon_ball_super,dbs-cardgame.com:FB09-111,dbs-cardgame.com official card list — verify site terms before redistribution,2026-09-13,FB09-111
FB09-123.webp,tcg_identifier,train,dragon_ball_super,dragon_ball_super,dbs-cardgame.com:FB09-123,dbs-cardgame.com official card list — verify site terms before redistribution,2026-09-13,FB09-123
FB10-009.webp,tcg_identifier,train,dragon_ball_super,dragon_ball_super,dbs-cardgame.com:FB10-009,dbs-cardgame.com official card list — verify site terms before redistribution,2026-09-13,FB10-009
FB10-030.webp,tcg_identifier,train,dragon_ball_super,dragon_ball_super,dbs-cardgame.com:FB10-030,dbs-cardgame.com official card list — verify site terms before redistribution,2026-09-13,FB10-030
FB10-039.webp,tcg_identifier,train,dragon_ball_super,dragon_ball_super,dbs-cardgame.com:FB10-039,dbs-cardgame.com official card list — verify site terms before redistribution,2026-09-13,FB10-039
FB10-048.webp,tcg_identifier,train,dragon_ball_super,dragon_ball_super,dbs-cardgame.com:FB10-048,dbs-cardgame.com official card list — verify site terms before redistribution,2026-09-13,FB10-048
FB10-052.webp,tcg_identifier,train,dragon_ball_super,dragon_ball_super,dbs-cardgame.com:FB10-052,dbs-cardgame.com official card list — verify site terms before redistribution,2026-09-13,FB10-052
FB10-062.webp,tcg_identifier,train,dragon_ball_super,dragon_ball_super,dbs-cardgame.com:FB10-062,dbs-cardgame.com official card list — verify site terms before redistribution,2026-09-13,FB10-062
FB10-070.webp,tcg_identifier,train,dragon_ball_super,dragon_ball_super,dbs-cardgame.com:FB10-070,dbs-cardgame.com official card list — verify site terms before redistribution,2026-09-13,FB10-070
FB10-094.webp,tcg_identifier,train,dragon_ball_super,dragon_ball_super,dbs-cardgame.com:FB10-094,dbs-cardgame.com official card list — verify site terms before redistribution,2026-09-13,FB10-094
FB10-095.webp,tcg_identifier,train,dragon_ball_super,dragon_ball_super,dbs-cardgame.com:FB10-095,dbs-cardgame.com official card list — verify site terms before redistribution,2026-09-13,FB10-095
FB10-098.webp,tcg_identifier,train,dragon_ball_super,dragon_ball_super,dbs-cardgame.com:FB10-098,dbs-cardgame.com official card list — verify site terms before redistribution,2026-09-13,FB10-098
FB10-101.webp,tcg_identifier,train,dragon_ball_super,dragon_ball_super,dbs-cardgame.com:FB10-101,dbs-cardgame.com official card list — verify site terms before redistribution,2026-09-13,FB10-101
FB10-114.webp,tcg_identifier,train,dragon_ball_super,dragon_ball_super,dbs-cardgame.com:FB10-114,dbs-cardgame.com official card list — verify site terms before redistribution,2026-09-13,FB10-114
FB10-115.webp,tcg_identifier,train,dragon_ball_super,dragon_ball_super,dbs-cardgame.com:FB10-115,dbs-cardgame.com official card list — verify site terms before redistribution,2026-09-13,FB10-115
FB10-118.webp,tcg_identifier,train,dragon_ball_super,dragon_ball_super,dbs-cardgame.com:FB10-118,dbs-cardgame.com official card list — verify site terms before redistribution,2026-09-13,FB10-118
FB10-119.webp,tcg_identifier,train,dragon_ball_super,dragon_ball_super,dbs-cardgame.com:FB10-119,dbs-cardgame.com official card list — verify site terms before redistribution,2026-09-13,FB10-119
FB10-120.webp,tcg_identifier,train,dragon_ball_super,dragon_ball_super,dbs-cardgame.com:FB10-120,dbs-cardgame.com official card list — verify site terms before redistribution,2026-09-13,FB10-120
FB10-121.webp,tcg_identifier,train,dragon_ball_super,dragon_ball_super,dbs-cardgame.com:FB10-121,dbs-cardgame.com official card list — verify site terms before redistribution,2026-09-13,FB10-121
FB11-007.webp,tcg_identifier,train,dragon_ball_super,dragon_ball_super,dbs-cardgame.com:FB11-007,dbs-cardgame.com official card list — verify site terms before redistribution,2026-09-13,FB11-007
FB11-019.webp,tcg_identifier,train,dragon_ball_super,dragon_ball_super,dbs-cardgame.com:FB11-019,dbs-cardgame.com official card list — verify site terms before redistribution,2026-09-13,FB11-019
FB11-034.webp,tcg_identifier,train,dragon_ball_super,dragon_ball_super,dbs-cardgame.com:FB11-034,dbs-cardgame.com official card list — verify site terms before redistribution,2026-09-13,FB11-034
FB11-043.webp,tcg_identifier,train,dragon_ball_super,dragon_ball_super,dbs-cardgame.com:FB11-043,dbs-cardgame.com official card list — verify site terms before redistribution,2026-09-13,FB11-043
FB11-047.webp,tcg_identifier,train,dragon_ball_super,dragon_ball_super,dbs-cardgame.com:FB11-047,dbs-cardgame.com official card list — verify site terms before redistribution,2026-09-13,FB11-047
FB11-054.webp,tcg_identifier,train,dragon_ball_super,dragon_ball_super,dbs-cardgame.com:FB11-054,dbs-cardgame.com official card list — verify site terms before redistribution,2026-09-13,FB11-054
FB11-058.webp,tcg_identifier,train,dragon_ball_super,dragon_ball_super,dbs-cardgame.com:FB11-058,dbs-cardgame.com official card list — verify site terms before redistribution,2026-09-13,FB11-058
FB11-062.webp,tcg_identifier,train,dragon_ball_super,dragon_ball_super,dbs-cardgame.com:FB11-062,dbs-cardgame.com official card list — verify site terms before redistribution,2026-09-13,FB11-062
FB11-074.webp,tcg_identifier,train,dragon_ball_super,dragon_ball_super,dbs-cardgame.com:FB11-074,dbs-cardgame.com official card list — verify site terms before redistribution,2026-09-13,FB11-074
FB11-075.webp,tcg_identifier,train,dragon_ball_super,dragon_ball_super,dbs-cardgame.com:FB11-075,dbs-cardgame.com official card list — verify site terms before redistribution,2026-09-13,FB11-075
FB11-076.webp,tcg_identifier,train,dragon_ball_super,dragon_ball_super,dbs-cardgame.com:FB11-076,dbs-cardgame.com official card list — verify site terms before redistribution,2026-09-13,FB11-076
FB11-077.webp,tcg_identifier,train,dragon_ball_super,dragon_ball_super,dbs-cardgame.com:FB11-077,dbs-cardgame.com official card list — verify site terms before redistribution,2026-09-13,FB11-077
FB11-092.webp,tcg_identifier,train,dragon_ball_super,dragon_ball_super,dbs-cardgame.com:FB11-092,dbs-cardgame.com official card list — verify site terms before redistribution,2026-09-13,FB11-092
FB11-097.webp,tcg_identifier,train,dragon_ball_super,dragon_ball_super,dbs-cardgame.com:FB11-097,dbs-cardgame.com official card list — verify site terms before redistribution,2026-09-13,FB11-097
FB11-105.webp,tcg_identifier,train,dragon_ball_super,dragon_ball_super,dbs-cardgame.com:FB11-105,dbs-cardgame.com official card list — verify site terms before redistribution,2026-09-13,FB11-105
FB11-114.webp,tcg_identifier,train,dragon_ball_super,dragon_ball_super,dbs-cardgame.com:FB11-114,dbs-cardgame.com official card list — verify site terms before redistribution,2026-09-13,FB11-114
FB11-115.webp,tcg_identifier,train,dragon_ball_super,dragon_ball_super,dbs-cardgame.com:FB11-115,dbs-cardgame.com official card list — verify site terms before redistribution,2026-09-13,FB11-115
FS01-04.webp,tcg_identifier,train,dragon_ball_super,dragon_ball_super,dbs-cardgame.com:FS01-04,dbs-cardgame.com official card list — verify site terms before redistribution,2026-09-13,FS01-04
FS01-09.webp,tcg_identifier,train,dragon_ball_super,dragon_ball_super,dbs-cardgame.com:FS01-09,dbs-cardgame.com official card list — verify site terms before redistribution,2026-09-13,FS01-09
FS01-13.webp,tcg_identifier,train,dragon_ball_super,dragon_ball_super,dbs-cardgame.com:FS01-13,dbs-cardgame.com official card list — verify site terms before redistribution,2026-09-13,FS01-13
FS02-11.webp,tcg_identifier,train,dragon_ball_super,dragon_ball_super,dbs-cardgame.com:FS02-11,dbs-cardgame.com official card list — verify site terms before redistribution,2026-09-13,FS02-11
FS02-16.webp,tcg_identifier,train,dragon_ball_super,dragon_ball_super,dbs-cardgame.com:FS02-16,dbs-cardgame.com official card list — verify site terms before redistribution,2026-09-13,FS02-16
FS03-01.webp,tcg_identifier,train,dragon_ball_super,dragon_ball_super,dbs-cardgame.com:FS03-01,dbs-cardgame.com official card list — verify site terms before redistribution,2026-09-13,FS03-01
FS03-03.webp,tcg_identifier,train,dragon_ball_super,dragon_ball_super,dbs-cardgame.com:FS03-03,dbs-cardgame.com official card list — verify site terms before redistribution,2026-09-13,FS03-03
FS03-08.webp,tcg_identifier,train,dragon_ball_super,dragon_ball_super,dbs-cardgame.com:FS03-08,dbs-cardgame.com official card list — verify site terms before redistribution,2026-09-13,FS03-08
FS05-12.webp,tcg_identifier,train,dragon_ball_super,dragon_ball_super,dbs-cardgame.com:FS05-12,dbs-cardgame.com official card list — verify site terms before redistribution,2026-09-13,FS05-12
FS06-05.webp,tcg_identifier,train,dragon_ball_super,dragon_ball_super,dbs-cardgame.com:FS06-05,dbs-cardgame.com official card list — verify site terms before redistribution,2026-09-13,FS06-05
FS06-07.webp,tcg_identifier,train,dragon_ball_super,dragon_ball_super,dbs-cardgame.com:FS06-07,dbs-cardgame.com official card list — verify site terms before redistribution,2026-09-13,FS06-07
FS07-07.webp,tcg_identifier,train,dragon_ball_super,dragon_ball_super,dbs-cardgame.com:FS07-07,dbs-cardgame.com official card list — verify site terms before redistribution,2026-09-13,FS07-07
FS08-12.webp,tcg_identifier,train,dragon_ball_super,dragon_ball_super,dbs-cardgame.com:FS08-12,dbs-cardgame.com official card list — verify site terms before redistribution,2026-09-13,FS08-12
FS09-03.webp,tcg_identifier,train,dragon_ball_super,dragon_ball_super,dbs-cardgame.com:FS09-03,dbs-cardgame.com official card list — verify site terms before redistribution,2026-09-13,FS09-03
FS09-13.webp,tcg_identifier,train,dragon_ball_super,dragon_ball_super,dbs-cardgame.com:FS09-13,dbs-cardgame.com official card list — verify site terms before redistribution,2026-09-13,FS09-13
FS09-16.webp,tcg_identifier,train,dragon_ball_super,dragon_ball_super,dbs-cardgame.com:FS09-16,dbs-cardgame.com official card list — verify site terms before redistribution,2026-09-13,FS09-16
FS09-17.webp,tcg_identifier,train,dragon_ball_super,dragon_ball_super,dbs-cardgame.com:FS09-17,dbs-cardgame.com official card list — verify site terms before redistribution,2026-09-13,FS09-17
FS11-17.webp,tcg_identifier,train,dragon_ball_super,dragon_ball_super,dbs-cardgame.com:FS11-17,dbs-cardgame.com official card list — verify site terms before redistribution,2026-09-13,FS11-17
SB01-002.webp,tcg_identifier,train,dragon_ball_super,dragon_ball_super,dbs-cardgame.com:SB01-002,dbs-cardgame.com official card list — verify site terms before redistribution,2026-09-13,SB01-002
SB01-003.webp,tcg_identifier,train,dragon_ball_super,dragon_ball_super,dbs-cardgame.com:SB01-003,dbs-cardgame.com official card list — verify site terms before redistribution,2026-09-13,SB01-003
SB01-005.webp,tcg_identifier,train,dragon_ball_super,dragon_ball_super,dbs-cardgame.com:SB01-005,dbs-cardgame.com official card list — verify site terms before redistribution,2026-09-13,SB01-005
SB01-030.webp,tcg_identifier,train,dragon_ball_super,dragon_ball_super,dbs-cardgame.com:SB01-030,dbs-cardgame.com official card list — verify site terms before redistribution,2026-09-13,SB01-030
SB01-040.webp,tcg_identifier,train,dragon_ball_super,dragon_ball_super,dbs-cardgame.com:SB01-040,dbs-cardgame.com official card list — verify site terms before redistribution,2026-09-13,SB01-040
SB01-048.webp,tcg_identifier,train,dragon_ball_super,dragon_ball_super,dbs-cardgame.com:SB01-048,dbs-cardgame.com official card list — verify site terms before redistribution,2026-09-13,SB01-048
SB01-050.webp,tcg_identifier,train,dragon_ball_super,dragon_ball_super,dbs-cardgame.com:SB01-050,dbs-cardgame.com official card list — verify site terms before redistribution,2026-09-13,SB01-050
SB01-051.webp,tcg_identifier,train,dragon_ball_super,dragon_ball_super,dbs-cardgame.com:SB01-051,dbs-cardgame.com official card list — verify site terms before redistribution,2026-09-13,SB01-051
SB01-057.webp,tcg_identifier,train,dragon_ball_super,dragon_ball_super,dbs-cardgame.com:SB01-057,dbs-cardgame.com official card list — verify site terms before redistribution,2026-09-13,SB01-057
SB01-058.webp,tcg_identifier,train,dragon_ball_super,dragon_ball_super,dbs-cardgame.com:SB01-058,dbs-cardgame.com official card list — verify site terms before redistribution,2026-09-13,SB01-058
SB02-003.webp,tcg_identifier,train,dragon_ball_super,dragon_ball_super,dbs-cardgame.com:SB02-003,dbs-cardgame.com official card list — verify site terms before redistribution,2026-09-13,SB02-003
SB02-023.webp,tcg_identifier,train,dragon_ball_super,dragon_ball_super,dbs-cardgame.com:SB02-023,dbs-cardgame.com official card list — verify site terms before redistribution,2026-09-13,SB02-023
SB02-033.webp,tcg_identifier,train,dragon_ball_super,dragon_ball_super,dbs-cardgame.com:SB02-033,dbs-cardgame.com official card list — verify site terms before redistribution,2026-09-13,SB02-033
SB02-038.webp,tcg_identifier,train,dragon_ball_super,dragon_ball_super,dbs-cardgame.com:SB02-038,dbs-cardgame.com official card list — verify site terms before redistribution,2026-09-13,SB02-038
SB02-039.webp,tcg_identifier,train,dragon_ball_super,dragon_ball_super,dbs-cardgame.com:SB02-039,dbs-cardgame.com official card list — verify site terms before redistribution,2026-09-13,SB02-039
SB02-042.webp,tcg_identifier,train,dragon_ball_super,dragon_ball_super,dbs-cardgame.com:SB02-042,dbs-cardgame.com official card list — verify site terms before redistribution,2026-09-13,SB02-042
SB02-044.webp,tcg_identifier,train,dragon_ball_super,dragon_ball_super,dbs-cardgame.com:SB02-044,dbs-cardgame.com official card list — verify site terms before redistribution,2026-09-13,SB02-044
SB02-053.webp,tcg_identifier,train,dragon_ball_super,dragon_ball_super,dbs-cardgame.com:SB02-053,dbs-cardgame.com official card list — verify site terms before redistribution,2026-09-13,SB02-053
ST01-001.webp,tcg_identifier,train,dragon_ball_super,dragon_ball_super,dbs-cardgame.com:ST01-001,dbs-cardgame.com official card list — verify site terms before redistribution,2026-09-13,ST01-001
ST01-018.webp,tcg_identifier,train,dragon_ball_super,dragon_ball_super,dbs-cardgame.com:ST01-018,dbs-cardgame.com official card list — verify site terms before redistribution,2026-09-13,ST01-018
ST01-024.webp,tcg_identifier,train,dragon_ball_super,dragon_ball_super,dbs-cardgame.com:ST01-024,dbs-cardgame.com official card list — verify site terms before redistribution,2026-09-13,ST01-024
ST01-028.webp,tcg_identifier,train,dragon_ball_super,dragon_ball_super,dbs-cardgame.com:ST01-028,dbs-cardgame.com official card list — verify site terms before redistribution,2026-09-13,ST01-028
ST01-034.webp,tcg_identifier,train,dragon_ball_super,dragon_ball_super,dbs-cardgame.com:ST01-034,dbs-cardgame.com official card list — verify site terms before redistribution,2026-09-13,ST01-034
ST01-036.webp,tcg_identifier,train,dragon_ball_super,dragon_ball_super,dbs-cardgame.com:ST01-036,dbs-cardgame.com official card list — verify site terms before redistribution,2026-09-13,ST01-036
ST01-044.webp,tcg_identifier,train,dragon_ball_super,dragon_ball_super,dbs-cardgame.com:ST01-044,dbs-cardgame.com official card list — verify site terms before redistribution,2026-09-13,ST01-044
ST01-047.webp,tcg_identifier,train,dragon_ball_super,dragon_ball_super,dbs-cardgame.com:ST01-047,dbs-cardgame.com official card list — verify site terms before redistribution,2026-09-13,ST01-047
ST01-052.webp,tcg_identifier,train,dragon_ball_super,dragon_ball_super,dbs-cardgame.com:ST01-052,dbs-cardgame.com official card list — verify site terms before redistribution,2026-09-13,ST01-052
ST01-054.webp,tcg_identifier,train,dragon_ball_super,dragon_ball_super,dbs-cardgame.com:ST01-054,dbs-cardgame.com official card list — verify site terms before redistribution,2026-09-13,ST01-054
ST01-063.webp,tcg_identifier,train,dragon_ball_super,dragon_ball_super,dbs-cardgame.com:ST01-063,dbs-cardgame.com official card list — verify site terms before redistribution,2026-09-13,ST01-063
68J8LFDffgJ8j6RJ6FhmD.webp,tcg_identifier,test,flesh_and_blood,flesh_and_blood,the-fab-cube/flesh-and-blood-cards:68J8LFDffgJ8j6RJ6FhmD,Open-source community dataset — check repo LICENSE before redistribution,2026-09-13,Rally the Rearguard
6RmpNRmdhQFNjJTqtRwbK.webp,tcg_identifier,test,flesh_and_blood,flesh_and_blood,the-fab-cube/flesh-and-blood-cards:6RmpNRmdhQFNjJTqtRwbK,Open-source community dataset — check repo LICENSE before redistribution,2026-09-13,Hyper Inflation
7ckBwwLJzbdbMHW7kWnNw.webp,tcg_identifier,test,flesh_and_blood,flesh_and_blood,the-fab-cube/flesh-and-blood-cards:7ckBwwLJzbdbMHW7kWnNw,Open-source community dataset — check repo LICENSE before redistribution,2026-09-13,Fight Fair
7frtgrpJFT9fmwbnbfrP6.webp,tcg_identifier,test,flesh_and_blood,flesh_and_blood,the-fab-cube/flesh-and-blood-cards:7frtgrpJFT9fmwbnbfrP6,Open-source community dataset — check repo LICENSE before redistribution,2026-09-13,Life of the Party
7rQWjNgrPmCm9wJRNHdbG.webp,tcg_identifier,test,flesh_and_blood,flesh_and_blood,the-fab-cube/flesh-and-blood-cards:7rQWjNgrPmCm9wJRNHdbG,Open-source community dataset — check repo LICENSE before redistribution,2026-09-13,Runebleed Robe
B7Db99Nw9PFrJLmRzPT7t.webp,tcg_identifier,test,flesh_and_blood,flesh_and_blood,the-fab-cube/flesh-and-blood-cards:B7Db99Nw9PFrJLmRzPT7t,Open-source community dataset — check repo LICENSE before redistribution,2026-09-13,Money Where Ya Mouth Is
BCBhknzq8gBBhFFFFTGLc.webp,tcg_identifier,test,flesh_and_blood,flesh_and_blood,the-fab-cube/flesh-and-blood-cards:BCBhknzq8gBBhFFFFTGLc,Open-source community dataset — check repo LICENSE before redistribution,2026-09-13,Vexing Malice
BF7rFRwnNckBK8cMGpKHH.webp,tcg_identifier,test,flesh_and_blood,flesh_and_blood,the-fab-cube/flesh-and-blood-cards:BF7rFRwnNckBK8cMGpKHH,Open-source community dataset — check repo LICENSE before redistribution,2026-09-13,High Octane
BWzDHWcRKC7nLCnT9NWnb.webp,tcg_identifier,test,flesh_and_blood,flesh_and_blood,the-fab-cube/flesh-and-blood-cards:BWzDHWcRKC7nLCnT9NWnb,Open-source community dataset — check repo LICENSE before redistribution,2026-09-13,Drag Down
BbhMcGn9tRzPq6qdt8f8W.webp,tcg_identifier,test,flesh_and_blood,flesh_and_blood,the-fab-cube/flesh-and-blood-cards:BbhMcGn9tRzPq6qdt8f8W,Open-source community dataset — check repo LICENSE before redistribution,2026-09-13,Big Bertha
Bc9QPMHJ7dP6c8mtrhjrQ.webp,tcg_identifier,test,flesh_and_blood,flesh_and_blood,the-fab-cube/flesh-and-blood-cards:Bc9QPMHJ7dP6c8mtrhjrQ,Open-source community dataset — check repo LICENSE before redistribution,2026-09-13,Weave Lightning
BnQtggKJtBNmpqKR7NWBH.webp,tcg_identifier,test,flesh_and_blood,flesh_and_blood,the-fab-cube/flesh-and-blood-cards:BnQtggKJtBNmpqKR7NWBH,Open-source community dataset — check repo LICENSE before redistribution,2026-09-13,Seeds of Agony
CBzHmdKBFTmnLKHzWgk86.webp,tcg_identifier,test,flesh_and_blood,flesh_and_blood,the-fab-cube/flesh-and-blood-cards:CBzHmdKBFTmnLKHzWgk86,Open-source community dataset — check repo LICENSE before redistribution,2026-09-13,Disturb the Peace
DHrjJHjkLLHGd8FPnBrwW.webp,tcg_identifier,test,flesh_and_blood,flesh_and_blood,the-fab-cube/flesh-and-blood-cards:DHrjJHjkLLHGd8FPnBrwW,Open-source community dataset — check repo LICENSE before redistribution,2026-09-13,Wee Wrecking Ball
DTPnFNqr9N8NcWNpDDC8B.webp,tcg_identifier,test,flesh_and_blood,flesh_and_blood,the-fab-cube/flesh-and-blood-cards:DTPnFNqr9N8NcWNpDDC8B,Open-source community dataset — check repo LICENSE before redistribution,2026-09-13,Deathly Delight
FG8PKbFmKK7Tgck8BjrdW.webp,tcg_identifier,test,flesh_and_blood,flesh_and_blood,the-fab-cube/flesh-and-blood-cards:FG8PKbFmKK7Tgck8BjrdW,Open-source community dataset — check repo LICENSE before redistribution,2026-09-13,Money or Your Life?
FQ89dPqtqmkWFJDRrrHHg.webp,tcg_identifier,test,flesh_and_blood,flesh_and_blood,the-fab-cube/flesh-and-blood-cards:FQ89dPqtqmkWFJDRrrHHg,Open-source community dataset — check repo LICENSE before redistribution,2026-09-13,Who's the Tough Guy?
Fkndk7fpqjJMjK7MWgwqk.webp,tcg_identifier,test,flesh_and_blood,flesh_and_blood,the-fab-cube/flesh-and-blood-cards:Fkndk7fpqjJMjK7MWgwqk,Open-source community dataset — check repo LICENSE before redistribution,2026-09-13,Shove Off
HpcmJjndDjCmChMWWDnnc.webp,tcg_identifier,test,flesh_and_blood,flesh_and_blood,the-fab-cube/flesh-and-blood-cards:HpcmJjndDjCmChMWWDnnc,Open-source community dataset — check repo LICENSE before redistribution,2026-09-13,Whisper of the Oracle
JR9JmbdnQ8mTLfjMHf9n8.webp,tcg_identifier,test,flesh_and_blood,flesh_and_blood,the-fab-cube/flesh-and-blood-cards:JR9JmbdnQ8mTLfjMHf9n8,Open-source community dataset — check repo LICENSE before redistribution,2026-09-13,"Suraya, Archangel of Erudition"
JfndQHGQ9CTQ8FPcFC6RH.webp,tcg_identifier,test,flesh_and_blood,flesh_and_blood,the-fab-cube/flesh-and-blood-cards:JfndQHGQ9CTQ8FPcFC6RH,Open-source community dataset — check repo LICENSE before redistribution,2026-09-13,Cryptic Crossing
KWpp9Jg6QBftjK9HKNNKW.webp,tcg_identifier,test,flesh_and_blood,flesh_and_blood,the-fab-cube/flesh-and-blood-cards:KWpp9Jg6QBftjK9HKNNKW,Open-source community dataset — check repo LICENSE before redistribution,2026-09-13,Hemorrhage Bore
N9QrfGfPbL9NHPcRT6Nd7.webp,tcg_identifier,test,flesh_and_blood,flesh_and_blood,the-fab-cube/flesh-and-blood-cards:N9QrfGfPbL9NHPcRT6Nd7,Open-source community dataset — check repo LICENSE before redistribution,2026-09-13,Deadwood Dirge
NLQzm9gf8hckWCdCrC8bp.webp,tcg_identifier,test,flesh_and_blood,flesh_and_blood,the-fab-cube/flesh-and-blood-cards:NLQzm9gf8hckWCdCrC8bp,Open-source community dataset — check repo LICENSE before redistribution,2026-09-13,Red Lure Harpoon
NdwNmwRFRBQ8hFnrRTJcG.webp,tcg_identifier,test,flesh_and_blood,flesh_and_blood,the-fab-cube/flesh-and-blood-cards:NdwNmwRFRBQ8hFnrRTJcG,Open-source community dataset — check repo LICENSE before redistribution,2026-09-13,Vigorous Smashup
NrW7LgbzfgBGPCwhBRkKL.webp,tcg_identifier,test,flesh_and_blood,flesh_and_blood,the-fab-cube/flesh-and-blood-cards:NrW7LgbzfgBGPCwhBRkKL,Open-source community dataset — check repo LICENSE before redistribution,2026-09-13,Gold Hunter Lightsail
PFmgFK9dFr8q6PrpJFpPG.webp,tcg_identifier,test,flesh_and_blood,flesh_and_blood,the-fab-cube/flesh-and-blood-cards:PFmgFK9dFr8q6PrpJFpPG,Open-source community dataset — check repo LICENSE before redistribution,2026-09-13,"Lexi, Livewire"
PTjbDJpDMHwR6TdJkBLtr.webp,tcg_identifier,test,flesh_and_blood,flesh_and_blood,the-fab-cube/flesh-and-blood-cards:PTjbDJpDMHwR6TdJkBLtr,Open-source community dataset — check repo LICENSE before redistribution,2026-09-13,Vestige of Sol
PnhGtMCHdMDGwzLj9JGwQ.webp,tcg_identifier,test,flesh_and_blood,flesh_and_blood,the-fab-cube/flesh-and-blood-cards:PnhGtMCHdMDGwzLj9JGwQ,Open-source community dataset — check repo LICENSE before redistribution,2026-09-13,Mindstate of Tiger
Q8zWBnk8WGTkgwzHG8pcp.webp,tcg_identifier,test,flesh_and_blood,flesh_and_blood,the-fab-cube/flesh-and-blood-cards:Q8zWBnk8WGTkgwzHG8pcp,Open-source community dataset — check repo LICENSE before redistribution,2026-09-13,Infect
QBDrnc9CmJD6BdzzhQGjJ.webp,tcg_identifier,test,flesh_and_blood,flesh_and_blood,the-fab-cube/flesh-and-blood-cards:QBDrnc9CmJD6BdzzhQGjJ,Open-source community dataset — check repo LICENSE before redistribution,2026-09-13,Fleece the Frail
QNjHwWjJFcDtq8KqpHRjP.webp,tcg_identifier,test,flesh_and_blood,flesh_and_blood,the-fab-cube/flesh-and-blood-cards:QNjHwWjJFcDtq8KqpHRjP,Open-source community dataset — check repo LICENSE before redistribution,2026-09-13,"Bubba-Lubba, Run Aground"
QcJRp9NTtCcp6CTBkkGRt.webp,tcg_identifier,test,flesh_and_blood,flesh_and_blood,the-fab-cube/flesh-and-blood-cards:QcJRp9NTtCcp6CTBkkGRt,Open-source community dataset — check repo LICENSE before redistribution,2026-09-13,Spellbane Trap
RNCWjkhhdhrHCNRncqznq.webp,tcg_identifier,test,flesh_and_blood,flesh_and_blood,the-fab-cube/flesh-and-blood-cards:RNCWjkhhdhrHCNRncqznq,Open-source community dataset — check repo LICENSE before redistribution,2026-09-13,Construct Bank Breaker
RnbGbqBjNFp8HMNrzKWHp.webp,tcg_identifier,test,flesh_and_blood,flesh_and_blood,the-fab-cube/flesh-and-blood-cards:RnbGbqBjNFp8HMNrzKWHp,Open-source community dataset — check repo LICENSE before redistribution,2026-09-13,Stony Woottonhog
W6R6JDdMT8g77qmHJCDhG.webp,tcg_identifier,test,flesh_and_blood,flesh_and_blood,the-fab-cube/flesh-and-blood-cards:W6R6JDdMT8g77qmHJCDhG,Open-source community dataset — check repo LICENSE before redistribution,2026-09-13,Rake the Embers
WWnjTMBz9qJNpHmNgdRN9.webp,tcg_identifier,test,flesh_and_blood,flesh_and_blood,the-fab-cube/flesh-and-blood-cards:WWnjTMBz9qJNpHmNgdRN9,Open-source community dataset — check repo LICENSE before redistribution,2026-09-13,Searing Ray
Wkmf8d6QjLGFqWMF8bcw6.webp,tcg_identifier,test,flesh_and_blood,flesh_and_blood,the-fab-cube/flesh-and-blood-cards:Wkmf8d6QjLGFqWMF8bcw6,Open-source community dataset — check repo LICENSE before redistribution,2026-09-13,Surgical Extraction
bLTggK96grfrGWTLqGrqR.webp,tcg_identifier,test,flesh_and_blood,flesh_and_blood,the-fab-cube/flesh-and-blood-cards:bLTggK96grfrGWTLqGrqR,Open-source community dataset — check repo LICENSE before redistribution,2026-09-13,Conflicting Thoughts
bbGgprKNzmQPQP9P6CQkL.webp,tcg_identifier,test,flesh_and_blood,flesh_and_blood,the-fab-cube/flesh-and-blood-cards:bbGgprKNzmQPQP9P6CQkL,Open-source community dataset — check repo LICENSE before redistribution,2026-09-13,Aether Flare
bzPDgqKBRNH7JQjcqWbfk.webp,tcg_identifier,test,flesh_and_blood,flesh_and_blood,the-fab-cube/flesh-and-blood-cards:bzPDgqKBRNH7JQjcqWbfk,Open-source community dataset — check repo LICENSE before redistribution,2026-09-13,Fault Line
dw8F9WDckzGdK6hhQWnTt.webp,tcg_identifier,test,flesh_and_blood,flesh_and_blood,the-fab-cube/flesh-and-blood-cards:dw8F9WDckzGdK6hhQWnTt,Open-source community dataset — check repo LICENSE before redistribution,2026-09-13,Frontline Helm
fb7rNjThhmgFtrjmGcc6k.webp,tcg_identifier,test,flesh_and_blood,flesh_and_blood,the-fab-cube/flesh-and-blood-cards:fb7rNjThhmgFtrjmGcc6k,Open-source community dataset — check repo LICENSE before redistribution,2026-09-13,Ice Bolt
hDrpDgFFTLFGDTHrBCfzC.webp,tcg_identifier,test,flesh_and_blood,flesh_and_blood,the-fab-cube/flesh-and-blood-cards:hDrpDgFFTLFGDTHrBCfzC,Open-source community dataset — check repo LICENSE before redistribution,2026-09-13,Stony Woottonhog
jHLRPPQDpFDLGHJkPKQtz.webp,tcg_identifier,test,flesh_and_blood,flesh_and_blood,the-fab-cube/flesh-and-blood-cards:jHLRPPQDpFDLGHJkPKQtz,Open-source community dataset — check repo LICENSE before redistribution,2026-09-13,Entwine Ice
jqpfzHrQb9QC8BptMgLQJ.webp,tcg_identifier,test,flesh_and_blood,flesh_and_blood,the-fab-cube/flesh-and-blood-cards:jqpfzHrQb9QC8BptMgLQJ,Open-source community dataset — check repo LICENSE before redistribution,2026-09-13,Yinti Yanti
kRPqHdCckKBKfRwjbfzNT.webp,tcg_identifier,test,flesh_and_blood,flesh_and_blood,the-fab-cube/flesh-and-blood-cards:kRPqHdCckKBKfRwjbfzNT,Open-source community dataset — check repo LICENSE before redistribution,2026-09-13,"Kano, Dracai of Aether"
n6kmDfMCtWLDjQ7jgKW6z.webp,tcg_identifier,test,flesh_and_blood,flesh_and_blood,the-fab-cube/flesh-and-blood-cards:n6kmDfMCtWLDjQ7jgKW6z,Open-source community dataset — check repo LICENSE before redistribution,2026-09-13,Zipper Hit
ntkQpCD8QdNG6KMNchJNw.webp,tcg_identifier,test,flesh_and_blood,flesh_and_blood,the-fab-cube/flesh-and-blood-cards:ntkQpCD8QdNG6KMNchJNw,Open-source community dataset — check repo LICENSE before redistribution,2026-09-13,Aether Quickening
p6Q8Fw6T7dfBwGGpwQDrq.webp,tcg_identifier,test,flesh_and_blood,flesh_and_blood,the-fab-cube/flesh-and-blood-cards:p6Q8Fw6T7dfBwGGpwQDrq,Open-source community dataset — check repo LICENSE before redistribution,2026-09-13,Take the Upper Hand
qRkrJ8t9RgGhDgpMpBBFd.webp,tcg_identifier,test,flesh_and_blood,flesh_and_blood,the-fab-cube/flesh-and-blood-cards:qRkrJ8t9RgGhDgpMpBBFd,Open-source community dataset — check repo LICENSE before redistribution,2026-09-13,High Riser
r8Tw7FhnRPfndW8kWB7Rr.webp,tcg_identifier,test,flesh_and_blood,flesh_and_blood,the-fab-cube/flesh-and-blood-cards:r8Tw7FhnRPfndW8kWB7Rr,Open-source community dataset — check repo LICENSE before redistribution,2026-09-13,Will of Arcana
rKp6tbNNd6qzQcJrqL9fG.webp,tcg_identifier,test,flesh_and_blood,flesh_and_blood,the-fab-cube/flesh-and-blood-cards:rKp6tbNNd6qzQcJrqL9fG,Open-source community dataset — check repo LICENSE before redistribution,2026-09-13,Dimenxxional Gateway
tFcNdRJcpB69qcCBpTL7c.webp,tcg_identifier,test,flesh_and_blood,flesh_and_blood,the-fab-cube/flesh-and-blood-cards:tFcNdRJcpB69qcCBpTL7c,Open-source community dataset — check repo LICENSE before redistribution,2026-09-13,In the Swing
tHhztGzBGFRrLKTWCtg7f.webp,tcg_identifier,test,flesh_and_blood,flesh_and_blood,the-fab-cube/flesh-and-blood-cards:tHhztGzBGFRrLKTWCtg7f,Open-source community dataset — check repo LICENSE before redistribution,2026-09-13,Death Touch
tJkqhqDjdMM76hrkMmJJD.webp,tcg_identifier,test,flesh_and_blood,flesh_and_blood,the-fab-cube/flesh-and-blood-cards:tJkqhqDjdMM76hrkMmJJD,Open-source community dataset — check repo LICENSE before redistribution,2026-09-13,Trap and Release
tnznnMJqJfzTqCn8QBgBz.webp,tcg_identifier,test,flesh_and_blood,flesh_and_blood,the-fab-cube/flesh-and-blood-cards:tnznnMJqJfzTqCn8QBgBz,Open-source community dataset — check repo LICENSE before redistribution,2026-09-13,Red Fin Harpoon
wMrpDKMP9BqdqWfhBG6mm.webp,tcg_identifier,test,flesh_and_blood,flesh_and_blood,the-fab-cube/flesh-and-blood-cards:wMrpDKMP9BqdqWfhBG6mm,Open-source community dataset — check repo LICENSE before redistribution,2026-09-13,Take That!
wQmDNJMgNTftTKBHcb9Rc.webp,tcg_identifier,test,flesh_and_blood,flesh_and_blood,the-fab-cube/flesh-and-blood-cards:wQmDNJMgNTftTKBHcb9Rc,Open-source community dataset — check repo LICENSE before redistribution,2026-09-13,Aphrodias
z7fKMTdrJ6jGBFWTMTbnF.webp,tcg_identifier,test,flesh_and_blood,flesh_and_blood,the-fab-cube/flesh-and-blood-cards:z7fKMTdrJ6jGBFWTMTbnF,Open-source community dataset — check repo LICENSE before redistribution,2026-09-13,Herald of Judgment
68gf9fggmcjDR7Tk78zJm.webp,tcg_identifier,train,flesh_and_blood,flesh_and_blood,the-fab-cube/flesh-and-blood-cards:68gf9fggmcjDR7Tk78zJm,Open-source community dataset — check repo LICENSE before redistribution,2026-09-13,Descend into Madness
6Q8jHk7BG7FzfmcnfBtgN.webp,tcg_identifier,train,flesh_and_blood,flesh_and_blood,the-fab-cube/flesh-and-blood-cards:6Q8jHk7BG7FzfmcnfBtgN,Open-source community dataset — check repo LICENSE before redistribution,2026-09-13,Cutpurse Rapier
6RzzhHKt8kjPMkfmQ9LqJ.webp,tcg_identifier,train,flesh_and_blood,flesh_and_blood,the-fab-cube/flesh-and-blood-cards:6RzzhHKt8kjPMkfmQ9LqJ,Open-source community dataset — check repo LICENSE before redistribution,2026-09-13,Art of the Phoenix: War
76MpwMj77CmK8wDp6HMDn.webp,tcg_identifier,train,flesh_and_blood,flesh_and_blood,the-fab-cube/flesh-and-blood-cards:76MpwMj77CmK8wDp6HMDn,Open-source community dataset — check repo LICENSE before redistribution,2026-09-13,Grasp of Darkness
7FKzc7kNTqjg78RNqwM77.webp,tcg_identifier,train,flesh_and_blood,flesh_and_blood,the-fab-cube/flesh-and-blood-cards:7FKzc7kNTqjg78RNqwM77,Open-source community dataset — check repo LICENSE before redistribution,2026-09-13,Undertow Stilettos
7WFnnN9jPJ8cpCzrKkwcG.webp,tcg_identifier,train,flesh_and_blood,flesh_and_blood,the-fab-cube/flesh-and-blood-cards:7WFnnN9jPJ8cpCzrKkwcG,Open-source community dataset — check repo LICENSE before redistribution,2026-09-13,Scout the Periphery
7c9ChFNmpbPDdgD7DNKth.webp,tcg_identifier,train,flesh_and_blood,flesh_and_blood,the-fab-cube/flesh-and-blood-cards:7c9ChFNmpbPDdgD7DNKth,Open-source community dataset — check repo LICENSE before redistribution,2026-09-13,Count Your Blessings
7gHjrqppMDhfhF9GTrBbM.webp,tcg_identifier,train,flesh_and_blood,flesh_and_blood,the-fab-cube/flesh-and-blood-cards:7gHjrqppMDhfhF9GTrBbM,Open-source community dataset — check repo LICENSE before redistribution,2026-09-13,Distant Rumbling
7gkkzWWDprGtBpfq8QPWC.webp,tcg_identifier,train,flesh_and_blood,flesh_and_blood,the-fab-cube/flesh-and-blood-cards:7gkkzWWDprGtBpfq8QPWC,Open-source community dataset — check repo LICENSE before redistribution,2026-09-13,Helm of Lignum Vitae
7hLgJ6QwzWmFrG8phh9qb.webp,tcg_identifier,train,flesh_and_blood,flesh_and_blood,the-fab-cube/flesh-and-blood-cards:7hLgJ6QwzWmFrG8phh9qb,Open-source community dataset — check repo LICENSE before redistribution,2026-09-13,Light it Up
7hgR7DHjmfrQq9wnbM798.webp,tcg_identifier,train,flesh_and_blood,flesh_and_blood,the-fab-cube/flesh-and-blood-cards:7hgR7DHjmfrQq9wnbM798,Open-source community dataset — check repo LICENSE before redistribution,2026-09-13,Yinti Yanti
7mWHRdqJGNzTkHwBqD78D.webp,tcg_identifier,train,flesh_and_blood,flesh_and_blood,the-fab-cube/flesh-and-blood-cards:7mWHRdqJGNzTkHwBqD78D,Open-source community dataset — check repo LICENSE before redistribution,2026-09-13,Hit the High Notes
7tkH9LH8hHKQLmBGNJrM6.webp,tcg_identifier,train,flesh_and_blood,flesh_and_blood,the-fab-cube/flesh-and-blood-cards:7tkH9LH8hHKQLmBGNJrM6,Open-source community dataset — check repo LICENSE before redistribution,2026-09-13,To the Point
89mKDmGqtctqmbdpthJhz.webp,tcg_identifier,train,flesh_and_blood,flesh_and_blood,the-fab-cube/flesh-and-blood-cards:89mKDmGqtctqmbdpthJhz,Open-source community dataset — check repo LICENSE before redistribution,2026-09-13,Commanding Performance
8N7gGzcDDNK7d8jFGPrR6.webp,tcg_identifier,train,flesh_and_blood,flesh_and_blood,the-fab-cube/flesh-and-blood-cards:8N7gGzcDDNK7d8jFGPrR6,Open-source community dataset — check repo LICENSE before redistribution,2026-09-13,Prime the Crowd
8QrLPLnBTwCjng6NzNtgp.webp,tcg_identifier,train,flesh_and_blood,flesh_and_blood,the-fab-cube/flesh-and-blood-cards:8QrLPLnBTwCjng6NzNtgp,Open-source community dataset — check repo LICENSE before redistribution,2026-09-13,Bastion of Duty
8jzNDBDqQhcHgJtG9JRF8.webp,tcg_identifier,train,flesh_and_blood,flesh_and_blood,the-fab-cube/flesh-and-blood-cards:8jzNDBDqQhcHgJtG9JRF8,Open-source community dataset — check repo LICENSE before redistribution,2026-09-13,Cloud Cover
9G9hzcppH7WtgccPwfdGC.webp,tcg_identifier,train,flesh_and_blood,flesh_and_blood,the-fab-cube/flesh-and-blood-cards:9G9hzcppH7WtgccPwfdGC,Open-source community dataset — check repo LICENSE before redistribution,2026-09-13,Clamp Press
9WJP989NgMhbHwL6h8rLR.webp,tcg_identifier,train,flesh_and_blood,flesh_and_blood,the-fab-cube/flesh-and-blood-cards:9WJP989NgMhbHwL6h8rLR,Open-source community dataset — check repo LICENSE before redistribution,2026-09-13,Depths of Despair
9bntMjr9pHrLdnpNmKtPk.webp,tcg_identifier,train,flesh_and_blood,flesh_and_blood,the-fab-cube/flesh-and-blood-cards:9bntMjr9pHrLdnpNmKtPk,Open-source community dataset — check repo LICENSE before redistribution,2026-09-13,Knife Through Butter
9cwfNrcbMw6CTpLWWwKnh.webp,tcg_identifier,train,flesh_and_blood,flesh_and_blood,the-fab-cube/flesh-and-blood-cards:9cwfNrcbMw6CTpLWWwKnh,Open-source community dataset — check repo LICENSE before redistribution,2026-09-13,Awakening Bellow
9gGmRdPMjFQjFWCzB7kWD.webp,tcg_identifier,train,flesh_and_blood,flesh_and_blood,the-fab-cube/flesh-and-blood-cards:9gGmRdPMjFQjFWCzB7kWD,Open-source community dataset — check repo LICENSE before redistribution,2026-09-13,Visit the Imperial Forge
9wKjTzmD9hzNBRc6PjLwf.webp,tcg_identifier,train,flesh_and_blood,flesh_and_blood,the-fab-cube/flesh-and-blood-cards:9wKjTzmD9hzNBRc6PjLwf,Open-source community dataset — check repo LICENSE before redistribution,2026-09-13,Expedite
9zPDb7dgNqTgDTpGNDQHg.webp,tcg_identifier,train,flesh_and_blood,flesh_and_blood,the-fab-cube/flesh-and-blood-cards:9zPDb7dgNqTgDTpGNDQHg,Open-source community dataset — check repo LICENSE before redistribution,2026-09-13,Endear Devotion
BCHMTFpN9Nb7JrWh6T6nk.webp,tcg_identifier,train,flesh_and_blood,flesh_and_blood,the-fab-cube/flesh-and-blood-cards:BCHMTFpN9Nb7JrWh6T6nk,Open-source community dataset — check repo LICENSE before redistribution,2026-09-13,Rifted Torment
BMgj68hT9jQHQ6nFqhTDT.webp,tcg_identifier,train,flesh_and_blood,flesh_and_blood,the-fab-cube/flesh-and-blood-cards:BMgj68hT9jQHQ6nFqhTDT,Open-source community dataset — check repo LICENSE before redistribution,2026-09-13,Runechant of Sloth
BcfndcHwnNwgDkzbrCPJF.webp,tcg_identifier,train,flesh_and_blood,flesh_and_blood,the-fab-cube/flesh-and-blood-cards:BcfndcHwnNwgDkzbrCPJF,Open-source community dataset — check repo LICENSE before redistribution,2026-09-13,Right Behind You
Bd8bgdrphcfzHhTNtbmPr.webp,tcg_identifier,train,flesh_and_blood,flesh_and_blood,the-fab-cube/flesh-and-blood-cards:Bd8bgdrphcfzHhTNtbmPr,Open-source community dataset — check repo LICENSE before redistribution,2026-09-13,Aether Spindle
BdnFGgLNjHbmMd7jQnjQz.webp,tcg_identifier,train,flesh_and_blood,flesh_and_blood,the-fab-cube/flesh-and-blood-cards:BdnFGgLNjHbmMd7jQnjQz,Open-source community dataset — check repo LICENSE before redistribution,2026-09-13,Strong Stomach for Adversity
BnzFFnTJdw9HP9cP6fqP8.webp,tcg_identifier,train,flesh_and_blood,flesh_and_blood,the-fab-cube/flesh-and-blood-cards:BnzFFnTJdw9HP9cP6fqP8,Open-source community dataset — check repo LICENSE before redistribution,2026-09-13,Chromatic Refinement
Bqj7zQj6nRg69nWJpqhdG.webp,tcg_identifier,train,flesh_and_blood,flesh_and_blood,the-fab-cube/flesh-and-blood-cards:Bqj7zQj6nRg69nWJpqhdG,Open-source community dataset — check repo LICENSE before redistribution,2026-09-13,Scramble Pulse
CKwppWjqB6NhjDKqcgPjM.webp,tcg_identifier,train,flesh_and_blood,flesh_and_blood,the-fab-cube/flesh-and-blood-cards:CKwppWjqB6NhjDKqcgPjM,Open-source community dataset — check repo LICENSE before redistribution,2026-09-13,Celestial Reprimand
CNpTdPFLhRdt6N7qgQqkC.webp,tcg_identifier,train,flesh_and_blood,flesh_and_blood,the-fab-cube/flesh-and-blood-cards:CNpTdPFLhRdt6N7qgQqkC,Open-source community dataset — check repo LICENSE before redistribution,2026-09-13,Aether Slash
CQRFRLf9kHFWnrmqfFRTn.webp,tcg_identifier,train,flesh_and_blood,flesh_and_blood,the-fab-cube/flesh-and-blood-cards:CQRFRLf9kHFWnrmqfFRTn,Open-source community dataset — check repo LICENSE before redistribution,2026-09-13,Enigma Chimera
CdnTg7KmhKzWpJcd9JHrR.webp,tcg_identifier,train,flesh_and_blood,flesh_and_blood,the-fab-cube/flesh-and-blood-cards:CdnTg7KmhKzWpJcd9JHrR,Open-source community dataset — check repo LICENSE before redistribution,2026-09-13,Bask in Your Own Greatness
CgNjQcrqDkb7tRMtdkBMJ.webp,tcg_identifier,train,flesh_and_blood,flesh_and_blood,the-fab-cube/flesh-and-blood-cards:CgNjQcrqDkb7tRMtdkBMJ,Open-source community dataset — check repo LICENSE before redistribution,2026-09-13,Big Slick
ChBRBzBFFFMhqj9tp8mBd.webp,tcg_identifier,train,flesh_and_blood,flesh_and_blood,the-fab-cube/flesh-and-blood-cards:ChBRBzBFFFMhqj9tp8mBd,Open-source community dataset — check repo LICENSE before redistribution,2026-09-13,Caress of the Reaper
Cqk6dND8KnJ6gBjQNQjCq.webp,tcg_identifier,train,flesh_and_blood,flesh_and_blood,the-fab-cube/flesh-and-blood-cards:Cqk6dND8KnJ6gBjQNQjCq,Open-source community dataset — check repo LICENSE before redistribution,2026-09-13,Third Eye of the Sphinx
D6DtJ7kmNcPBMHWrghGTj.webp,tcg_identifier,train,flesh_and_blood,flesh_and_blood,the-fab-cube/flesh-and-blood-cards:D6DtJ7kmNcPBMHWrghGTj,Open-source community dataset — check repo LICENSE before redistribution,2026-09-13,Electrostatic Discharge
DBKWbWMbrt7WK7KwmNQRL.webp,tcg_identifier,train,flesh_and_blood,flesh_and_blood,the-fab-cube/flesh-and-blood-cards:DBKWbWMbrt7WK7KwmNQRL,Open-source community dataset — check repo LICENSE before redistribution,2026-09-13,"Ira, Scarlet Revenger"
DC8RfMDzMnthBkWJgmWpQ.webp,tcg_identifier,train,flesh_and_blood,flesh_and_blood,the-fab-cube/flesh-and-blood-cards:DC8RfMDzMnthBkWJgmWpQ,Open-source community dataset — check repo LICENSE before redistribution,2026-09-13,Zephyr Needle
DKNrgnhnpbKFJLHhKKRRm.webp,tcg_identifier,train,flesh_and_blood,flesh_and_blood,the-fab-cube/flesh-and-blood-cards:DKNrgnhnpbKFJLHhKKRRm,Open-source community dataset — check repo LICENSE before redistribution,2026-09-13,Sigil of Gravespawning
DTLGtkQ8zNdPQPPfDpg6n.webp,tcg_identifier,train,flesh_and_blood,flesh_and_blood,the-fab-cube/flesh-and-blood-cards:DTLGtkQ8zNdPQPPfDpg6n,Open-source community dataset — check repo LICENSE before redistribution,2026-09-13,Shield Wall
DbbhCQQgKQfTCtnMzFr6P.webp,tcg_identifier,train,flesh_and_blood,flesh_and_blood,the-fab-cube/flesh-and-blood-cards:DbbhCQQgKQfTCtnMzFr6P,Open-source community dataset — check repo LICENSE before redistribution,2026-09-13,Surging Militia
DmQPbpRWTzKJcwKLdB88B.webp,tcg_identifier,train,flesh_and_blood,flesh_and_blood,the-fab-cube/flesh-and-blood-cards:DmQPbpRWTzKJcwKLdB88B,Open-source community dataset — check repo LICENSE before redistribution,2026-09-13,Dominate the Competition
FB87tWPkwcRzmzjLcDfMD.webp,tcg_identifier,train,flesh_and_blood,flesh_and_blood,the-fab-cube/flesh-and-blood-cards:FB87tWPkwcRzmzjLcDfMD,Open-source community dataset — check repo LICENSE before redistribution,2026-09-13,Put 'Em In Their Place
FHdcQjB7mGbTgzJnmPmhc.webp,tcg_identifier,train,flesh_and_blood,flesh_and_blood,the-fab-cube/flesh-and-blood-cards:FHdcQjB7mGbTgzJnmPmhc,Open-source community dataset — check repo LICENSE before redistribution,2026-09-13,Havoc Wrap
FM6BwCnpcNT6TQCJmqWgf.webp,tcg_identifier,train,flesh_and_blood,flesh_and_blood,the-fab-cube/flesh-and-blood-cards:FM6BwCnpcNT6TQCJmqWgf,Open-source community dataset — check repo LICENSE before redistribution,2026-09-13,Conflicting Thoughts
Fm6dT9jM6BhLtRphtfrFR.webp,tcg_identifier,train,flesh_and_blood,flesh_and_blood,the-fab-cube/flesh-and-blood-cards:Fm6dT9jM6BhLtRphtfrFR,Open-source community dataset — check repo LICENSE before redistribution,2026-09-13,Blazen Yoroi
Fmf8trg9w8B8BBbWrf8w9.webp,tcg_identifier,train,flesh_and_blood,flesh_and_blood,the-fab-cube/flesh-and-blood-cards:Fmf8trg9w8B8BBbWrf8w9,Open-source community dataset — check repo LICENSE before redistribution,2026-09-13,Boltyn
FzmdMTfjQrhzn8bNBhhDw.webp,tcg_identifier,train,flesh_and_blood,flesh_and_blood,the-fab-cube/flesh-and-blood-cards:FzmdMTfjQrhzn8bNBhhDw,Open-source community dataset — check repo LICENSE before redistribution,2026-09-13,Become the Arknight
GKfLHFwG6TzTggQRmt9Nr.webp,tcg_identifier,train,flesh_and_blood,flesh_and_blood,the-fab-cube/flesh-and-blood-cards:GKfLHFwG6TzTggQRmt9Nr,Open-source community dataset — check repo LICENSE before redistribution,2026-09-13,Tension in the Air
GQCmNFkh9NCHrf7FNDrg9.webp,tcg_identifier,train,flesh_and_blood,flesh_and_blood,the-fab-cube/flesh-and-blood-cards:GQCmNFkh9NCHrf7FNDrg9,Open-source community dataset — check repo LICENSE before redistribution,2026-09-13,Poisoned Blade
GQDtpfrtDcDkPDFPwjRmf.webp,tcg_identifier,train,flesh_and_blood,flesh_and_blood,the-fab-cube/flesh-and-blood-cards:GQDtpfrtDcDkPDFPwjRmf,Open-source community dataset — check repo LICENSE before redistribution,2026-09-13,Evo Beta Base Legs
GTWTq8HRqQM9nCCqQcTPD.webp,tcg_identifier,train,flesh_and_blood,flesh_and_blood,the-fab-cube/flesh-and-blood-cards:GTWTq8HRqQM9nCCqQcTPD,Open-source community dataset — check repo LICENSE before redistribution,2026-09-13,System Failure
GmNDLPfF8MFkTqkrbhLnp.webp,tcg_identifier,train,flesh_and_blood,flesh_and_blood,the-fab-cube/flesh-and-blood-cards:GmNDLPfF8MFkTqkrbhLnp,Open-source community dataset — check repo LICENSE before redistribution,2026-09-13,Hulk Up
HDkhnPHFCdnwmfMDrmHPN.webp,tcg_identifier,train,flesh_and_blood,flesh_and_blood,the-fab-cube/flesh-and-blood-cards:HDkhnPHFCdnwmfMDrmHPN,Open-source community dataset — check repo LICENSE before redistribution,2026-09-13,Stormshatter
HDtcFpfJGnLpQW7LfmM7k.webp,tcg_identifier,train,flesh_and_blood,flesh_and_blood,the-fab-cube/flesh-and-blood-cards:HDtcFpfJGnLpQW7LfmM7k,Open-source community dataset — check repo LICENSE before redistribution,2026-09-13,Runechant of Envy
HMFLP9L76wCJBGGhBKChT.webp,tcg_identifier,train,flesh_and_blood,flesh_and_blood,the-fab-cube/flesh-and-blood-cards:HMFLP9L76wCJBGGhBKChT,Open-source community dataset — check repo LICENSE before redistribution,2026-09-13,Spring Tidings
HpFndzDqQGcQWpzcKjJLc.webp,tcg_identifier,train,flesh_and_blood,flesh_and_blood,the-fab-cube/flesh-and-blood-cards:HpFndzDqQGcQWpzcKjJLc,Open-source community dataset — check repo LICENSE before redistribution,2026-09-13,Captain of the Guard
HqttnTjTP6NRFhLcmPN89.webp,tcg_identifier,train,flesh_and_blood,flesh_and_blood,the-fab-cube/flesh-and-blood-cards:HqttnTjTP6NRFhLcmPN89,Open-source community dataset — check repo LICENSE before redistribution,2026-09-13,Rotary Ram
JBkC6qp77CfhzhkphHMPC.webp,tcg_identifier,train,flesh_and_blood,flesh_and_blood,the-fab-cube/flesh-and-blood-cards:JBkC6qp77CfhzhkphHMPC,Open-source community dataset — check repo LICENSE before redistribution,2026-09-13,Coalescence Mirage
JGTWPHkq97qTw6qtMgNHN.webp,tcg_identifier,train,flesh_and_blood,flesh_and_blood,the-fab-cube/flesh-and-blood-cards:JGTWPHkq97qTw6qtMgNHN,Open-source community dataset — check repo LICENSE before redistribution,2026-09-13,Rugged Roller
JfdLrjqqCPgLQkrhtFqcz.webp,tcg_identifier,train,flesh_and_blood,flesh_and_blood,the-fab-cube/flesh-and-blood-cards:JfdLrjqqCPgLQkrhtFqcz,Open-source community dataset — check repo LICENSE before redistribution,2026-09-13,Jack Be Nimble
JkQtdwTJzQ7Bw8g8wNtCh.webp,tcg_identifier,train,flesh_and_blood,flesh_and_blood,the-fab-cube/flesh-and-blood-cards:JkQtdwTJzQ7Bw8g8wNtCh,Open-source community dataset — check repo LICENSE before redistribution,2026-09-13,Command Respect
JwhRzNPr9KNpMHzP8kWNG.webp,tcg_identifier,train,flesh_and_blood,flesh_and_blood,the-fab-cube/flesh-and-blood-cards:JwhRzNPr9KNpMHzP8kWNG,Open-source community dataset — check repo LICENSE before redistribution,2026-09-13,Ornate Tessen
K6PPGtffFCcGHLNkQbdpm.webp,tcg_identifier,train,flesh_and_blood,flesh_and_blood,the-fab-cube/flesh-and-blood-cards:K6PPGtffFCcGHLNkQbdpm,Open-source community dataset — check repo LICENSE before redistribution,2026-09-13,Fractal Creation
KC6KQzjk8FkMhwN7zMKLQ.webp,tcg_identifier,train,flesh_and_blood,flesh_and_blood,the-fab-cube/flesh-and-blood-cards:KC6KQzjk8FkMhwN7zMKLQ,Open-source community dataset — check repo LICENSE before redistribution,2026-09-13,Deep Recesses of Existence
KGCccRcdK768czQhpzLPq.webp,tcg_identifier,train,flesh_and_blood,flesh_and_blood,the-fab-cube/flesh-and-blood-cards:KGCccRcdK768czQhpzLPq,Open-source community dataset — check repo LICENSE before redistribution,2026-09-13,Pouncing Qi
KHcpQKMtfHB7Cbr7hdCB9.webp,tcg_identifier,train,flesh_and_blood,flesh_and_blood,the-fab-cube/flesh-and-blood-cards:KHcpQKMtfHB7Cbr7hdCB9,Open-source community dataset — check repo LICENSE before redistribution,2026-09-13,Sedation Shot
KwnFBgNNkWthnbL6kC8Cj.webp,tcg_identifier,train,flesh_and_blood,flesh_and_blood,the-fab-cube/flesh-and-blood-cards:KwnFBgNNkWthnbL6kC8Cj,Open-source community dataset — check repo LICENSE before redistribution,2026-09-13,Combustible Courier
KwphDpWLnJrjGGMGnJc9n.webp,tcg_identifier,train,flesh_and_blood,flesh_and_blood,the-fab-cube/flesh-and-blood-cards:KwphDpWLnJrjGGMGnJc9n,Open-source community dataset — check repo LICENSE before redistribution,2026-09-13,Tough Old Wrench
LRjFLRLMdzg9fpWDWQwMC.webp,tcg_identifier,train,flesh_and_blood,flesh_and_blood,the-fab-cube/flesh-and-blood-cards:LRjFLRLMdzg9fpWDWQwMC,Open-source community dataset — check repo LICENSE before redistribution,2026-09-13,Arcane Polarity
LgNWtWWTNFLDnWzjbkTqT.webp,tcg_identifier,train,flesh_and_blood,flesh_and_blood,the-fab-cube/flesh-and-blood-cards:LgNWtWWTNFLDnWzjbkTqT,Open-source community dataset — check repo LICENSE before redistribution,2026-09-13,Astravolt Elemental
Lw7QfMJwTckhkKbK9Wrhm.webp,tcg_identifier,train,flesh_and_blood,flesh_and_blood,the-fab-cube/flesh-and-blood-cards:Lw7QfMJwTckhkKbK9Wrhm,Open-source community dataset — check repo LICENSE before redistribution,2026-09-13,Vigorous Windup
LwHFKjjChb9JFQjLmrGMq.webp,tcg_identifier,train,flesh_and_blood,flesh_and_blood,the-fab-cube/flesh-and-blood-cards:LwHFKjjChb9JFQjLmrGMq,Open-source community dataset — check repo LICENSE before redistribution,2026-09-13,Splatter Skull
MNwTgMKtfwcbBTGTLCbzt.webp,tcg_identifier,train,flesh_and_blood,flesh_and_blood,the-fab-cube/flesh-and-blood-cards:MNwTgMKtfwcbBTGTLCbzt,Open-source community dataset — check repo LICENSE before redistribution,2026-09-13,Induction Chamber
MfJzLNc8CpcPLnpqfQGtN.webp,tcg_identifier,train,flesh_and_blood,flesh_and_blood,the-fab-cube/flesh-and-blood-cards:MfJzLNc8CpcPLnpqfQGtN,Open-source community dataset — check repo LICENSE before redistribution,2026-09-13,Proto Base Head
MtPhfMbKcN8bN7DpPjNHT.webp,tcg_identifier,train,flesh_and_blood,flesh_and_blood,the-fab-cube/flesh-and-blood-cards:MtPhfMbKcN8bN7DpPjNHT,Open-source community dataset — check repo LICENSE before redistribution,2026-09-13,Endless Maw
NPjFdzCwz8HKdGkcwLPmw.webp,tcg_identifier,train,flesh_and_blood,flesh_and_blood,the-fab-cube/flesh-and-blood-cards:NPjFdzCwz8HKdGkcwLPmw,Open-source community dataset — check repo LICENSE before redistribution,2026-09-13,HMS Marlin
NQDNdGfjP6bd8WHP8QNnt.webp,tcg_identifier,train,flesh_and_blood,flesh_and_blood,the-fab-cube/flesh-and-blood-cards:NQDNdGfjP6bd8WHP8QNnt,Open-source community dataset — check repo LICENSE before redistribution,2026-09-13,Arcanite Skullcap
NbddFmpDCff8m7FWk6dnQ.webp,tcg_identifier,train,flesh_and_blood,flesh_and_blood,the-fab-cube/flesh-and-blood-cards:NbddFmpDCff8m7FWk6dnQ,Open-source community dataset — check repo LICENSE before redistribution,2026-09-13,Spike with Inertia
NdJfHMk8nMjh67drcwMK7.webp,tcg_identifier,train,flesh_and_blood,flesh_and_blood,the-fab-cube/flesh-and-blood-cards:NdJfHMk8nMjh67drcwMK7,Open-source community dataset — check repo LICENSE before redistribution,2026-09-13,Bonebreaker Bellow
NdcgmHW9WJnCHKNfLRhDd.webp,tcg_identifier,train,flesh_and_blood,flesh_and_blood,the-fab-cube/flesh-and-blood-cards:NdcgmHW9WJnCHKNfLRhDd,Open-source community dataset — check repo LICENSE before redistribution,2026-09-13,Escalate Bloodshed
Nw6hkj6NCpWtBN9BcTFcq.webp,tcg_identifier,train,flesh_and_blood,flesh_and_blood,the-fab-cube/flesh-and-blood-cards:Nw6hkj6NCpWtBN9BcTFcq,Open-source community dataset — check repo LICENSE before redistribution,2026-09-13,Essence of Ancestry: Soul
P9zCBnmGGJLqgH79R89Br.webp,tcg_identifier,train,flesh_and_blood,flesh_and_blood,the-fab-cube/flesh-and-blood-cards:P9zCBnmGGJLqgH79R89Br,Open-source community dataset — check repo LICENSE before redistribution,2026-09-13,Drawing Dead
PK8zK8ngMjKPzjTLR9zfB.webp,tcg_identifier,train,flesh_and_blood,flesh_and_blood,the-fab-cube/flesh-and-blood-cards:PK8zK8ngMjKPzjTLR9zfB,Open-source community dataset — check repo LICENSE before redistribution,2026-09-13,Flourish
PTFnJCdhWD9cFgMMNPqQj.webp,tcg_identifier,train,flesh_and_blood,flesh_and_blood,the-fab-cube/flesh-and-blood-cards:PTFnJCdhWD9cFgMMNPqQj,Open-source community dataset — check repo LICENSE before redistribution,2026-09-13,"Azalea, Ace in the Hole"
PkD89rQPqTmdPjzH6GMhf.webp,tcg_identifier,train,flesh_and_blood,flesh_and_blood,the-fab-cube/flesh-and-blood-cards:PkD89rQPqTmdPjzH6GMhf,Open-source community dataset — check repo LICENSE before redistribution,2026-09-13,Taylor
PpnFdNFq8GrzCqrmDTbcW.webp,tcg_identifier,train,flesh_and_blood,flesh_and_blood,the-fab-cube/flesh-and-blood-cards:PpnFdNFq8GrzCqrmDTbcW,Open-source community dataset — check repo LICENSE before redistribution,2026-09-13,Cogwerx Base Arms
PtqHmkzqPMf9KBfk88QrR.webp,tcg_identifier,train,flesh_and_blood,flesh_and_blood,the-fab-cube/flesh-and-blood-cards:PtqHmkzqPMf9KBfk88QrR,Open-source community dataset — check repo LICENSE before redistribution,2026-09-13,"Rising Sun, Setting Moon"
Pwqq9mKTNnKBPMrH9NHk6.webp,tcg_identifier,train,flesh_and_blood,flesh_and_blood,the-fab-cube/flesh-and-blood-cards:Pwqq9mKTNnKBPMrH9NHk6,Open-source community dataset — check repo LICENSE before redistribution,2026-09-13,Evo Recall
QNqdkrjrQND77MrKwwMtm.webp,tcg_identifier,train,flesh_and_blood,flesh_and_blood,the-fab-cube/flesh-and-blood-cards:QNqdkrjrQND77MrKwwMtm,Open-source community dataset — check repo LICENSE before redistribution,2026-09-13,Mind Meets Might
QPHcwktfpnPBPfqHCDfKw.webp,tcg_identifier,train,flesh_and_blood,flesh_and_blood,the-fab-cube/flesh-and-blood-cards:QPHcwktfpnPBPfqHCDfKw,Open-source community dataset — check repo LICENSE before redistribution,2026-09-13,Reel In
QchDmTfCPjWBL89NWRdRL.webp,tcg_identifier,train,flesh_and_blood,flesh_and_blood,the-fab-cube/flesh-and-blood-cards:QchDmTfCPjWBL89NWRdRL,Open-source community dataset — check repo LICENSE before redistribution,2026-09-13,Soul Butcher
QnWbfrP7C7ttrrWgtbMcp.webp,tcg_identifier,train,flesh_and_blood,flesh_and_blood,the-fab-cube/flesh-and-blood-cards:QnWbfrP7C7ttrrWgtbMcp,Open-source community dataset — check repo LICENSE before redistribution,2026-09-13,Spellblade Assault
QqMdqbNP8f7jj7DkmNMj9.webp,tcg_identifier,train,flesh_and_blood,flesh_and_blood,the-fab-cube/flesh-and-blood-cards:QqMdqbNP8f7jj7DkmNMj9,Open-source community dataset — check repo LICENSE before redistribution,2026-09-13,Panel Beater
Qrk8RRBkp7q98qbGDTgDB.webp,tcg_identifier,train,flesh_and_blood,flesh_and_blood,the-fab-cube/flesh-and-blood-cards:Qrk8RRBkp7q98qbGDTgDB,Open-source community dataset — check repo LICENSE before redistribution,2026-09-13,Starlight Road
QtHWQMww79tzzPLJfbQBp.webp,tcg_identifier,train,flesh_and_blood,flesh_and_blood,the-fab-cube/flesh-and-blood-cards:QtHWQMww79tzzPLJfbQBp,Open-source community dataset — check repo LICENSE before redistribution,2026-09-13,Washed Up Wave
R7K6C9kzFHbpHGLHHFJtg.webp,tcg_identifier,train,flesh_and_blood,flesh_and_blood,the-fab-cube/flesh-and-blood-cards:R7K6C9kzFHbpHGLHHFJtg,Open-source community dataset — check repo LICENSE before redistribution,2026-09-13,Spreading Plague
RHgCJmWQWbPNf6pTDknLc.webp,tcg_identifier,train,flesh_and_blood,flesh_and_blood,the-fab-cube/flesh-and-blood-cards:RHgCJmWQWbPNf6pTDknLc,Open-source community dataset — check repo LICENSE before redistribution,2026-09-13,Blade Runner
RKfqhH8h8jnhfC9fcDPmc.webp,tcg_identifier,train,flesh_and_blood,flesh_and_blood,the-fab-cube/flesh-and-blood-cards:RKfqhH8h8jnhfC9fcDPmc,Open-source community dataset — check repo LICENSE before redistribution,2026-09-13,Plating of Unity
RP6pJj9WtwbTT79qdHPkz.webp,tcg_identifier,train,flesh_and_blood,flesh_and_blood,the-fab-cube/flesh-and-blood-cards:RP6pJj9WtwbTT79qdHPkz,Open-source community dataset — check repo LICENSE before redistribution,2026-09-13,Fyendal's Spring Tunic
RTbHRmf96T8Pz7MD7KLc7.webp,tcg_identifier,train,flesh_and_blood,flesh_and_blood,the-fab-cube/flesh-and-blood-cards:RTbHRmf96T8Pz7MD7KLc7,Open-source community dataset — check repo LICENSE before redistribution,2026-09-13,Retrace the Past
RdDHPzqPQmtJhjpcgcRhh.webp,tcg_identifier,train,flesh_and_blood,flesh_and_blood,the-fab-cube/flesh-and-blood-cards:RdDHPzqPQmtJhjpcgcRhh,Open-source community dataset — check repo LICENSE before redistribution,2026-09-13,Strongest Survive
RhmtDg8Qcz8wtFLFQLh98.webp,tcg_identifier,train,flesh_and_blood,flesh_and_blood,the-fab-cube/flesh-and-blood-cards:RhmtDg8Qcz8wtFLFQLh98,Open-source community dataset — check repo LICENSE before redistribution,2026-09-13,Pulsewave Harpoon
Rjg6tLjCGKhfGJkcnJFQD.webp,tcg_identifier,train,flesh_and_blood,flesh_and_blood,the-fab-cube/flesh-and-blood-cards:Rjg6tLjCGKhfGJkcnJFQD,Open-source community dataset — check repo LICENSE before redistribution,2026-09-13,Vigorous Smashup
RnBBWkdHbRb6tCRPF8Mpq.webp,tcg_identifier,train,flesh_and_blood,flesh_and_blood,the-fab-cube/flesh-and-blood-cards:RnBBWkdHbRb6tCRPF8Mpq,Open-source community dataset — check repo LICENSE before redistribution,2026-09-13,Talisman of Dousing
T8JFkBdwqccpH6PFCcBHq.webp,tcg_identifier,train,flesh_and_blood,flesh_and_blood,the-fab-cube/flesh-and-blood-cards:T8JFkBdwqccpH6PFCcBHq,Open-source community dataset — check repo LICENSE before redistribution,2026-09-13,Engaged Swiftblade
T8JWb9PmhhbtHkRwdPdMQ.webp,tcg_identifier,train,flesh_and_blood,flesh_and_blood,the-fab-cube/flesh-and-blood-cards:T8JWb9PmhhbtHkRwdPdMQ,Open-source community dataset — check repo LICENSE before redistribution,2026-09-13,Invigorate
TCDKdFdzFT6nJnBBRbCLL.webp,tcg_identifier,train,flesh_and_blood,flesh_and_blood,the-fab-cube/flesh-and-blood-cards:TCDKdFdzFT6nJnBBRbCLL,Open-source community dataset — check repo LICENSE before redistribution,2026-09-13,Hatchet of Mind
THmjft8HQNJtD6fcJHKCc.webp,tcg_identifier,train,flesh_and_blood,flesh_and_blood,the-fab-cube/flesh-and-blood-cards:THmjft8HQNJtD6fcJHKCc,Open-source community dataset — check repo LICENSE before redistribution,2026-09-13,Zoom In
TMBGhtBJMzbWMLPzNJCW9.webp,tcg_identifier,train,flesh_and_blood,flesh_and_blood,the-fab-cube/flesh-and-blood-cards:TMBGhtBJMzbWMLPzNJCW9,Open-source community dataset — check repo LICENSE before redistribution,2026-09-13,Sic 'Em Shot
TMKn79cNDqQp6PJGGrBqj.webp,tcg_identifier,train,flesh_and_blood,flesh_and_blood,the-fab-cube/flesh-and-blood-cards:TMKn79cNDqQp6PJGGrBqj,Open-source community dataset — check repo LICENSE before redistribution,2026-09-13,Fight Night Prize Purse
TMj8cMnKjDbTPMnfTL8tL.webp,tcg_identifier,train,flesh_and_blood,flesh_and_blood,the-fab-cube/flesh-and-blood-cards:TMj8cMnKjDbTPMnfTL8tL,Open-source community dataset — check repo LICENSE before redistribution,2026-09-13,Phoenix Bannerman: Arms
Tn6HrNTBn7GQJt8pGTLwQ.webp,tcg_identifier,train,flesh_and_blood,flesh_and_blood,the-fab-cube/flesh-and-blood-cards:Tn6HrNTBn7GQJt8pGTLwQ,Open-source community dataset — check repo LICENSE before redistribution,2026-09-13,Dragonscaler Flight Path
TwN6BKbDJDrJBf7DPGcP8.webp,tcg_identifier,train,flesh_and_blood,flesh_and_blood,the-fab-cube/flesh-and-blood-cards:TwN6BKbDJDrJBf7DPGcP8,Open-source community dataset — check repo LICENSE before redistribution,2026-09-13,Nimby
W8khCTMWQrNPPPCpH6cgL.webp,tcg_identifier,train,flesh_and_blood,flesh_and_blood,the-fab-cube/flesh-and-blood-cards:W8khCTMWQrNPPPCpH6cgL,Open-source community dataset — check repo LICENSE before redistribution,2026-09-13,Felling Swing
WBhc98JmWNphkCtcBJbDn.webp,tcg_identifier,train,flesh_and_blood,flesh_and_blood,the-fab-cube/flesh-and-blood-cards:WBhc98JmWNphkCtcBJbDn,Open-source community dataset — check repo LICENSE before redistribution,2026-09-13,Plow Through
WBrK9WFhTKbzNPjH88KgQ.webp,tcg_identifier,train,flesh_and_blood,flesh_and_blood,the-fab-cube/flesh-and-blood-cards:WBrK9WFhTKbzNPjH88KgQ,Open-source community dataset — check repo LICENSE before redistribution,2026-09-13,Blessing of Steel
WFpMMm7wjK9wBmTnRBqHf.webp,tcg_identifier,train,flesh_and_blood,flesh_and_blood,the-fab-cube/flesh-and-blood-cards:WFpMMm7wjK9wBmTnRBqHf,Open-source community dataset — check repo LICENSE before redistribution,2026-09-13,Future Sight
Wc9KrwW6FrgLgFz7dqfcq.webp,tcg_identifier,train,flesh_and_blood,flesh_and_blood,the-fab-cube/flesh-and-blood-cards:Wc9KrwW6FrgLgFz7dqfcq,Open-source community dataset — check repo LICENSE before redistribution,2026-09-13,Clash of Arms
WtGmJPqkJc7nWGRBCFwww.webp,tcg_identifier,train,flesh_and_blood,flesh_and_blood,the-fab-cube/flesh-and-blood-cards:WtGmJPqkJc7nWGRBCFwww,Open-source community dataset — check repo LICENSE before redistribution,2026-09-13,Prismatic Lens
WwzgnmM8QrrwPpb8m7Mt9.webp,tcg_identifier,train,flesh_and_blood,flesh_and_blood,the-fab-cube/flesh-and-blood-cards:WwzgnmM8QrrwPpb8m7Mt9,Open-source community dataset — check repo LICENSE before redistribution,2026-09-13,Widow Back Abdomen
b8K7Cm8dBKhKTFdwJMNTg.webp,tcg_identifier,train,flesh_and_blood,flesh_and_blood,the-fab-cube/flesh-and-blood-cards:b8K7Cm8dBKhKTFdwJMNTg,Open-source community dataset — check repo LICENSE before redistribution,2026-09-13,Seek Enlightenment
b9jb87Hf88HzTMTFBRtwB.webp,tcg_identifier,train,flesh_and_blood,flesh_and_blood,the-fab-cube/flesh-and-blood-cards:b9jb87Hf88HzTMTFBRtwB,Open-source community dataset — check repo LICENSE before redistribution,2026-09-13,Sloggism
bC8kjBnNK7hHFCRKhnhhH.webp,tcg_identifier,train,flesh_and_blood,flesh_and_blood,the-fab-cube/flesh-and-blood-cards:bC8kjBnNK7hHFCRKhnhhH,Open-source community dataset — check repo LICENSE before redistribution,2026-09-13,Exploding Aether
bRdLNzkL7pJQrQJMDgNqk.webp,tcg_identifier,train,flesh_and_blood,flesh_and_blood,the-fab-cube/flesh-and-blood-cards:bRdLNzkL7pJQrQJMDgNqk,Open-source community dataset — check repo LICENSE before redistribution,2026-09-13,Scrap Compactor
bTtrCGpnGPrnC7pNFt6pw.webp,tcg_identifier,train,flesh_and_blood,flesh_and_blood,the-fab-cube/flesh-and-blood-cards:bTtrCGpnGPrnC7pNFt6pw,Open-source community dataset — check repo LICENSE before redistribution,2026-09-13,Freezing Point
bWBL7WwPLgdD9j9KkmDHW.webp,tcg_identifier,train,flesh_and_blood,flesh_and_blood,the-fab-cube/flesh-and-blood-cards:bWBL7WwPLgdD9j9KkmDHW,Open-source community dataset — check repo LICENSE before redistribution,2026-09-13,Knock 'Em Off Their Feet
bjbb9hfw8BzbQqqqHtCjJ.webp,tcg_identifier,train,flesh_and_blood,flesh_and_blood,the-fab-cube/flesh-and-blood-cards:bjbb9hfw8BzbQqqqHtCjJ,Open-source community dataset — check repo LICENSE before redistribution,2026-09-13,Emerging Avalanche
bkdFB6qNrhLBgrTrmRpNJ.webp,tcg_identifier,train,flesh_and_blood,flesh_and_blood,the-fab-cube/flesh-and-blood-cards:bkdFB6qNrhLBgrTrmRpNJ,Open-source community dataset — check repo LICENSE before redistribution,2026-09-13,Trampling Trackers
bnHbThztdNdG7g7gNqFj6.webp,tcg_identifier,train,flesh_and_blood,flesh_and_blood,the-fab-cube/flesh-and-blood-cards:bnHbThztdNdG7g7gNqFj6,Open-source community dataset — check repo LICENSE before redistribution,2026-09-13,Flash Bolt
c6fzD8D8LdtQ8cwnqgTgq.webp,tcg_identifier,train,flesh_and_blood,flesh_and_blood,the-fab-cube/flesh-and-blood-cards:c6fzD8D8LdtQ8cwnqgTgq,Open-source community dataset — check repo LICENSE before redistribution,2026-09-13,Radiant Touch
c9Nb8bbqQGP7QhnCg76mQ.webp,tcg_identifier,train,flesh_and_blood,flesh_and_blood,the-fab-cube/flesh-and-blood-cards:c9Nb8bbqQGP7QhnCg76mQ,Open-source community dataset — check repo LICENSE before redistribution,2026-09-13,Sigil of Astral Flow
cBrmgjgrfDdgTW7g9djcF.webp,tcg_identifier,train,flesh_and_blood,flesh_and_blood,the-fab-cube/flesh-and-blood-cards:cBrmgjgrfDdgTW7g9djcF,Open-source community dataset — check repo LICENSE before redistribution,2026-09-13,Silken Shroud
cGDjfwq76gpNQpWDMtLt9.webp,tcg_identifier,train,flesh_and_blood,flesh_and_blood,the-fab-cube/flesh-and-blood-cards:cGDjfwq76gpNQpWDMtLt9,Open-source community dataset — check repo LICENSE before redistribution,2026-09-13,"Scorpio, Comet Tail"
cRRgFHmDFNtkNj8RBffWL.webp,tcg_identifier,train,flesh_and_blood,flesh_and_blood,the-fab-cube/flesh-and-blood-cards:cRRgFHmDFNtkNj8RBffWL,Open-source community dataset — check repo LICENSE before redistribution,2026-09-13,Icebind
cTchBtPqMqnNgDGGW89Gp.webp,tcg_identifier,train,flesh_and_blood,flesh_and_blood,the-fab-cube/flesh-and-blood-cards:cTchBtPqMqnNgDGGW89Gp,Open-source community dataset — check repo LICENSE before redistribution,2026-09-13,Golden Skywarden
chPNcp7C8zz7FFPhLkMrh.webp,tcg_identifier,train,flesh_and_blood,flesh_and_blood,the-fab-cube/flesh-and-blood-cards:chPNcp7C8zz7FFPhLkMrh,Open-source community dataset — check repo LICENSE before redistribution,2026-09-13,Ruby Amulet
dJKCwTcJtrgGFdpDBNg9w.webp,tcg_identifier,train,flesh_and_blood,flesh_and_blood,the-fab-cube/flesh-and-blood-cards:dJKCwTcJtrgGFdpDBNg9w,Open-source community dataset — check repo LICENSE before redistribution,2026-09-13,Veiled Intentions
dLQDGrJKDmFcmpzLNfQRG.webp,tcg_identifier,train,flesh_and_blood,flesh_and_blood,the-fab-cube/flesh-and-blood-cards:dLQDGrJKDmFcmpzLNfQRG,Open-source community dataset — check repo LICENSE before redistribution,2026-09-13,Viral Diffusion
dNDpzGcjHNR6bbRL99RJm.webp,tcg_identifier,train,flesh_and_blood,flesh_and_blood,the-fab-cube/flesh-and-blood-cards:dNDpzGcjHNR6bbRL99RJm,Open-source community dataset — check repo LICENSE before redistribution,2026-09-13,Spring Load
dkT9ghbNpFJ9qCfrPQq88.webp,tcg_identifier,train,flesh_and_blood,flesh_and_blood,the-fab-cube/flesh-and-blood-cards:dkT9ghbNpFJ9qCfrPQq88,Open-source community dataset — check repo LICENSE before redistribution,2026-09-13,Powder Keg
dwmnBHf6f8wQBBQwRJdNw.webp,tcg_identifier,train,flesh_and_blood,flesh_and_blood,the-fab-cube/flesh-and-blood-cards:dwmnBHf6f8wQBBQwRJdNw,Open-source community dataset — check repo LICENSE before redistribution,2026-09-13,Wither
dzMTMbL8qfHbFmCJB8GG7.webp,tcg_identifier,train,flesh_and_blood,flesh_and_blood,the-fab-cube/flesh-and-blood-cards:dzMTMbL8qfHbFmCJB8GG7,Open-source community dataset — check repo LICENSE before redistribution,2026-09-13,Sprocket Rocket
fCzgQtjJ9Q8gdrPq9t7Wc.webp,tcg_identifier,train,flesh_and_blood,flesh_and_blood,the-fab-cube/flesh-and-blood-cards:fCzgQtjJ9Q8gdrPq9t7Wc,Open-source community dataset — check repo LICENSE before redistribution,2026-09-13,Amulet of Lightning
fNGtM6WDcWMR6DcmjtRdw.webp,tcg_identifier,train,flesh_and_blood,flesh_and_blood,the-fab-cube/flesh-and-blood-cards:fNGtM6WDcWMR6DcmjtRdw,Open-source community dataset — check repo LICENSE before redistribution,2026-09-13,Great Library of Solana
fQTg89mpRjTDTRmPGkQb6.webp,tcg_identifier,train,flesh_and_blood,flesh_and_blood,the-fab-cube/flesh-and-blood-cards:fQTg89mpRjTDTRmPGkQb6,Open-source community dataset — check repo LICENSE before redistribution,2026-09-13,Courage
fbm7LndJccMBQqdCWQmd6.webp,tcg_identifier,train,flesh_and_blood,flesh_and_blood,the-fab-cube/flesh-and-blood-cards:fbm7LndJccMBQqdCWQmd6,Open-source community dataset — check repo LICENSE before redistribution,2026-09-13,Sonic Boom
fdTHJDGRFHhBhjmFKfkHp.webp,tcg_identifier,train,flesh_and_blood,flesh_and_blood,the-fab-cube/flesh-and-blood-cards:fdTHJDGRFHhBhjmFKfkHp,Open-source community dataset — check repo LICENSE before redistribution,2026-09-13,Courageous Steelhand
fhmnPQWbBz77qwmWDL6hT.webp,tcg_identifier,train,flesh_and_blood,flesh_and_blood,the-fab-cube/flesh-and-blood-cards:fhmnPQWbBz77qwmWDL6hT,Open-source community dataset — check repo LICENSE before redistribution,2026-09-13,Nettling Shot
fq6Pbr7BmJdqbLFqdfdTW.webp,tcg_identifier,train,flesh_and_blood,flesh_and_blood,the-fab-cube/flesh-and-blood-cards:fq6Pbr7BmJdqbLFqdfdTW,Open-source community dataset — check repo LICENSE before redistribution,2026-09-13,Pink Visor
gB89PHQzGDwTkP8wM7nwz.webp,tcg_identifier,train,flesh_and_blood,flesh_and_blood,the-fab-cube/flesh-and-blood-cards:gB89PHQzGDwTkP8wM7nwz,Open-source community dataset — check repo LICENSE before redistribution,2026-09-13,Shrill of Skullform
gDhRftBzcK9cMp7tRmCTB.webp,tcg_identifier,train,flesh_and_blood,flesh_and_blood,the-fab-cube/flesh-and-blood-cards:gDhRftBzcK9cMp7tRmCTB,Open-source community dataset — check repo LICENSE before redistribution,2026-09-13,Evo Cogspitter
gGnbNjCkPfRrfc8QTMjgT.webp,tcg_identifier,train,flesh_and_blood,flesh_and_blood,the-fab-cube/flesh-and-blood-cards:gGnbNjCkPfRrfc8QTMjgT,Open-source community dataset — check repo LICENSE before redistribution,2026-09-13,Chains of Mephetis
gfNtDbBpfqGJPKHGqdJWH.webp,tcg_identifier,train,flesh_and_blood,flesh_and_blood,the-fab-cube/flesh-and-blood-cards:gfNtDbBpfqGJPKHGqdJWH,Open-source community dataset — check repo LICENSE before redistribution,2026-09-13,Force Sight
ghCPQqFqNjMq9cn7nTrzJ.webp,tcg_identifier,train,flesh_and_blood,flesh_and_blood,the-fab-cube/flesh-and-blood-cards:ghCPQqFqNjMq9cn7nTrzJ,Open-source community dataset — check repo LICENSE before redistribution,2026-09-13,Clash of Agility
gpwqqHDD7DwWNrJPdpzRT.webp,tcg_identifier,train,flesh_and_blood,flesh_and_blood,the-fab-cube/flesh-and-blood-cards:gpwqqHDD7DwWNrJPdpzRT,Open-source community dataset — check repo LICENSE before redistribution,2026-09-13,Frailty Trap
h6kzb7mjjwrhQDDTnnJqF.webp,tcg_identifier,train,flesh_and_blood,flesh_and_blood,the-fab-cube/flesh-and-blood-cards:h6kzb7mjjwrhQDDTnnJqF,Open-source community dataset — check repo LICENSE before redistribution,2026-09-13,Sky Skimmer
hBDtCDkPFDtWFTm9hGJDq.webp,tcg_identifier,train,flesh_and_blood,flesh_and_blood,the-fab-cube/flesh-and-blood-cards:hBDtCDkPFDtWFTm9hGJDq,Open-source community dataset — check repo LICENSE before redistribution,2026-09-13,Flash of Brilliance
hJgFfDPRWWmknCPnHCrrL.webp,tcg_identifier,train,flesh_and_blood,flesh_and_blood,the-fab-cube/flesh-and-blood-cards:hJgFfDPRWWmknCPnHCrrL,Open-source community dataset — check repo LICENSE before redistribution,2026-09-13,Villainous Pose
hKpL79WLFdLkgBhmhtdQJ.webp,tcg_identifier,train,flesh_and_blood,flesh_and_blood,the-fab-cube/flesh-and-blood-cards:hKpL79WLFdLkgBhmhtdQJ,Open-source community dataset — check repo LICENSE before redistribution,2026-09-13,Jack Be Quick
hPWBFwq8Nmf96PM87BF6t.webp,tcg_identifier,train,flesh_and_blood,flesh_and_blood,the-fab-cube/flesh-and-blood-cards:hPWBFwq8Nmf96PM87BF6t,Open-source community dataset — check repo LICENSE before redistribution,2026-09-13,Rising Resentment
hc9pkdhJ9qW6H7grMcjCR.webp,tcg_identifier,train,flesh_and_blood,flesh_and_blood,the-fab-cube/flesh-and-blood-cards:hc9pkdhJ9qW6H7grMcjCR,Open-source community dataset — check repo LICENSE before redistribution,2026-09-13,Edge Laden Plate
hmh7T87jmwTmpfdbdjBFR.webp,tcg_identifier,train,flesh_and_blood,flesh_and_blood,the-fab-cube/flesh-and-blood-cards:hmh7T87jmwTmpfdbdjBFR,Open-source community dataset — check repo LICENSE before redistribution,2026-09-13,Out for Blood
hn6Jp8hBLgpwRPd8gNnN7.webp,tcg_identifier,train,flesh_and_blood,flesh_and_blood,the-fab-cube/flesh-and-blood-cards:hn6Jp8hBLgpwRPd8gNnN7,Open-source community dataset — check repo LICENSE before redistribution,2026-09-13,Chill to the Bone
hnzRDH86Qm9PGp7PJ9qPG.webp,tcg_identifier,train,flesh_and_blood,flesh_and_blood,the-fab-cube/flesh-and-blood-cards:hnzRDH86Qm9PGp7PJ9qPG,Open-source community dataset — check repo LICENSE before redistribution,2026-09-13,Veiled Intentions
hrPnGKq9czRctFqJqWknC.webp,tcg_identifier,train,flesh_and_blood,flesh_and_blood,the-fab-cube/flesh-and-blood-cards:hrPnGKq9czRctFqJqWknC,Open-source community dataset — check repo LICENSE before redistribution,2026-09-13,Qi Unleashed
j98tFFFhRFtLffgcWMp9W.webp,tcg_identifier,train,flesh_and_blood,flesh_and_blood,the-fab-cube/flesh-and-blood-cards:j98tFFFhRFtLffgcWMp9W,Open-source community dataset — check repo LICENSE before redistribution,2026-09-13,Venomous Bite
jBMwChDGmJjp7GrhnzdwQ.webp,tcg_identifier,train,flesh_and_blood,flesh_and_blood,the-fab-cube/flesh-and-blood-cards:jBMwChDGmJjp7GrhnzdwQ,Open-source community dataset — check repo LICENSE before redistribution,2026-09-13,Battalion Barque
jGhw79gfQJqcWcLnFtjGL.webp,tcg_identifier,train,flesh_and_blood,flesh_and_blood,the-fab-cube/flesh-and-blood-cards:jGhw79gfQJqcWcLnFtjGL,Open-source community dataset — check repo LICENSE before redistribution,2026-09-13,Engage Steel
jTt8B8LqdBkCkwNwbGW8n.webp,tcg_identifier,train,flesh_and_blood,flesh_and_blood,the-fab-cube/flesh-and-blood-cards:jTt8B8LqdBkCkwNwbGW8n,Open-source community dataset — check repo LICENSE before redistribution,2026-09-13,Envelop in Darkness
jW9czbpr7pQHgHwcq9dNH.webp,tcg_identifier,train,flesh_and_blood,flesh_and_blood,the-fab-cube/flesh-and-blood-cards:jW9czbpr7pQHgHwcq9dNH,Open-source community dataset — check repo LICENSE before redistribution,2026-09-13,Ball Breaker
jWLtJzRFkTRqPDkwT7T6N.webp,tcg_identifier,train,flesh_and_blood,flesh_and_blood,the-fab-cube/flesh-and-blood-cards:jWLtJzRFkTRqPDkwT7T6N,Open-source community dataset — check repo LICENSE before redistribution,2026-09-13,Arcanic Spike
jdKRbHgdf6Dwcw7dwHHjh.webp,tcg_identifier,train,flesh_and_blood,flesh_and_blood,the-fab-cube/flesh-and-blood-cards:jdKRbHgdf6Dwcw7dwHHjh,Open-source community dataset — check repo LICENSE before redistribution,2026-09-13,Battlefront Bastion
jhPjMTDtrz9MqcwFkQrkL.webp,tcg_identifier,train,flesh_and_blood,flesh_and_blood,the-fab-cube/flesh-and-blood-cards:jhPjMTDtrz9MqcwFkQrkL,Open-source community dataset — check repo LICENSE before redistribution,2026-09-13,Fruits of the Forest
jjrTzdzpWGzMQpFcnfhKN.webp,tcg_identifier,train,flesh_and_blood,flesh_and_blood,the-fab-cube/flesh-and-blood-cards:jjrTzdzpWGzMQpFcnfhKN,Open-source community dataset — check repo LICENSE before redistribution,2026-09-13,Aether Hail
jknWRcgGTGL9hpnMkQCzp.webp,tcg_identifier,train,flesh_and_blood,flesh_and_blood,the-fab-cube/flesh-and-blood-cards:jknWRcgGTGL9hpnMkQCzp,Open-source community dataset — check repo LICENSE before redistribution,2026-09-13,Deep Rooted Evil
k7MhcFckGBzRHjNQ6WhMR.webp,tcg_identifier,train,flesh_and_blood,flesh_and_blood,the-fab-cube/flesh-and-blood-cards:k7MhcFckGBzRHjNQ6WhMR,Open-source community dataset — check repo LICENSE before redistribution,2026-09-13,Aggressive Pounce
k9pcRP8zH6Ldz8dNMWtHk.webp,tcg_identifier,train,flesh_and_blood,flesh_and_blood,the-fab-cube/flesh-and-blood-cards:k9pcRP8zH6Ldz8dNMWtHk,Open-source community dataset — check repo LICENSE before redistribution,2026-09-13,Display of Artistry
kBJJjzp8KMrRWcwMwKWcW.webp,tcg_identifier,train,flesh_and_blood,flesh_and_blood,the-fab-cube/flesh-and-blood-cards:kBJJjzp8KMrRWcwMwKWcW,Open-source community dataset — check repo LICENSE before redistribution,2026-09-13,Alpha Instinct
kCKqHQb8W96FJTWqnNhCj.webp,tcg_identifier,train,flesh_and_blood,flesh_and_blood,the-fab-cube/flesh-and-blood-cards:kCKqHQb8W96FJTWqnNhCj,Open-source community dataset — check repo LICENSE before redistribution,2026-09-13,Flicker Trick
kLgnHP8nHtnMwHfqN9zkp.webp,tcg_identifier,train,flesh_and_blood,flesh_and_blood,the-fab-cube/flesh-and-blood-cards:kLgnHP8nHtnMwHfqN9zkp,Open-source community dataset — check repo LICENSE before redistribution,2026-09-13,Comet Collision
kQ6FBdQthJqphzBCzPcB9.webp,tcg_identifier,train,flesh_and_blood,flesh_and_blood,the-fab-cube/flesh-and-blood-cards:kQ6FBdQthJqphzBCzPcB9,Open-source community dataset — check repo LICENSE before redistribution,2026-09-13,Angry Bones
kTKcmGwRgtjQcGFRRG6fT.webp,tcg_identifier,train,flesh_and_blood,flesh_and_blood,the-fab-cube/flesh-and-blood-cards:kTKcmGwRgtjQcGFRRG6fT,Open-source community dataset — check repo LICENSE before redistribution,2026-09-13,Cloud City Steamboat
kfQHGNNdKjPpG8nWkfB9P.webp,tcg_identifier,train,flesh_and_blood,flesh_and_blood,the-fab-cube/flesh-and-blood-cards:kfQHGNNdKjPpG8nWkfB9P,Open-source community dataset — check repo LICENSE before redistribution,2026-09-13,For the Emperor
khhbD7jztHMLmBGbqNdgf.webp,tcg_identifier,train,flesh_and_blood,flesh_and_blood,the-fab-cube/flesh-and-blood-cards:khhbD7jztHMLmBGbqNdgf,Open-source community dataset — check repo LICENSE before redistribution,2026-09-13,High Pitched Howl
kt98RmWMpHzwR8R6Hrccq.webp,tcg_identifier,train,flesh_and_blood,flesh_and_blood,the-fab-cube/flesh-and-blood-cards:kt98RmWMpHzwR8R6Hrccq,Open-source community dataset — check repo LICENSE before redistribution,2026-09-13,Smoke Out
mKPnFPDQQW6DJjfktTKm7.webp,tcg_identifier,train,flesh_and_blood,flesh_and_blood,the-fab-cube/flesh-and-blood-cards:mKPnFPDQQW6DJjfktTKm7,Open-source community dataset — check repo LICENSE before redistribution,2026-09-13,Oath of Steel
mbF7WMCnnpGHh9bwBwBKf.webp,tcg_identifier,train,flesh_and_blood,flesh_and_blood,the-fab-cube/flesh-and-blood-cards:mbF7WMCnnpGHh9bwBwBKf,Open-source community dataset — check repo LICENSE before redistribution,2026-09-13,Fate Foreseen
mdKJt7RCqRRrW6PbnJztL.webp,tcg_identifier,train,flesh_and_blood,flesh_and_blood,the-fab-cube/flesh-and-blood-cards:mdKJt7RCqRRrW6PbnJztL,Open-source community dataset — check repo LICENSE before redistribution,2026-09-13,"Summit, the Unforgiving"
mgJnLbfjqBDtWrdQHgTw8.webp,tcg_identifier,train,flesh_and_blood,flesh_and_blood,the-fab-cube/flesh-and-blood-cards:mgJnLbfjqBDtWrdQHgTw8,Open-source community dataset — check repo LICENSE before redistribution,2026-09-13,Entwine Ice
mkTDPKqkm7cprrDzWbF9z.webp,tcg_identifier,train,flesh_and_blood,flesh_and_blood,the-fab-cube/flesh-and-blood-cards:mkTDPKqkm7cprrDzWbF9z,Open-source community dataset — check repo LICENSE before redistribution,2026-09-13,Adaptive Plating
mr9jJffnHHHcrG9p8fdMP.webp,tcg_identifier,train,flesh_and_blood,flesh_and_blood,the-fab-cube/flesh-and-blood-cards:mr9jJffnHHHcrG9p8fdMP,Open-source community dataset — check repo LICENSE before redistribution,2026-09-13,Rush of Power
mrnPzLtk7hmh6qnznHRzK.webp,tcg_identifier,train,flesh_and_blood,flesh_and_blood,the-fab-cube/flesh-and-blood-cards:mrnPzLtk7hmh6qnznHRzK,Open-source community dataset — check repo LICENSE before redistribution,2026-09-13,Lumina Lance
n9MjKgmBg8mjqF9hThqcG.webp,tcg_identifier,train,flesh_and_blood,flesh_and_blood,the-fab-cube/flesh-and-blood-cards:n9MjKgmBg8mjqF9hThqcG,Open-source community dataset — check repo LICENSE before redistribution,2026-09-13,Rotary Ram
n9NTHWCRGQq9gMFwfcg6C.webp,tcg_identifier,train,flesh_and_blood,flesh_and_blood,the-fab-cube/flesh-and-blood-cards:n9NTHWCRGQq9gMFwfcg6C,Open-source community dataset — check repo LICENSE before redistribution,2026-09-13,Plow Under
nCKMcTCR7mjKgkhQk7TWc.webp,tcg_identifier,train,flesh_and_blood,flesh_and_blood,the-fab-cube/flesh-and-blood-cards:nCKMcTCR7mjKgkhQk7TWc,Open-source community dataset — check repo LICENSE before redistribution,2026-09-13,One-Two Punch
nDRLcpRzFHdnFKTfqz6z7.webp,tcg_identifier,train,flesh_and_blood,flesh_and_blood,the-fab-cube/flesh-and-blood-cards:nDRLcpRzFHdnFKTfqz6z7,Open-source community dataset — check repo LICENSE before redistribution,2026-09-13,Sigil of Solitude
nzDWrNMqGWgmJfgJhChNb.webp,tcg_identifier,train,flesh_and_blood,flesh_and_blood,the-fab-cube/flesh-and-blood-cards:nzDWrNMqGWgmJfgJhChNb,Open-source community dataset — check repo LICENSE before redistribution,2026-09-13,Crucible of Aetherweave
pJgqNQCKBhKhr9rTrj7Dp.webp,tcg_identifier,train,flesh_and_blood,flesh_and_blood,the-fab-cube/flesh-and-blood-cards:pJgqNQCKBhKhr9rTrj7Dp,Open-source community dataset — check repo LICENSE before redistribution,2026-09-13,Steadfast
pLbjgzrzbGMwcd8mbRcRG.webp,tcg_identifier,train,flesh_and_blood,flesh_and_blood,the-fab-cube/flesh-and-blood-cards:pLbjgzrzbGMwcd8mbRcRG,Open-source community dataset — check repo LICENSE before redistribution,2026-09-13,Lightning Form
pWGjB9PckfFJgNBppfbfT.webp,tcg_identifier,train,flesh_and_blood,flesh_and_blood,the-fab-cube/flesh-and-blood-cards:pWGjB9PckfFJgNBppfbfT,Open-source community dataset — check repo LICENSE before redistribution,2026-09-13,Nerve Scalpel
q7QqrKP8wnWdwdptDwHfP.webp,tcg_identifier,train,flesh_and_blood,flesh_and_blood,the-fab-cube/flesh-and-blood-cards:q7QqrKP8wnWdwdptDwHfP,Open-source community dataset — check repo LICENSE before redistribution,2026-09-13,Zero to Fifty
qB6nBWTRKkJWQrmNRNN8t.webp,tcg_identifier,train,flesh_and_blood,flesh_and_blood,the-fab-cube/flesh-and-blood-cards:qB6nBWTRKkJWQrmNRNN8t,Open-source community dataset — check repo LICENSE before redistribution,2026-09-13,Slithering Shadowpede
qBLKg67dFpCD8mWdbW9Qq.webp,tcg_identifier,train,flesh_and_blood,flesh_and_blood,the-fab-cube/flesh-and-blood-cards:qBLKg67dFpCD8mWdbW9Qq,Open-source community dataset — check repo LICENSE before redistribution,2026-09-13,Teklo Trebuchet 2000
qCzFmGMk9nBPJPWMwdL97.webp,tcg_identifier,train,flesh_and_blood,flesh_and_blood,the-fab-cube/flesh-and-blood-cards:qCzFmGMk9nBPJPWMwdL97,Open-source community dataset — check repo LICENSE before redistribution,2026-09-13,Ring of Roses
qKcPMkLrbMpqn9Nck97WL.webp,tcg_identifier,train,flesh_and_blood,flesh_and_blood,the-fab-cube/flesh-and-blood-cards:qKcPMkLrbMpqn9Nck97WL,Open-source community dataset — check repo LICENSE before redistribution,2026-09-13,Smashing Good Time
qbdbnBmCBpqbT7pQtG868.webp,tcg_identifier,train,flesh_and_blood,flesh_and_blood,the-fab-cube/flesh-and-blood-cards:qbdbnBmCBpqbT7pQtG868,Open-source community dataset — check repo LICENSE before redistribution,2026-09-13,Celebrant Broadsword
qmQ6tmqFznzMnf9dcDRcF.webp,tcg_identifier,train,flesh_and_blood,flesh_and_blood,the-fab-cube/flesh-and-blood-cards:qmQ6tmqFznzMnf9dcDRcF,Open-source community dataset — check repo LICENSE before redistribution,2026-09-13,Pouncing Qi
qwHFTzdTJW6mjr8hmtnWp.webp,tcg_identifier,train,flesh_and_blood,flesh_and_blood,the-fab-cube/flesh-and-blood-cards:qwHFTzdTJW6mjr8hmtnWp,Open-source community dataset — check repo LICENSE before redistribution,2026-09-13,Cut Through
rTNChdmHbjN7HPNJJLzCt.webp,tcg_identifier,train,flesh_and_blood,flesh_and_blood,the-fab-cube/flesh-and-blood-cards:rTNChdmHbjN7HPNJJLzCt,Open-source community dataset — check repo LICENSE before redistribution,2026-09-13,"Marlynn, Treasure Hunter"
rkfqjFKJHdtqRLKJwgQNG.webp,tcg_identifier,train,flesh_and_blood,flesh_and_blood,the-fab-cube/flesh-and-blood-cards:rkfqjFKJHdtqRLKJwgQNG,Open-source community dataset — check repo LICENSE before redistribution,2026-09-13,Deep Blue Sea
rtLfTrnFcDBQhtbFprGRD.webp,tcg_identifier,train,flesh_and_blood,flesh_and_blood,the-fab-cube/flesh-and-blood-cards:rtLfTrnFcDBQhtbFprGRD,Open-source community dataset — check repo LICENSE before redistribution,2026-09-13,First Tenet of Chi: Tide
t86nFWmmtDFMPJr9R9jwN.webp,tcg_identifier,train,flesh_and_blood,flesh_and_blood,the-fab-cube/flesh-and-blood-cards:t86nFWmmtDFMPJr9R9jwN,Open-source community dataset — check repo LICENSE before redistribution,2026-09-13,Shield Beater
tDFjkc6tL8qqHC9n9nCrh.webp,tcg_identifier,train,flesh_and_blood,flesh_and_blood,the-fab-cube/flesh-and-blood-cards:tDFjkc6tL8qqHC9n9nCrh,Open-source community dataset — check repo LICENSE before redistribution,2026-09-13,Money or Your Life?
tNqhWw8WPHzbjBjRcNzMp.webp,tcg_identifier,train,flesh_and_blood,flesh_and_blood,the-fab-cube/flesh-and-blood-cards:tNqhWw8WPHzbjBjRcNzMp,Open-source community dataset — check repo LICENSE before redistribution,2026-09-13,Grow Wings
tchtjzTbfPjRDFN8mcKR7.webp,tcg_identifier,train,flesh_and_blood,flesh_and_blood,the-fab-cube/flesh-and-blood-cards:tchtjzTbfPjRDFN8mcKR7,Open-source community dataset — check repo LICENSE before redistribution,2026-09-13,Frightmare
tnnFttPCJmktbfMWcNLbT.webp,tcg_identifier,train,flesh_and_blood,flesh_and_blood,the-fab-cube/flesh-and-blood-cards:tnnFttPCJmktbfMWcNLbT,Open-source community dataset — check repo LICENSE before redistribution,2026-09-13,Spring Load
tpBFGmkQggrgbfN96bNW6.webp,tcg_identifier,train,flesh_and_blood,flesh_and_blood,the-fab-cube/flesh-and-blood-cards:tpBFGmkQggrgbfN96bNW6,Open-source community dataset — check repo LICENSE before redistribution,2026-09-13,Herald of Ravages
tzWfhPkkqnMRWQtGWjRh8.webp,tcg_identifier,train,flesh_and_blood,flesh_and_blood,the-fab-cube/flesh-and-blood-cards:tzWfhPkkqnMRWQtGWjRh8,Open-source community dataset — check repo LICENSE before redistribution,2026-09-13,Glaring Impact
w98kfFNz9prGgmD88ptJR.webp,tcg_identifier,train,flesh_and_blood,flesh_and_blood,the-fab-cube/flesh-and-blood-cards:w98kfFNz9prGgmD88ptJR,Open-source community dataset — check repo LICENSE before redistribution,2026-09-13,Whirling Mist Blossom
wG6tBGKr7rb6TCjP7bBDC.webp,tcg_identifier,train,flesh_and_blood,flesh_and_blood,the-fab-cube/flesh-and-blood-cards:wG6tBGKr7rb6TCjP7bBDC,Open-source community dataset — check repo LICENSE before redistribution,2026-09-13,Clash of Mountains
wPjK8RMLkQcp7BDrTLfpc.webp,tcg_identifier,train,flesh_and_blood,flesh_and_blood,the-fab-cube/flesh-and-blood-cards:wPjK8RMLkQcp7BDrTLfpc,Open-source community dataset — check repo LICENSE before redistribution,2026-09-13,Man Overboard
wcP88wJc6CFbLQpQFJcCn.webp,tcg_identifier,train,flesh_and_blood,flesh_and_blood,the-fab-cube/flesh-and-blood-cards:wcP88wJc6CFbLQpQFJcCn,Open-source community dataset — check repo LICENSE before redistribution,2026-09-13,Peg Leg
wd7RGtzFkH9Ftj6qTbBpN.webp,tcg_identifier,train,flesh_and_blood,flesh_and_blood,the-fab-cube/flesh-and-blood-cards:wd7RGtzFkH9Ftj6qTbBpN,Open-source community dataset — check repo LICENSE before redistribution,2026-09-13,Cut Through
wdbnJz7TQDCJ6gWW7WNch.webp,tcg_identifier,train,flesh_and_blood,flesh_and_blood,the-fab-cube/flesh-and-blood-cards:wdbnJz7TQDCJ6gWW7WNch,Open-source community dataset — check repo LICENSE before redistribution,2026-09-13,Spinning Wheel Kick
wfNk87CBNfmjfPwrW8t8M.webp,tcg_identifier,train,flesh_and_blood,flesh_and_blood,the-fab-cube/flesh-and-blood-cards:wfNk87CBNfmjfPwrW8t8M,Open-source community dataset — check repo LICENSE before redistribution,2026-09-13,Oasis Respite
wqgk7BtqLmhWB7tCbPjKd.webp,tcg_identifier,train,flesh_and_blood,flesh_and_blood,the-fab-cube/flesh-and-blood-cards:wqgk7BtqLmhWB7tCbPjKd,Open-source community dataset — check repo LICENSE before redistribution,2026-09-13,Channel Galcia's Cradle
wtKDkD6MRwz77CmthMHMz.webp,tcg_identifier,train,flesh_and_blood,flesh_and_blood,the-fab-cube/flesh-and-blood-cards:wtKDkD6MRwz77CmthMHMz,Open-source community dataset — check repo LICENSE before redistribution,2026-09-13,Frail Swingline
zCDtKnHDDB7DNN9GQkGRz.webp,tcg_identifier,train,flesh_and_blood,flesh_and_blood,the-fab-cube/flesh-and-blood-cards:zCDtKnHDDB7DNN9GQkGRz,Open-source community dataset — check repo LICENSE before redistribution,2026-09-13,Widow Claw Tarsus
zHQcgpbCGjrKCBFg6CmTw.webp,tcg_identifier,train,flesh_and_blood,flesh_and_blood,the-fab-cube/flesh-and-blood-cards:zHQcgpbCGjrKCBFg6CmTw,Open-source community dataset — check repo LICENSE before redistribution,2026-09-13,Walk in My Shoes
zKQg9cTc7WMNdRbq6pwRk.webp,tcg_identifier,train,flesh_and_blood,flesh_and_blood,the-fab-cube/flesh-and-blood-cards:zKQg9cTc7WMNdRbq6pwRk,Open-source community dataset — check repo LICENSE before redistribution,2026-09-13,Dust from the Shadow Crypts
zNKcJKn8rMnzTNrm6jrQM.webp,tcg_identifier,train,flesh_and_blood,flesh_and_blood,the-fab-cube/flesh-and-blood-cards:zNKcJKn8rMnzTNrm6jrQM,Open-source community dataset — check repo LICENSE before redistribution,2026-09-13,Concealed Nerve Gas
zTFWnGk7cdjrPfHGW8C8w.webp,tcg_identifier,train,flesh_and_blood,flesh_and_blood,the-fab-cube/flesh-and-blood-cards:zTFWnGk7cdjrPfHGW8C8w,Open-source community dataset — check repo LICENSE before redistribution,2026-09-13,Hungering Slaughterbeast
zTMbNHjQDLMmCK9qHgBpW.webp,tcg_identifier,train,flesh_and_blood,flesh_and_blood,the-fab-cube/flesh-and-blood-cards:zTMbNHjQDLMmCK9qHgBpW,Open-source community dataset — check repo LICENSE before redistribution,2026-09-13,Stadium Security
znBDQrJdGgbtkcnTrLhwm.webp,tcg_identifier,train,flesh_and_blood,flesh_and_blood,the-fab-cube/flesh-and-blood-cards:znBDQrJdGgbtkcnTrLhwm,Open-source community dataset — check repo LICENSE before redistribution,2026-09-13,Take Cover
zr9nbKgKmqFGbQTntjT8p.webp,tcg_identifier,train,flesh_and_blood,flesh_and_blood,the-fab-cube/flesh-and-blood-cards:zr9nbKgKmqFGbQTntjT8p,Open-source community dataset — check repo LICENSE before redistribution,2026-09-13,Lay to Rest
zzHRCMBmNTF9KpJMqKWq8.webp,tcg_identifier,train,flesh_and_blood,flesh_and_blood,the-fab-cube/flesh-and-blood-cards:zzHRCMBmNTF9KpJMqKWq8,Open-source community dataset — check repo LICENSE before redistribution,2026-09-13,Star Struck
crd_01848d5183c64bdbbc3d2bfbdf2f1aa8.avif,tcg_identifier,test,lorcana,lorcana,lorcast.com:crd_01848d5183c64bdbbc3d2bfbdf2f1aa8,Lorcast API — verify lorcast.com/docs/api terms before redistribution,2026-09-13,Jasmine
crd_07082198195e40d6b940142d1383c881.avif,tcg_identifier,test,lorcana,lorcana,lorcast.com:crd_07082198195e40d6b940142d1383c881,Lorcast API — verify lorcast.com/docs/api terms before redistribution,2026-09-13,The Most Diabolical Scheme
crd_1a61d954f0524416a6c0f46814520495.avif,tcg_identifier,test,lorcana,lorcana,lorcast.com:crd_1a61d954f0524416a6c0f46814520495,Lorcast API — verify lorcast.com/docs/api terms before redistribution,2026-09-13,Percy
crd_1ee71443799d40dfb924b0c0f041ea5d.avif,tcg_identifier,test,lorcana,lorcana,lorcast.com:crd_1ee71443799d40dfb924b0c0f041ea5d,Lorcast API — verify lorcast.com/docs/api terms before redistribution,2026-09-13,Basil
crd_217eb0feed8b46fea1b5dc6c0b2b9e12.avif,tcg_identifier,test,lorcana,lorcana,lorcast.com:crd_217eb0feed8b46fea1b5dc6c0b2b9e12,Lorcast API — verify lorcast.com/docs/api terms before redistribution,2026-09-13,Captain Hook
crd_24a5f322e5664f43a3f9b2d9974905ab.avif,tcg_identifier,test,lorcana,lorcana,lorcast.com:crd_24a5f322e5664f43a3f9b2d9974905ab,Lorcast API — verify lorcast.com/docs/api terms before redistribution,2026-09-13,Mother Gothel
crd_25107990bd5f41f88814d0eb79aaa801.avif,tcg_identifier,test,lorcana,lorcana,lorcast.com:crd_25107990bd5f41f88814d0eb79aaa801,Lorcast API — verify lorcast.com/docs/api terms before redistribution,2026-09-13,Alice
crd_2b0915e50c1b41d1aea0dce6be43a6d9.avif,tcg_identifier,test,lorcana,lorcana,lorcast.com:crd_2b0915e50c1b41d1aea0dce6be43a6d9,Lorcast API — verify lorcast.com/docs/api terms before redistribution,2026-09-13,Belle
crd_31618f4403c2423683f1b82f04a2959e.avif,tcg_identifier,test,lorcana,lorcana,lorcast.com:crd_31618f4403c2423683f1b82f04a2959e,Lorcast API — verify lorcast.com/docs/api terms before redistribution,2026-09-13,Lady Tremaine
crd_327f997026094ec49f0dc7d77e4628f5.avif,tcg_identifier,test,lorcana,lorcana,lorcast.com:crd_327f997026094ec49f0dc7d77e4628f5,Lorcast API — verify lorcast.com/docs/api terms before redistribution,2026-09-13,Break
crd_331c3ce2f2a74490acc4b2bec16a0ad9.avif,tcg_identifier,test,lorcana,lorcana,lorcast.com:crd_331c3ce2f2a74490acc4b2bec16a0ad9,Lorcast API — verify lorcast.com/docs/api terms before redistribution,2026-09-13,Maleficent
crd_332e095b11d44545865d7878ea27b58d.avif,tcg_identifier,test,lorcana,lorcana,lorcast.com:crd_332e095b11d44545865d7878ea27b58d,Lorcast API — verify lorcast.com/docs/api terms before redistribution,2026-09-13,Snow White
crd_37f652aa15934d2b9bd7ad15eb18bbfb.avif,tcg_identifier,test,lorcana,lorcana,lorcast.com:crd_37f652aa15934d2b9bd7ad15eb18bbfb,Lorcast API — verify lorcast.com/docs/api terms before redistribution,2026-09-13,The Islands I Pulled From the Sea
crd_44225a9fb50548479dbb5730fd53a88e.avif,tcg_identifier,test,lorcana,lorcana,lorcast.com:crd_44225a9fb50548479dbb5730fd53a88e,Lorcast API — verify lorcast.com/docs/api terms before redistribution,2026-09-13,Put That Thing Back
crd_466a0c6459a341b2a24c46147c255a4a.avif,tcg_identifier,test,lorcana,lorcana,lorcast.com:crd_466a0c6459a341b2a24c46147c255a4a,Lorcast API — verify lorcast.com/docs/api terms before redistribution,2026-09-13,Dash Parr & Violet Parr
crd_4baaef6e190c46e4b03966728f10034a.avif,tcg_identifier,test,lorcana,lorcana,lorcast.com:crd_4baaef6e190c46e4b03966728f10034a,Lorcast API — verify lorcast.com/docs/api terms before redistribution,2026-09-13,Pacha
crd_4dcd2225913d4c7b8ff2527a2b1b3fb7.avif,tcg_identifier,test,lorcana,lorcana,lorcast.com:crd_4dcd2225913d4c7b8ff2527a2b1b3fb7,Lorcast API — verify lorcast.com/docs/api terms before redistribution,2026-09-13,Cinderella
crd_51455b45e452420caabc777bd7bd1ee5.avif,tcg_identifier,test,lorcana,lorcana,lorcast.com:crd_51455b45e452420caabc777bd7bd1ee5,Lorcast API — verify lorcast.com/docs/api terms before redistribution,2026-09-13,Darkwing's Gas Device
crd_568855977d47447e9b2977c859dc31c7.avif,tcg_identifier,test,lorcana,lorcana,lorcast.com:crd_568855977d47447e9b2977c859dc31c7,Lorcast API — verify lorcast.com/docs/api terms before redistribution,2026-09-13,Spaghetti Dinner
crd_5898c1f57f914c70880a9a3fee5a4962.avif,tcg_identifier,test,lorcana,lorcana,lorcast.com:crd_5898c1f57f914c70880a9a3fee5a4962,Lorcast API — verify lorcast.com/docs/api terms before redistribution,2026-09-13,Felicia
crd_5a1091c1a03c43d4854b66426d49aa10.avif,tcg_identifier,test,lorcana,lorcana,lorcast.com:crd_5a1091c1a03c43d4854b66426d49aa10,Lorcast API — verify lorcast.com/docs/api terms before redistribution,2026-09-13,LeFou
crd_6351c1cb10e841e09ce43d107309796b.avif,tcg_identifier,test,lorcana,lorcana,lorcast.com:crd_6351c1cb10e841e09ce43d107309796b,Lorcast API — verify lorcast.com/docs/api terms before redistribution,2026-09-13,Pete
crd_68c2d4e87fa84e0bb650d5e2b9c0737b.avif,tcg_identifier,test,lorcana,lorcana,lorcast.com:crd_68c2d4e87fa84e0bb650d5e2b9c0737b,Lorcast API — verify lorcast.com/docs/api terms before redistribution,2026-09-13,Merlin
crd_6e3ec107e64e498ca64d1a4de4e6abb9.avif,tcg_identifier,test,lorcana,lorcana,lorcast.com:crd_6e3ec107e64e498ca64d1a4de4e6abb9,Lorcast API — verify lorcast.com/docs/api terms before redistribution,2026-09-13,Winterspell
crd_716a89f3b6cf4f57b66888fd4166d1df.avif,tcg_identifier,test,lorcana,lorcana,lorcast.com:crd_716a89f3b6cf4f57b66888fd4166d1df,Lorcast API — verify lorcast.com/docs/api terms before redistribution,2026-09-13,The Boss is on a Roll
crd_72bf539d1293473cb7d5d53231862bcb.avif,tcg_identifier,test,lorcana,lorcana,lorcast.com:crd_72bf539d1293473cb7d5d53231862bcb,Lorcast API — verify lorcast.com/docs/api terms before redistribution,2026-09-13,Lilo
crd_77e63110b6c6421a872ea5ef6f2aeca2.avif,tcg_identifier,test,lorcana,lorcana,lorcast.com:crd_77e63110b6c6421a872ea5ef6f2aeca2,Lorcast API — verify lorcast.com/docs/api terms before redistribution,2026-09-13,Randall Boggs
crd_7c8f8f0af4fb4d6087a414c04c0fca4c.avif,tcg_identifier,test,lorcana,lorcana,lorcast.com:crd_7c8f8f0af4fb4d6087a414c04c0fca4c,Lorcast API — verify lorcast.com/docs/api terms before redistribution,2026-09-13,Mama Odie
crd_8197b190acad44c7a28b50a83fb573f1.avif,tcg_identifier,test,lorcana,lorcana,lorcast.com:crd_8197b190acad44c7a28b50a83fb573f1,Lorcast API — verify lorcast.com/docs/api terms before redistribution,2026-09-13,Kida
crd_834655aa7bc54dd0b1bdf69ce343359d.avif,tcg_identifier,test,lorcana,lorcana,lorcast.com:crd_834655aa7bc54dd0b1bdf69ce343359d,Lorcast API — verify lorcast.com/docs/api terms before redistribution,2026-09-13,Honest John
crd_894f1b97871342e29b414e927dcd1140.avif,tcg_identifier,test,lorcana,lorcana,lorcast.com:crd_894f1b97871342e29b414e927dcd1140,Lorcast API — verify lorcast.com/docs/api terms before redistribution,2026-09-13,"Fix-It Felix, Jr."
crd_936d98ea79ba4a54bd3ef0a166ce6875.avif,tcg_identifier,test,lorcana,lorcana,lorcast.com:crd_936d98ea79ba4a54bd3ef0a166ce6875,Lorcast API — verify lorcast.com/docs/api terms before redistribution,2026-09-13,Pluto
crd_99ced91e0cc94c6cb0be7bf655372dfd.avif,tcg_identifier,test,lorcana,lorcana,lorcast.com:crd_99ced91e0cc94c6cb0be7bf655372dfd,Lorcast API — verify lorcast.com/docs/api terms before redistribution,2026-09-13,Tinker Bell
crd_a337559c9b1a44f6bc982ffe62f56fcb.avif,tcg_identifier,test,lorcana,lorcana,lorcast.com:crd_a337559c9b1a44f6bc982ffe62f56fcb,Lorcast API — verify lorcast.com/docs/api terms before redistribution,2026-09-13,Lilo
crd_a7a780b01376481388b871a1b533de08.avif,tcg_identifier,test,lorcana,lorcana,lorcast.com:crd_a7a780b01376481388b871a1b533de08,Lorcast API — verify lorcast.com/docs/api terms before redistribution,2026-09-13,Timon
crd_a9d9c4039f5445c582413664824aad1d.avif,tcg_identifier,test,lorcana,lorcana,lorcast.com:crd_a9d9c4039f5445c582413664824aad1d,Lorcast API — verify lorcast.com/docs/api terms before redistribution,2026-09-13,Restoring the Heart
crd_aa7db27471b142cfa97cd5ca3409669d.avif,tcg_identifier,test,lorcana,lorcana,lorcast.com:crd_aa7db27471b142cfa97cd5ca3409669d,Lorcast API — verify lorcast.com/docs/api terms before redistribution,2026-09-13,The Glass Slipper
crd_ad676278d4e74481af58729c5c986b7b.avif,tcg_identifier,test,lorcana,lorcana,lorcast.com:crd_ad676278d4e74481af58729c5c986b7b,Lorcast API — verify lorcast.com/docs/api terms before redistribution,2026-09-13,Zazu
crd_ae4635bbf7ef4b4fb6a30c61f633fa0d.avif,tcg_identifier,test,lorcana,lorcana,lorcast.com:crd_ae4635bbf7ef4b4fb6a30c61f633fa0d,Lorcast API — verify lorcast.com/docs/api terms before redistribution,2026-09-13,Royal Tantrum
crd_b776bea5bc784d669be7db1efd244ef3.avif,tcg_identifier,test,lorcana,lorcana,lorcast.com:crd_b776bea5bc784d669be7db1efd244ef3,Lorcast API — verify lorcast.com/docs/api terms before redistribution,2026-09-13,Darkwing Duck
crd_b9c345526a994ae88d5832aac9f083b9.avif,tcg_identifier,test,lorcana,lorcana,lorcast.com:crd_b9c345526a994ae88d5832aac9f083b9,Lorcast API — verify lorcast.com/docs/api terms before redistribution,2026-09-13,Card Soldier's Spear
crd_bf86b60333c941008da0bf213d54829b.avif,tcg_identifier,test,lorcana,lorcana,lorcast.com:crd_bf86b60333c941008da0bf213d54829b,Lorcast API — verify lorcast.com/docs/api terms before redistribution,2026-09-13,Ludwig von Drake
crd_c189dd421b024c29b83e86aea8bbc347.avif,tcg_identifier,test,lorcana,lorcana,lorcast.com:crd_c189dd421b024c29b83e86aea8bbc347,Lorcast API — verify lorcast.com/docs/api terms before redistribution,2026-09-13,Donald Duck
crd_c3586bda90744abf8eb5c15db3b0b766.avif,tcg_identifier,test,lorcana,lorcana,lorcast.com:crd_c3586bda90744abf8eb5c15db3b0b766,Lorcast API — verify lorcast.com/docs/api terms before redistribution,2026-09-13,Minnie Mouse
crd_c53a704a909445f5b2837b51f29faa47.avif,tcg_identifier,test,lorcana,lorcana,lorcast.com:crd_c53a704a909445f5b2837b51f29faa47,Lorcast API — verify lorcast.com/docs/api terms before redistribution,2026-09-13,Gazelle
crd_c6e74eb559f2406fbea088388759a259.avif,tcg_identifier,test,lorcana,lorcana,lorcast.com:crd_c6e74eb559f2406fbea088388759a259,Lorcast API — verify lorcast.com/docs/api terms before redistribution,2026-09-13,Merryweather
crd_c961ff4c701b45da8cc477d7a5192b6e.avif,tcg_identifier,test,lorcana,lorcana,lorcast.com:crd_c961ff4c701b45da8cc477d7a5192b6e,Lorcast API — verify lorcast.com/docs/api terms before redistribution,2026-09-13,Hidden Inkcaster
crd_cb99ab75225f41d49a1a33be32c8a170.avif,tcg_identifier,test,lorcana,lorcana,lorcast.com:crd_cb99ab75225f41d49a1a33be32c8a170,Lorcast API — verify lorcast.com/docs/api terms before redistribution,2026-09-13,Bagheera
crd_ce082b2459af4c0a94a900a468bd9096.avif,tcg_identifier,test,lorcana,lorcana,lorcast.com:crd_ce082b2459af4c0a94a900a468bd9096,Lorcast API — verify lorcast.com/docs/api terms before redistribution,2026-09-13,Angel
crd_d2d94d7cffe349d9a618f8bdb6695f29.avif,tcg_identifier,test,lorcana,lorcana,lorcast.com:crd_d2d94d7cffe349d9a618f8bdb6695f29,Lorcast API — verify lorcast.com/docs/api terms before redistribution,2026-09-13,I2I
crd_d2e66bee41214f2f9b1e38f4e1ccdbc3.avif,tcg_identifier,test,lorcana,lorcana,lorcast.com:crd_d2e66bee41214f2f9b1e38f4e1ccdbc3,Lorcast API — verify lorcast.com/docs/api terms before redistribution,2026-09-13,Pleakley
crd_eb91a973f3ff4394a919aab77d9c71b9.avif,tcg_identifier,test,lorcana,lorcana,lorcast.com:crd_eb91a973f3ff4394a919aab77d9c71b9,Lorcast API — verify lorcast.com/docs/api terms before redistribution,2026-09-13,Develop Your Brain
crd_ed931c16cb0142469bd6f7571576d61a.avif,tcg_identifier,test,lorcana,lorcana,lorcast.com:crd_ed931c16cb0142469bd6f7571576d61a,Lorcast API — verify lorcast.com/docs/api terms before redistribution,2026-09-13,Training Grounds
crd_ee377c93c09341fe808b8582cbded0f2.avif,tcg_identifier,test,lorcana,lorcana,lorcast.com:crd_ee377c93c09341fe808b8582cbded0f2,Lorcast API — verify lorcast.com/docs/api terms before redistribution,2026-09-13,Circle of Life
crd_f2d99b79354c466ebcaaeadcba69678e.avif,tcg_identifier,test,lorcana,lorcana,lorcast.com:crd_f2d99b79354c466ebcaaeadcba69678e,Lorcast API — verify lorcast.com/docs/api terms before redistribution,2026-09-13,Kaa
crd_f41934191f364d68bc66e64860cc0c92.avif,tcg_identifier,test,lorcana,lorcana,lorcast.com:crd_f41934191f364d68bc66e64860cc0c92,Lorcast API — verify lorcast.com/docs/api terms before redistribution,2026-09-13,Wreck-It Ralph
crd_f8c2be32fbd44519b24aba773718210a.avif,tcg_identifier,test,lorcana,lorcana,lorcast.com:crd_f8c2be32fbd44519b24aba773718210a,Lorcast API — verify lorcast.com/docs/api terms before redistribution,2026-09-13,Cruella De Vil
crd_fb78447abbd740c3a3509fa91e338b4f.avif,tcg_identifier,test,lorcana,lorcana,lorcast.com:crd_fb78447abbd740c3a3509fa91e338b4f,Lorcast API — verify lorcast.com/docs/api terms before redistribution,2026-09-13,Jafar
crd_fc677f7c6b3b4781b5772602b566a1df.avif,tcg_identifier,test,lorcana,lorcana,lorcast.com:crd_fc677f7c6b3b4781b5772602b566a1df,Lorcast API — verify lorcast.com/docs/api terms before redistribution,2026-09-13,Isabela Madrigal
crd_ffccea571e7e4efb9b5258ecc03e847b.avif,tcg_identifier,test,lorcana,lorcana,lorcast.com:crd_ffccea571e7e4efb9b5258ecc03e847b,Lorcast API — verify lorcast.com/docs/api terms before redistribution,2026-09-13,Peter Pan
crd_0140dc8d8b8444878839e0c94f358497.avif,tcg_identifier,train,lorcana,lorcana,lorcast.com:crd_0140dc8d8b8444878839e0c94f358497,Lorcast API — verify lorcast.com/docs/api terms before redistribution,2026-09-13,Maid Marian
crd_025d33fc4b0c45caabfa10a108e46acd.avif,tcg_identifier,train,lorcana,lorcana,lorcast.com:crd_025d33fc4b0c45caabfa10a108e46acd,Lorcast API — verify lorcast.com/docs/api terms before redistribution,2026-09-13,Lead the Way
crd_0294484e638d4f389732639af2b5d5e8.avif,tcg_identifier,train,lorcana,lorcana,lorcast.com:crd_0294484e638d4f389732639af2b5d5e8,Lorcast API — verify lorcast.com/docs/api terms before redistribution,2026-09-13,Rose Lantern
crd_029d768f40084d1ca1f66a01a5e6981e.avif,tcg_identifier,train,lorcana,lorcana,lorcast.com:crd_029d768f40084d1ca1f66a01a5e6981e,Lorcast API — verify lorcast.com/docs/api terms before redistribution,2026-09-13,Bullseye
crd_03e583258e944837bd3b9f4772c45f8c.avif,tcg_identifier,train,lorcana,lorcana,lorcast.com:crd_03e583258e944837bd3b9f4772c45f8c,Lorcast API — verify lorcast.com/docs/api terms before redistribution,2026-09-13,Signed Contract
crd_041e41c6ea3349e6a3734dd749f9543e.avif,tcg_identifier,train,lorcana,lorcana,lorcast.com:crd_041e41c6ea3349e6a3734dd749f9543e,Lorcast API — verify lorcast.com/docs/api terms before redistribution,2026-09-13,Lena Sabrewing
crd_07d0c6cc94bc4eee9c5f12d78bc8a84c.avif,tcg_identifier,train,lorcana,lorcana,lorcast.com:crd_07d0c6cc94bc4eee9c5f12d78bc8a84c,Lorcast API — verify lorcast.com/docs/api terms before redistribution,2026-09-13,Map of Treasure Planet
crd_08cbc914c0634bae8d6932b81f7bcdcb.avif,tcg_identifier,train,lorcana,lorcana,lorcast.com:crd_08cbc914c0634bae8d6932b81f7bcdcb,Lorcast API — verify lorcast.com/docs/api terms before redistribution,2026-09-13,John Silver
crd_096f0a6be34a4134aaa682c768cceeec.avif,tcg_identifier,train,lorcana,lorcana,lorcast.com:crd_096f0a6be34a4134aaa682c768cceeec,Lorcast API — verify lorcast.com/docs/api terms before redistribution,2026-09-13,Elsa
crd_0b0cf12160764765a874a7fdee924d25.avif,tcg_identifier,train,lorcana,lorcana,lorcast.com:crd_0b0cf12160764765a874a7fdee924d25,Lorcast API — verify lorcast.com/docs/api terms before redistribution,2026-09-13,Captain Hook
crd_0c0360dcefeb4a60bec287543d586f28.avif,tcg_identifier,train,lorcana,lorcana,lorcast.com:crd_0c0360dcefeb4a60bec287543d586f28,Lorcast API — verify lorcast.com/docs/api terms before redistribution,2026-09-13,Kashekim
crd_0c75f068ac98487f9544d1bce3858b39.avif,tcg_identifier,train,lorcana,lorcana,lorcast.com:crd_0c75f068ac98487f9544d1bce3858b39,Lorcast API — verify lorcast.com/docs/api terms before redistribution,2026-09-13,The Underworld
crd_0e199ab83f22428784550f317e16fefd.avif,tcg_identifier,train,lorcana,lorcana,lorcast.com:crd_0e199ab83f22428784550f317e16fefd,Lorcast API — verify lorcast.com/docs/api terms before redistribution,2026-09-13,Cobra Bubbles
crd_0e3b42aaf42e4bc9bdc7b2814a825893.avif,tcg_identifier,train,lorcana,lorcana,lorcast.com:crd_0e3b42aaf42e4bc9bdc7b2814a825893,Lorcast API — verify lorcast.com/docs/api terms before redistribution,2026-09-13,Young MacGuffin
crd_0e74340fa12045cb9bdb4824d72f2ad3.avif,tcg_identifier,train,lorcana,lorcana,lorcast.com:crd_0e74340fa12045cb9bdb4824d72f2ad3,Lorcast API — verify lorcast.com/docs/api terms before redistribution,2026-09-13,Dang Hu
crd_0fadff61937844e19a88aa608af3392c.avif,tcg_identifier,train,lorcana,lorcana,lorcast.com:crd_0fadff61937844e19a88aa608af3392c,Lorcast API — verify lorcast.com/docs/api terms before redistribution,2026-09-13,Kuzco
crd_133b244940a04f5cb851d8f179fcd91a.avif,tcg_identifier,train,lorcana,lorcana,lorcast.com:crd_133b244940a04f5cb851d8f179fcd91a,Lorcast API — verify lorcast.com/docs/api terms before redistribution,2026-09-13,The Horned King
crd_13f1e523e8454e648cda03bba3603643.avif,tcg_identifier,train,lorcana,lorcana,lorcast.com:crd_13f1e523e8454e648cda03bba3603643,Lorcast API — verify lorcast.com/docs/api terms before redistribution,2026-09-13,Raya
crd_1416db548e594c8baff2fab420ae3c59.avif,tcg_identifier,train,lorcana,lorcana,lorcast.com:crd_1416db548e594c8baff2fab420ae3c59,Lorcast API — verify lorcast.com/docs/api terms before redistribution,2026-09-13,Rapunzel
crd_1420be51e8504e689e1166dfb5bd2790.avif,tcg_identifier,train,lorcana,lorcana,lorcast.com:crd_1420be51e8504e689e1166dfb5bd2790,Lorcast API — verify lorcast.com/docs/api terms before redistribution,2026-09-13,So Much to Give
crd_1792f6aa4efe42ce93bd680da01f7016.avif,tcg_identifier,train,lorcana,lorcana,lorcast.com:crd_1792f6aa4efe42ce93bd680da01f7016,Lorcast API — verify lorcast.com/docs/api terms before redistribution,2026-09-13,Woody
crd_19e9e680d0d044d6a5fa0d39b5ab3206.avif,tcg_identifier,train,lorcana,lorcana,lorcast.com:crd_19e9e680d0d044d6a5fa0d39b5ab3206,Lorcast API — verify lorcast.com/docs/api terms before redistribution,2026-09-13,Kida
crd_19f369d68227447d89e02d4f90af8219.avif,tcg_identifier,train,lorcana,lorcana,lorcast.com:crd_19f369d68227447d89e02d4f90af8219,Lorcast API — verify lorcast.com/docs/api terms before redistribution,2026-09-13,Elsa
crd_1d6a3d2a881b42f0a7160c2617e19fea.avif,tcg_identifier,train,lorcana,lorcana,lorcast.com:crd_1d6a3d2a881b42f0a7160c2617e19fea,Lorcast API — verify lorcast.com/docs/api terms before redistribution,2026-09-13,Under the Sea
crd_2124e542c7de4cadb69cb6e1887547ee.avif,tcg_identifier,train,lorcana,lorcana,lorcast.com:crd_2124e542c7de4cadb69cb6e1887547ee,Lorcast API — verify lorcast.com/docs/api terms before redistribution,2026-09-13,The Queen
crd_25e476ae1e6545bc87787d0705f87364.avif,tcg_identifier,train,lorcana,lorcana,lorcast.com:crd_25e476ae1e6545bc87787d0705f87364,Lorcast API — verify lorcast.com/docs/api terms before redistribution,2026-09-13,Candy Drift
crd_25ef24f3f0214af5b8f944d2b5555ba8.avif,tcg_identifier,train,lorcana,lorcana,lorcast.com:crd_25ef24f3f0214af5b8f944d2b5555ba8,Lorcast API — verify lorcast.com/docs/api terms before redistribution,2026-09-13,Stitch
crd_27d46247102c480c8b2ce98be8bb15f5.avif,tcg_identifier,train,lorcana,lorcana,lorcast.com:crd_27d46247102c480c8b2ce98be8bb15f5,Lorcast API — verify lorcast.com/docs/api terms before redistribution,2026-09-13,The Frozen Vine
crd_2853060e0d9f479aaf19095e11706ae8.avif,tcg_identifier,train,lorcana,lorcana,lorcast.com:crd_2853060e0d9f479aaf19095e11706ae8,Lorcast API — verify lorcast.com/docs/api terms before redistribution,2026-09-13,A Pirate's Life
crd_295ea334c82b494ca1954f544117bf8a.avif,tcg_identifier,train,lorcana,lorcana,lorcast.com:crd_295ea334c82b494ca1954f544117bf8a,Lorcast API — verify lorcast.com/docs/api terms before redistribution,2026-09-13,Ichabod Crane
crd_2a13da4cb1ca43558f1781ec7613e1aa.avif,tcg_identifier,train,lorcana,lorcana,lorcast.com:crd_2a13da4cb1ca43558f1781ec7613e1aa,Lorcast API — verify lorcast.com/docs/api terms before redistribution,2026-09-13,Eeyore
crd_2ba24a02308b4a9196bbe2cef9546e6b.avif,tcg_identifier,train,lorcana,lorcana,lorcast.com:crd_2ba24a02308b4a9196bbe2cef9546e6b,Lorcast API — verify lorcast.com/docs/api terms before redistribution,2026-09-13,Merida
crd_2baa971c1cbf4f349f4d343cd97010d5.avif,tcg_identifier,train,lorcana,lorcana,lorcast.com:crd_2baa971c1cbf4f349f4d343cd97010d5,Lorcast API — verify lorcast.com/docs/api terms before redistribution,2026-09-13,Mickey Mouse
crd_2dcbea7036c54b9688bba4a478e03294.avif,tcg_identifier,train,lorcana,lorcana,lorcast.com:crd_2dcbea7036c54b9688bba4a478e03294,Lorcast API — verify lorcast.com/docs/api terms before redistribution,2026-09-13,Elsa
crd_2de38611ab924e2da249c2ceeb1eb89d.avif,tcg_identifier,train,lorcana,lorcana,lorcast.com:crd_2de38611ab924e2da249c2ceeb1eb89d,Lorcast API — verify lorcast.com/docs/api terms before redistribution,2026-09-13,Alice
crd_2f01947ccb4d4bae8b2cda6308a77323.avif,tcg_identifier,train,lorcana,lorcana,lorcast.com:crd_2f01947ccb4d4bae8b2cda6308a77323,Lorcast API — verify lorcast.com/docs/api terms before redistribution,2026-09-13,Queen of Hearts
crd_2f052175c77d4035b1e261bf1675aee8.avif,tcg_identifier,train,lorcana,lorcana,lorcast.com:crd_2f052175c77d4035b1e261bf1675aee8,Lorcast API — verify lorcast.com/docs/api terms before redistribution,2026-09-13,Owl Island
crd_3088ee50256240d0b22c045f593df9a8.avif,tcg_identifier,train,lorcana,lorcana,lorcast.com:crd_3088ee50256240d0b22c045f593df9a8,Lorcast API — verify lorcast.com/docs/api terms before redistribution,2026-09-13,Goofy
crd_309a0e71b66c4ba492590374f92d9598.avif,tcg_identifier,train,lorcana,lorcana,lorcast.com:crd_309a0e71b66c4ba492590374f92d9598,Lorcast API — verify lorcast.com/docs/api terms before redistribution,2026-09-13,Elsa
crd_33319f66def14264811a95e658040bb9.avif,tcg_identifier,train,lorcana,lorcana,lorcast.com:crd_33319f66def14264811a95e658040bb9,Lorcast API — verify lorcast.com/docs/api terms before redistribution,2026-09-13,Sven
crd_3459a012234b4a23b83deebefa450d7b.avif,tcg_identifier,train,lorcana,lorcana,lorcast.com:crd_3459a012234b4a23b83deebefa450d7b,Lorcast API — verify lorcast.com/docs/api terms before redistribution,2026-09-13,Cruella De Vil
crd_35c7f5fe2959472a8f4abc38de41a8af.avif,tcg_identifier,train,lorcana,lorcana,lorcast.com:crd_35c7f5fe2959472a8f4abc38de41a8af,Lorcast API — verify lorcast.com/docs/api terms before redistribution,2026-09-13,Young Macintosh
crd_3675f8f0ce8e461e8bd1e3f89a63d590.avif,tcg_identifier,train,lorcana,lorcana,lorcast.com:crd_3675f8f0ce8e461e8bd1e3f89a63d590,Lorcast API — verify lorcast.com/docs/api terms before redistribution,2026-09-13,Cauldron Born
crd_39abc3bfefc14489beca55a40a48153c.avif,tcg_identifier,train,lorcana,lorcana,lorcast.com:crd_39abc3bfefc14489beca55a40a48153c,Lorcast API — verify lorcast.com/docs/api terms before redistribution,2026-09-13,Darkwing Duck
crd_39ccc87a07884c2789a33b03738f2bb3.avif,tcg_identifier,train,lorcana,lorcana,lorcast.com:crd_39ccc87a07884c2789a33b03738f2bb3,Lorcast API — verify lorcast.com/docs/api terms before redistribution,2026-09-13,Piglet
crd_3a743f412ff34cd38bd9896f146950f4.avif,tcg_identifier,train,lorcana,lorcana,lorcast.com:crd_3a743f412ff34cd38bd9896f146950f4,Lorcast API — verify lorcast.com/docs/api terms before redistribution,2026-09-13,Li Shang
crd_3ac122b5a08e42ac986aa536da6c1000.avif,tcg_identifier,train,lorcana,lorcana,lorcast.com:crd_3ac122b5a08e42ac986aa536da6c1000,Lorcast API — verify lorcast.com/docs/api terms before redistribution,2026-09-13,Tinker Bell
crd_3ae06939a98a4e41a6c37b577aedd462.avif,tcg_identifier,train,lorcana,lorcana,lorcast.com:crd_3ae06939a98a4e41a6c37b577aedd462,Lorcast API — verify lorcast.com/docs/api terms before redistribution,2026-09-13,Khan
crd_3dcdfd3bf35341d7835d5b51893bd0cb.avif,tcg_identifier,train,lorcana,lorcana,lorcast.com:crd_3dcdfd3bf35341d7835d5b51893bd0cb,Lorcast API — verify lorcast.com/docs/api terms before redistribution,2026-09-13,Scuttle
crd_3ecab24376cb4cd5989309e000f797c1.avif,tcg_identifier,train,lorcana,lorcana,lorcast.com:crd_3ecab24376cb4cd5989309e000f797c1,Lorcast API — verify lorcast.com/docs/api terms before redistribution,2026-09-13,Jafar
crd_3ef790bdb3a2494783a80d778429c034.avif,tcg_identifier,train,lorcana,lorcana,lorcast.com:crd_3ef790bdb3a2494783a80d778429c034,Lorcast API — verify lorcast.com/docs/api terms before redistribution,2026-09-13,I'm Stuck!
crd_3fcdfc49c12743bea7e8f632ba06c41b.avif,tcg_identifier,train,lorcana,lorcana,lorcast.com:crd_3fcdfc49c12743bea7e8f632ba06c41b,Lorcast API — verify lorcast.com/docs/api terms before redistribution,2026-09-13,Mickey Mouse
crd_42751c368c5545afbfc23be49ae65519.avif,tcg_identifier,train,lorcana,lorcana,lorcast.com:crd_42751c368c5545afbfc23be49ae65519,Lorcast API — verify lorcast.com/docs/api terms before redistribution,2026-09-13,Pegasus
crd_428073a3a65f4e2984ad22ecd1af4ee4.avif,tcg_identifier,train,lorcana,lorcana,lorcast.com:crd_428073a3a65f4e2984ad22ecd1af4ee4,Lorcast API — verify lorcast.com/docs/api terms before redistribution,2026-09-13,Jafar
crd_444d8b9e59e44e919534ccc79bd66d85.avif,tcg_identifier,train,lorcana,lorcana,lorcast.com:crd_444d8b9e59e44e919534ccc79bd66d85,Lorcast API — verify lorcast.com/docs/api terms before redistribution,2026-09-13,Rafiki
crd_44fe3bead4bf40f79163468a4fd647e5.avif,tcg_identifier,train,lorcana,lorcana,lorcast.com:crd_44fe3bead4bf40f79163468a4fd647e5,Lorcast API — verify lorcast.com/docs/api terms before redistribution,2026-09-13,Mulan
crd_460e1f2d54244710902cf898533beaa8.avif,tcg_identifier,train,lorcana,lorcana,lorcast.com:crd_460e1f2d54244710902cf898533beaa8,Lorcast API — verify lorcast.com/docs/api terms before redistribution,2026-09-13,Mulan
crd_4690391667a14f42a7df8ef76771703d.avif,tcg_identifier,train,lorcana,lorcana,lorcast.com:crd_4690391667a14f42a7df8ef76771703d,Lorcast API — verify lorcast.com/docs/api terms before redistribution,2026-09-13,Ratigan's Party
crd_47393fa4b8714ffbb182701c995d4998.avif,tcg_identifier,train,lorcana,lorcana,lorcast.com:crd_47393fa4b8714ffbb182701c995d4998,Lorcast API — verify lorcast.com/docs/api terms before redistribution,2026-09-13,Taffyta Muttonfudge
crd_47d6da02d19a4b82a6d7aaf593ca151e.avif,tcg_identifier,train,lorcana,lorcana,lorcast.com:crd_47d6da02d19a4b82a6d7aaf593ca151e,Lorcast API — verify lorcast.com/docs/api terms before redistribution,2026-09-13,Reuben
crd_485779f8b4954059b78e81f46882d744.avif,tcg_identifier,train,lorcana,lorcana,lorcast.com:crd_485779f8b4954059b78e81f46882d744,Lorcast API — verify lorcast.com/docs/api terms before redistribution,2026-09-13,Scrooge Mcduck
crd_497f584c0a1d45e3aea9795cff7150df.avif,tcg_identifier,train,lorcana,lorcana,lorcast.com:crd_497f584c0a1d45e3aea9795cff7150df,Lorcast API — verify lorcast.com/docs/api terms before redistribution,2026-09-13,Goofy
crd_49923766da0445deab289bad2cde7662.avif,tcg_identifier,train,lorcana,lorcana,lorcast.com:crd_49923766da0445deab289bad2cde7662,Lorcast API — verify lorcast.com/docs/api terms before redistribution,2026-09-13,Let It Go
crd_4ab0c55e07324d30903f51b7bbd41c8d.avif,tcg_identifier,train,lorcana,lorcana,lorcast.com:crd_4ab0c55e07324d30903f51b7bbd41c8d,Lorcast API — verify lorcast.com/docs/api terms before redistribution,2026-09-13,Dinglehopper
crd_4c46bfa161ae4e4d886ddabef7ad8d57.avif,tcg_identifier,train,lorcana,lorcana,lorcast.com:crd_4c46bfa161ae4e4d886ddabef7ad8d57,Lorcast API — verify lorcast.com/docs/api terms before redistribution,2026-09-13,Panic
crd_4ce702771dcf4edeb10ba61698ecc3a0.avif,tcg_identifier,train,lorcana,lorcana,lorcast.com:crd_4ce702771dcf4edeb10ba61698ecc3a0,Lorcast API — verify lorcast.com/docs/api terms before redistribution,2026-09-13,Ming Lee
crd_4d1c2c4913d1417294da21592cee8363.avif,tcg_identifier,train,lorcana,lorcana,lorcast.com:crd_4d1c2c4913d1417294da21592cee8363,Lorcast API — verify lorcast.com/docs/api terms before redistribution,2026-09-13,Max Goof
crd_4d9c8fd7ab2241d9893ca3ad6a31daed.avif,tcg_identifier,train,lorcana,lorcana,lorcast.com:crd_4d9c8fd7ab2241d9893ca3ad6a31daed,Lorcast API — verify lorcast.com/docs/api terms before redistribution,2026-09-13,Just in Time
crd_51948a3a4c2442da9beca8d1afbb746e.avif,tcg_identifier,train,lorcana,lorcana,lorcast.com:crd_51948a3a4c2442da9beca8d1afbb746e,Lorcast API — verify lorcast.com/docs/api terms before redistribution,2026-09-13,Lady
crd_537258cef9b5410fafafa47026feedf6.avif,tcg_identifier,train,lorcana,lorcana,lorcast.com:crd_537258cef9b5410fafafa47026feedf6,Lorcast API — verify lorcast.com/docs/api terms before redistribution,2026-09-13,Chem Purse
crd_540aa5414bc94516a563bab640ced601.avif,tcg_identifier,train,lorcana,lorcana,lorcast.com:crd_540aa5414bc94516a563bab640ced601,Lorcast API — verify lorcast.com/docs/api terms before redistribution,2026-09-13,Musketeer Tabard
crd_54148f51de174f4a93a475eec138365e.avif,tcg_identifier,train,lorcana,lorcana,lorcast.com:crd_54148f51de174f4a93a475eec138365e,Lorcast API — verify lorcast.com/docs/api terms before redistribution,2026-09-13,Alice
crd_5423fd35369b41ebbfff99eeb1928fc4.avif,tcg_identifier,train,lorcana,lorcana,lorcast.com:crd_5423fd35369b41ebbfff99eeb1928fc4,Lorcast API — verify lorcast.com/docs/api terms before redistribution,2026-09-13,Strike A Good Match
crd_54e5e880c70e4e2bb68cc318a7d47e34.avif,tcg_identifier,train,lorcana,lorcana,lorcast.com:crd_54e5e880c70e4e2bb68cc318a7d47e34,Lorcast API — verify lorcast.com/docs/api terms before redistribution,2026-09-13,The Bare Necessities
crd_5508d787ca204fdcbba52a26d7258301.avif,tcg_identifier,train,lorcana,lorcana,lorcast.com:crd_5508d787ca204fdcbba52a26d7258301,Lorcast API — verify lorcast.com/docs/api terms before redistribution,2026-09-13,Kuzco
crd_57f0cec68b0a49d7879d72637f8cb9e5.avif,tcg_identifier,train,lorcana,lorcana,lorcast.com:crd_57f0cec68b0a49d7879d72637f8cb9e5,Lorcast API — verify lorcast.com/docs/api terms before redistribution,2026-09-13,Simba
crd_582917ea24ef4aa4a6921fcbe55d0100.avif,tcg_identifier,train,lorcana,lorcana,lorcast.com:crd_582917ea24ef4aa4a6921fcbe55d0100,Lorcast API — verify lorcast.com/docs/api terms before redistribution,2026-09-13,Gopher
crd_58705a75ce1c4f19aabe741129079750.avif,tcg_identifier,train,lorcana,lorcana,lorcast.com:crd_58705a75ce1c4f19aabe741129079750,Lorcast API — verify lorcast.com/docs/api terms before redistribution,2026-09-13,Chernabog
crd_5c1ae860c25940a7aac7c8633d58da21.avif,tcg_identifier,train,lorcana,lorcana,lorcast.com:crd_5c1ae860c25940a7aac7c8633d58da21,Lorcast API — verify lorcast.com/docs/api terms before redistribution,2026-09-13,You Broke My Smolder
crd_5c953b299f3b4de08ff77ddd3b041270.avif,tcg_identifier,train,lorcana,lorcana,lorcast.com:crd_5c953b299f3b4de08ff77ddd3b041270,Lorcast API — verify lorcast.com/docs/api terms before redistribution,2026-09-13,Lady Tremaine
crd_5d3eec99c8a746a5b8b774fb50cc5180.avif,tcg_identifier,train,lorcana,lorcana,lorcast.com:crd_5d3eec99c8a746a5b8b774fb50cc5180,Lorcast API — verify lorcast.com/docs/api terms before redistribution,2026-09-13,Robin Hood
crd_5da5944a7e9240aab2d30466337643c3.avif,tcg_identifier,train,lorcana,lorcana,lorcast.com:crd_5da5944a7e9240aab2d30466337643c3,Lorcast API — verify lorcast.com/docs/api terms before redistribution,2026-09-13,Winnie the Pooh
crd_5e9c10f7a6b0481a8db5185d783f1bae.avif,tcg_identifier,train,lorcana,lorcana,lorcast.com:crd_5e9c10f7a6b0481a8db5185d783f1bae,Lorcast API — verify lorcast.com/docs/api terms before redistribution,2026-09-13,Attack of the Vine!
crd_5fbd8a029bf344a6a3e42793c324f12c.avif,tcg_identifier,train,lorcana,lorcana,lorcast.com:crd_5fbd8a029bf344a6a3e42793c324f12c,Lorcast API — verify lorcast.com/docs/api terms before redistribution,2026-09-13,Ursula's Lair
crd_606b261078744cc8819ce42293651b88.avif,tcg_identifier,train,lorcana,lorcana,lorcast.com:crd_606b261078744cc8819ce42293651b88,Lorcast API — verify lorcast.com/docs/api terms before redistribution,2026-09-13,Hercules
crd_62bf50e929b74dd99fef99aa21e946bf.avif,tcg_identifier,train,lorcana,lorcana,lorcast.com:crd_62bf50e929b74dd99fef99aa21e946bf,Lorcast API — verify lorcast.com/docs/api terms before redistribution,2026-09-13,Winifred
crd_63132ee7ba1f4847a88e67273e1714fa.avif,tcg_identifier,train,lorcana,lorcana,lorcast.com:crd_63132ee7ba1f4847a88e67273e1714fa,Lorcast API — verify lorcast.com/docs/api terms before redistribution,2026-09-13,Broadway
crd_6349578aae2742c6901e3129e8da6925.avif,tcg_identifier,train,lorcana,lorcana,lorcast.com:crd_6349578aae2742c6901e3129e8da6925,Lorcast API — verify lorcast.com/docs/api terms before redistribution,2026-09-13,Yzma
crd_64a76c911cf94a1c88039f36efdec741.avif,tcg_identifier,train,lorcana,lorcana,lorcast.com:crd_64a76c911cf94a1c88039f36efdec741,Lorcast API — verify lorcast.com/docs/api terms before redistribution,2026-09-13,Calhoun
crd_68c45595c25041f3bcf2073a5b533edd.avif,tcg_identifier,train,lorcana,lorcana,lorcast.com:crd_68c45595c25041f3bcf2073a5b533edd,Lorcast API — verify lorcast.com/docs/api terms before redistribution,2026-09-13,Ursula
crd_68c5e563c4774f3f94a16eed86475c95.avif,tcg_identifier,train,lorcana,lorcana,lorcast.com:crd_68c5e563c4774f3f94a16eed86475c95,Lorcast API — verify lorcast.com/docs/api terms before redistribution,2026-09-13,King Candy
crd_69429f224b234571a1257b20258d97a4.avif,tcg_identifier,train,lorcana,lorcana,lorcast.com:crd_69429f224b234571a1257b20258d97a4,Lorcast API — verify lorcast.com/docs/api terms before redistribution,2026-09-13,One and Only
crd_69fabb81a4894f389aea9207733a28c6.avif,tcg_identifier,train,lorcana,lorcana,lorcast.com:crd_69fabb81a4894f389aea9207733a28c6,Lorcast API — verify lorcast.com/docs/api terms before redistribution,2026-09-13,Bronx
crd_6a3e78bd46b74dbe81da78b2d64cc75f.avif,tcg_identifier,train,lorcana,lorcana,lorcast.com:crd_6a3e78bd46b74dbe81da78b2d64cc75f,Lorcast API — verify lorcast.com/docs/api terms before redistribution,2026-09-13,Belle
crd_6ae3b063360244f19a8aa03334b16078.avif,tcg_identifier,train,lorcana,lorcana,lorcast.com:crd_6ae3b063360244f19a8aa03334b16078,Lorcast API — verify lorcast.com/docs/api terms before redistribution,2026-09-13,Cogsworth
crd_6b4e0c325cbb46698922c45438b4f1a7.avif,tcg_identifier,train,lorcana,lorcana,lorcast.com:crd_6b4e0c325cbb46698922c45438b4f1a7,Lorcast API — verify lorcast.com/docs/api terms before redistribution,2026-09-13,Captain
crd_6cdb5c7da33a4158b6646d784ec0f2d5.avif,tcg_identifier,train,lorcana,lorcana,lorcast.com:crd_6cdb5c7da33a4158b6646d784ec0f2d5,Lorcast API — verify lorcast.com/docs/api terms before redistribution,2026-09-13,The Queen
crd_6df56dd3dbb5471589800f12bba4eb46.avif,tcg_identifier,train,lorcana,lorcana,lorcast.com:crd_6df56dd3dbb5471589800f12bba4eb46,Lorcast API — verify lorcast.com/docs/api terms before redistribution,2026-09-13,Kakamora
crd_6f3a637fc61e4ad084fc878c55ff543c.avif,tcg_identifier,train,lorcana,lorcana,lorcast.com:crd_6f3a637fc61e4ad084fc878c55ff543c,Lorcast API — verify lorcast.com/docs/api terms before redistribution,2026-09-13,Sina
crd_71250fc9f98742369de2116914b4109f.avif,tcg_identifier,train,lorcana,lorcana,lorcast.com:crd_71250fc9f98742369de2116914b4109f,Lorcast API — verify lorcast.com/docs/api terms before redistribution,2026-09-13,Li Shang
crd_7202d58f49f84525b3a9364c319772f3.avif,tcg_identifier,train,lorcana,lorcana,lorcast.com:crd_7202d58f49f84525b3a9364c319772f3,Lorcast API — verify lorcast.com/docs/api terms before redistribution,2026-09-13,Koda
crd_72aee0ede57046b1ad53a67b8f39d6f0.avif,tcg_identifier,train,lorcana,lorcana,lorcast.com:crd_72aee0ede57046b1ad53a67b8f39d6f0,Lorcast API — verify lorcast.com/docs/api terms before redistribution,2026-09-13,Mushu
crd_72faf592ef64418b856f80140e0ac6be.avif,tcg_identifier,train,lorcana,lorcana,lorcast.com:crd_72faf592ef64418b856f80140e0ac6be,Lorcast API — verify lorcast.com/docs/api terms before redistribution,2026-09-13,Goofy
crd_7388269750db42eebdd7fbe6cbcfe30b.avif,tcg_identifier,train,lorcana,lorcana,lorcast.com:crd_7388269750db42eebdd7fbe6cbcfe30b,Lorcast API — verify lorcast.com/docs/api terms before redistribution,2026-09-13,Donald Duck
crd_756eca11fdec48c2bc3b4f427b151b6e.avif,tcg_identifier,train,lorcana,lorcana,lorcast.com:crd_756eca11fdec48c2bc3b4f427b151b6e,Lorcast API — verify lorcast.com/docs/api terms before redistribution,2026-09-13,Pain
crd_758bab20496f4673991e53ac59f1bcaa.avif,tcg_identifier,train,lorcana,lorcana,lorcast.com:crd_758bab20496f4673991e53ac59f1bcaa,Lorcast API — verify lorcast.com/docs/api terms before redistribution,2026-09-13,Eeyore
crd_758f6165053247138a43133356718b77.avif,tcg_identifier,train,lorcana,lorcana,lorcast.com:crd_758f6165053247138a43133356718b77,Lorcast API — verify lorcast.com/docs/api terms before redistribution,2026-09-13,Kuzco
crd_75c10c12f3394d92a6e2d4806474dd62.avif,tcg_identifier,train,lorcana,lorcana,lorcast.com:crd_75c10c12f3394d92a6e2d4806474dd62,Lorcast API — verify lorcast.com/docs/api terms before redistribution,2026-09-13,Poe De Spell
crd_762ed07f53ea4ca6a4cf7ae20ed53535.avif,tcg_identifier,train,lorcana,lorcana,lorcast.com:crd_762ed07f53ea4ca6a4cf7ae20ed53535,Lorcast API — verify lorcast.com/docs/api terms before redistribution,2026-09-13,Jasmine
crd_7820a5ea1cc44b97b4b5aeb89fc1882a.avif,tcg_identifier,train,lorcana,lorcana,lorcast.com:crd_7820a5ea1cc44b97b4b5aeb89fc1882a,Lorcast API — verify lorcast.com/docs/api terms before redistribution,2026-09-13,Sarabi
crd_79195cfde0ae4948894c37bef02d9e6f.avif,tcg_identifier,train,lorcana,lorcana,lorcast.com:crd_79195cfde0ae4948894c37bef02d9e6f,Lorcast API — verify lorcast.com/docs/api terms before redistribution,2026-09-13,Ariel’s Grotto
crd_79e2d6da18c84548bfc363e1aea10da1.avif,tcg_identifier,train,lorcana,lorcana,lorcast.com:crd_79e2d6da18c84548bfc363e1aea10da1,Lorcast API — verify lorcast.com/docs/api terms before redistribution,2026-09-13,Prince Phillip
crd_79eeecfdd20849aaade7d29646fed146.avif,tcg_identifier,train,lorcana,lorcana,lorcast.com:crd_79eeecfdd20849aaade7d29646fed146,Lorcast API — verify lorcast.com/docs/api terms before redistribution,2026-09-13,Forest Duel
crd_7a5bbd2bed1b4b109511ea5bcd384252.avif,tcg_identifier,train,lorcana,lorcana,lorcast.com:crd_7a5bbd2bed1b4b109511ea5bcd384252,Lorcast API — verify lorcast.com/docs/api terms before redistribution,2026-09-13,Ring of Stones
crd_7b8a887fbfda4b869f7529f31da115f6.avif,tcg_identifier,train,lorcana,lorcana,lorcast.com:crd_7b8a887fbfda4b869f7529f31da115f6,Lorcast API — verify lorcast.com/docs/api terms before redistribution,2026-09-13,Owl
crd_7e7bbc5fda91421c9950368d5fee65ad.avif,tcg_identifier,train,lorcana,lorcana,lorcast.com:crd_7e7bbc5fda91421c9950368d5fee65ad,Lorcast API — verify lorcast.com/docs/api terms before redistribution,2026-09-13,Merlin
crd_7e99e5b9bd2747d29e6393aff2685158.avif,tcg_identifier,train,lorcana,lorcana,lorcast.com:crd_7e99e5b9bd2747d29e6393aff2685158,Lorcast API — verify lorcast.com/docs/api terms before redistribution,2026-09-13,Cogsworth
crd_8010db6668ab482899edbda27487eaae.avif,tcg_identifier,train,lorcana,lorcana,lorcast.com:crd_8010db6668ab482899edbda27487eaae,Lorcast API — verify lorcast.com/docs/api terms before redistribution,2026-09-13,Mr. Snoops
crd_81cea9b9222c496a8de13d5eb3215ab2.avif,tcg_identifier,train,lorcana,lorcana,lorcast.com:crd_81cea9b9222c496a8de13d5eb3215ab2,Lorcast API — verify lorcast.com/docs/api terms before redistribution,2026-09-13,Heart of Te Fiti
crd_81f418041acd4fd98990e02403938de4.avif,tcg_identifier,train,lorcana,lorcana,lorcast.com:crd_81f418041acd4fd98990e02403938de4,Lorcast API — verify lorcast.com/docs/api terms before redistribution,2026-09-13,Aurora
crd_824fecbd011140ecaba3b8c8d7c4740a.avif,tcg_identifier,train,lorcana,lorcana,lorcast.com:crd_824fecbd011140ecaba3b8c8d7c4740a,Lorcast API — verify lorcast.com/docs/api terms before redistribution,2026-09-13,King Candy
crd_82807328c2514c0d8f22366b4720a583.avif,tcg_identifier,train,lorcana,lorcana,lorcast.com:crd_82807328c2514c0d8f22366b4720a583,Lorcast API — verify lorcast.com/docs/api terms before redistribution,2026-09-13,Tamatoa
crd_835c907af9be4b9d93b301eb3324b83e.avif,tcg_identifier,train,lorcana,lorcana,lorcast.com:crd_835c907af9be4b9d93b301eb3324b83e,Lorcast API — verify lorcast.com/docs/api terms before redistribution,2026-09-13,Pua
crd_83fb168f74ce49fa9c92000143bf3402.avif,tcg_identifier,train,lorcana,lorcana,lorcast.com:crd_83fb168f74ce49fa9c92000143bf3402,Lorcast API — verify lorcast.com/docs/api terms before redistribution,2026-09-13,Bambi
crd_856e21edc8814f10863eae7f75635f23.avif,tcg_identifier,train,lorcana,lorcana,lorcast.com:crd_856e21edc8814f10863eae7f75635f23,Lorcast API — verify lorcast.com/docs/api terms before redistribution,2026-09-13,Improvise
crd_85bc31bc75a34ebcbcfc164e701ae6ef.avif,tcg_identifier,train,lorcana,lorcana,lorcast.com:crd_85bc31bc75a34ebcbcfc164e701ae6ef,Lorcast API — verify lorcast.com/docs/api terms before redistribution,2026-09-13,Rajah
crd_862f035f533244a8a59a469e5c0cae9c.avif,tcg_identifier,train,lorcana,lorcana,lorcast.com:crd_862f035f533244a8a59a469e5c0cae9c,Lorcast API — verify lorcast.com/docs/api terms before redistribution,2026-09-13,Woody & Buzz Lightyear
crd_874601077b644699b9e61662ec1c68a8.avif,tcg_identifier,train,lorcana,lorcana,lorcast.com:crd_874601077b644699b9e61662ec1c68a8,Lorcast API — verify lorcast.com/docs/api terms before redistribution,2026-09-13,Pete
crd_87abaabc59344ef1bfed548f0b6753bf.avif,tcg_identifier,train,lorcana,lorcana,lorcast.com:crd_87abaabc59344ef1bfed548f0b6753bf,Lorcast API — verify lorcast.com/docs/api terms before redistribution,2026-09-13,Ohana Means Family
crd_888f26474eba4f569f94c99251eddf06.avif,tcg_identifier,train,lorcana,lorcana,lorcast.com:crd_888f26474eba4f569f94c99251eddf06,Lorcast API — verify lorcast.com/docs/api terms before redistribution,2026-09-13,Robin Hood
crd_8950c4a97e2f4ccc8c5008b82356aec4.avif,tcg_identifier,train,lorcana,lorcana,lorcast.com:crd_8950c4a97e2f4ccc8c5008b82356aec4,Lorcast API — verify lorcast.com/docs/api terms before redistribution,2026-09-13,Kashekim
crd_89f06111fbb14f8d9dc9e19168c30631.avif,tcg_identifier,train,lorcana,lorcana,lorcast.com:crd_89f06111fbb14f8d9dc9e19168c30631,Lorcast API — verify lorcast.com/docs/api terms before redistribution,2026-09-13,The Great Illuminary
crd_8a0ce27bd434498ba454be0571e58c5b.avif,tcg_identifier,train,lorcana,lorcana,lorcast.com:crd_8a0ce27bd434498ba454be0571e58c5b,Lorcast API — verify lorcast.com/docs/api terms before redistribution,2026-09-13,Genie
crd_8bdc25c7277245a5b690a2d5b4d63fd2.avif,tcg_identifier,train,lorcana,lorcana,lorcast.com:crd_8bdc25c7277245a5b690a2d5b4d63fd2,Lorcast API — verify lorcast.com/docs/api terms before redistribution,2026-09-13,The Bear
crd_8ca524116c8e486f99597ca9a67b803b.avif,tcg_identifier,train,lorcana,lorcana,lorcast.com:crd_8ca524116c8e486f99597ca9a67b803b,Lorcast API — verify lorcast.com/docs/api terms before redistribution,2026-09-13,Raya
crd_8db0f3b74ec145c39cb0ec2413c48c75.avif,tcg_identifier,train,lorcana,lorcana,lorcast.com:crd_8db0f3b74ec145c39cb0ec2413c48c75,Lorcast API — verify lorcast.com/docs/api terms before redistribution,2026-09-13,Minnie Mouse
crd_8db5f81d06034612b857a11fc606c5d2.avif,tcg_identifier,train,lorcana,lorcana,lorcast.com:crd_8db5f81d06034612b857a11fc606c5d2,Lorcast API — verify lorcast.com/docs/api terms before redistribution,2026-09-13,John Silver
crd_8e4e89a1b49c4ea5936be4e14cfadb46.avif,tcg_identifier,train,lorcana,lorcana,lorcast.com:crd_8e4e89a1b49c4ea5936be4e14cfadb46,Lorcast API — verify lorcast.com/docs/api terms before redistribution,2026-09-13,"Fix-It Felix, Jr."
crd_8fe17bb9974247b18e4180d4e4df3ab0.avif,tcg_identifier,train,lorcana,lorcana,lorcast.com:crd_8fe17bb9974247b18e4180d4e4df3ab0,Lorcast API — verify lorcast.com/docs/api terms before redistribution,2026-09-13,Fa Zhou
crd_928bd23c4cdb4440898accbb73aba3bf.avif,tcg_identifier,train,lorcana,lorcana,lorcast.com:crd_928bd23c4cdb4440898accbb73aba3bf,Lorcast API — verify lorcast.com/docs/api terms before redistribution,2026-09-13,Amber Coil
crd_92c7a997ed6f441a807e91c8bd5aa470.avif,tcg_identifier,train,lorcana,lorcana,lorcast.com:crd_92c7a997ed6f441a807e91c8bd5aa470,Lorcast API — verify lorcast.com/docs/api terms before redistribution,2026-09-13,Starkey
crd_9309b1cf13e545c2a5ef5292f2ffae01.avif,tcg_identifier,train,lorcana,lorcana,lorcast.com:crd_9309b1cf13e545c2a5ef5292f2ffae01,Lorcast API — verify lorcast.com/docs/api terms before redistribution,2026-09-13,Emily Quackfaster
crd_9444cd2552124a658a0c276513934a4f.avif,tcg_identifier,train,lorcana,lorcana,lorcast.com:crd_9444cd2552124a658a0c276513934a4f,Lorcast API — verify lorcast.com/docs/api terms before redistribution,2026-09-13,Hypnotic Strength
crd_95ecf1d59f004e4399a2c61e280dfd13.avif,tcg_identifier,train,lorcana,lorcana,lorcast.com:crd_95ecf1d59f004e4399a2c61e280dfd13,Lorcast API — verify lorcast.com/docs/api terms before redistribution,2026-09-13,Magic Broom
crd_97871e7acbdc4896a4665454b09dc82b.avif,tcg_identifier,train,lorcana,lorcana,lorcast.com:crd_97871e7acbdc4896a4665454b09dc82b,Lorcast API — verify lorcast.com/docs/api terms before redistribution,2026-09-13,Ursula
crd_97ba744205d341099f6b8a54f12eee71.avif,tcg_identifier,train,lorcana,lorcana,lorcast.com:crd_97ba744205d341099f6b8a54f12eee71,Lorcast API — verify lorcast.com/docs/api terms before redistribution,2026-09-13,Te Kā
crd_9897b7dc2c8142b5b2afc74e87fa14ae.avif,tcg_identifier,train,lorcana,lorcana,lorcast.com:crd_9897b7dc2c8142b5b2afc74e87fa14ae,Lorcast API — verify lorcast.com/docs/api terms before redistribution,2026-09-13,Scrooge's Top Hat
crd_98cc1ff61f704e70a88362de3d5d29a7.avif,tcg_identifier,train,lorcana,lorcana,lorcast.com:crd_98cc1ff61f704e70a88362de3d5d29a7,Lorcast API — verify lorcast.com/docs/api terms before redistribution,2026-09-13,Wreck-It Ralph
crd_9977cd39e1244f29a352a5ef0564d3cb.avif,tcg_identifier,train,lorcana,lorcana,lorcast.com:crd_9977cd39e1244f29a352a5ef0564d3cb,Lorcast API — verify lorcast.com/docs/api terms before redistribution,2026-09-13,Louie
crd_9a221a16584b472c8bdec14c1b4ae5b8.avif,tcg_identifier,train,lorcana,lorcana,lorcast.com:crd_9a221a16584b472c8bdec14c1b4ae5b8,Lorcast API — verify lorcast.com/docs/api terms before redistribution,2026-09-13,Simba
crd_9b812b75cd834563aeae274699657a59.avif,tcg_identifier,train,lorcana,lorcana,lorcast.com:crd_9b812b75cd834563aeae274699657a59,Lorcast API — verify lorcast.com/docs/api terms before redistribution,2026-09-13,Mulan
crd_9b84afa5574c49e4a0270195f6ced69b.avif,tcg_identifier,train,lorcana,lorcana,lorcast.com:crd_9b84afa5574c49e4a0270195f6ced69b,Lorcast API — verify lorcast.com/docs/api terms before redistribution,2026-09-13,The Matchmaker
crd_9bd583ab207a4366a12f37ab94ed8619.avif,tcg_identifier,train,lorcana,lorcana,lorcast.com:crd_9bd583ab207a4366a12f37ab94ed8619,Lorcast API — verify lorcast.com/docs/api terms before redistribution,2026-09-13,Goofy
crd_9cba34a84bf04721aefd09dc1e87cb3a.avif,tcg_identifier,train,lorcana,lorcana,lorcast.com:crd_9cba34a84bf04721aefd09dc1e87cb3a,Lorcast API — verify lorcast.com/docs/api terms before redistribution,2026-09-13,Lawrence
crd_9e590e6d47e9422fa521110e41e48cd1.avif,tcg_identifier,train,lorcana,lorcana,lorcast.com:crd_9e590e6d47e9422fa521110e41e48cd1,Lorcast API — verify lorcast.com/docs/api terms before redistribution,2026-09-13,Chef Louis
crd_9ec4271d84b44a8f8ac40e0d1ea0bf0a.avif,tcg_identifier,train,lorcana,lorcana,lorcast.com:crd_9ec4271d84b44a8f8ac40e0d1ea0bf0a,Lorcast API — verify lorcast.com/docs/api terms before redistribution,2026-09-13,Goofy
crd_9f0c12874b204c0f99d48aa7ddb68c51.avif,tcg_identifier,train,lorcana,lorcana,lorcast.com:crd_9f0c12874b204c0f99d48aa7ddb68c51,Lorcast API — verify lorcast.com/docs/api terms before redistribution,2026-09-13,Sign the Scroll
crd_a03dfd74bc3343a883df4bb71b193f0c.avif,tcg_identifier,train,lorcana,lorcana,lorcast.com:crd_a03dfd74bc3343a883df4bb71b193f0c,Lorcast API — verify lorcast.com/docs/api terms before redistribution,2026-09-13,Magical Maneuvers
crd_a22eb000866a46439fd736cd7a8ec535.avif,tcg_identifier,train,lorcana,lorcana,lorcast.com:crd_a22eb000866a46439fd736cd7a8ec535,Lorcast API — verify lorcast.com/docs/api terms before redistribution,2026-09-13,Ludwig Von Drake
crd_a24dcdebfc7246d4be1faad573e0a23e.avif,tcg_identifier,train,lorcana,lorcana,lorcast.com:crd_a24dcdebfc7246d4be1faad573e0a23e,Lorcast API — verify lorcast.com/docs/api terms before redistribution,2026-09-13,Vanellope von Schweetz
crd_a2d28e5e695747fb95ebe50f891eb0b4.avif,tcg_identifier,train,lorcana,lorcana,lorcast.com:crd_a2d28e5e695747fb95ebe50f891eb0b4,Lorcast API — verify lorcast.com/docs/api terms before redistribution,2026-09-13,Aladdin
crd_a5a7e2a876b24835aca7fd5cd5408e0d.avif,tcg_identifier,train,lorcana,lorcana,lorcast.com:crd_a5a7e2a876b24835aca7fd5cd5408e0d,Lorcast API — verify lorcast.com/docs/api terms before redistribution,2026-09-13,Flounder
crd_a5acdc20f6a54938be2874ab080a9053.avif,tcg_identifier,train,lorcana,lorcana,lorcast.com:crd_a5acdc20f6a54938be2874ab080a9053,Lorcast API — verify lorcast.com/docs/api terms before redistribution,2026-09-13,Aladdin
crd_a6340b8d58a14de28c95f912df744b3e.avif,tcg_identifier,train,lorcana,lorcana,lorcast.com:crd_a6340b8d58a14de28c95f912df744b3e,Lorcast API — verify lorcast.com/docs/api terms before redistribution,2026-09-13,Scar
crd_a7946badda8f45c59504dc3df868ac26.avif,tcg_identifier,train,lorcana,lorcana,lorcast.com:crd_a7946badda8f45c59504dc3df868ac26,Lorcast API — verify lorcast.com/docs/api terms before redistribution,2026-09-13,Ursula
crd_a83a5da99ba24518860ad7da3dbe1d02.avif,tcg_identifier,train,lorcana,lorcana,lorcast.com:crd_a83a5da99ba24518860ad7da3dbe1d02,Lorcast API — verify lorcast.com/docs/api terms before redistribution,2026-09-13,Sisu
crd_a8554e2076074a8599f09e171436ac14.avif,tcg_identifier,train,lorcana,lorcana,lorcast.com:crd_a8554e2076074a8599f09e171436ac14,Lorcast API — verify lorcast.com/docs/api terms before redistribution,2026-09-13,Trust In Me
crd_a8b84c38955448fc8e9851870f2829de.avif,tcg_identifier,train,lorcana,lorcana,lorcast.com:crd_a8b84c38955448fc8e9851870f2829de,Lorcast API — verify lorcast.com/docs/api terms before redistribution,2026-09-13,Mickey Mouse
crd_a9407e39c2ee47869d7a634aa46a7f04.avif,tcg_identifier,train,lorcana,lorcana,lorcast.com:crd_a9407e39c2ee47869d7a634aa46a7f04,Lorcast API — verify lorcast.com/docs/api terms before redistribution,2026-09-13,Mickey Mouse
crd_a9888f3a8e1845588922ff69068e6f78.avif,tcg_identifier,train,lorcana,lorcana,lorcast.com:crd_a9888f3a8e1845588922ff69068e6f78,Lorcast API — verify lorcast.com/docs/api terms before redistribution,2026-09-13,Gale
crd_abd789362dc8479c8dc89e89859b6a6a.avif,tcg_identifier,train,lorcana,lorcana,lorcast.com:crd_abd789362dc8479c8dc89e89859b6a6a,Lorcast API — verify lorcast.com/docs/api terms before redistribution,2026-09-13,Diablo
crd_ada8dfe4da974553886bcf9387198373.avif,tcg_identifier,train,lorcana,lorcana,lorcast.com:crd_ada8dfe4da974553886bcf9387198373,Lorcast API — verify lorcast.com/docs/api terms before redistribution,2026-09-13,Dewey
crd_aeb75ac2ab524eb690b3b96aeddc80cc.avif,tcg_identifier,train,lorcana,lorcana,lorcast.com:crd_aeb75ac2ab524eb690b3b96aeddc80cc,Lorcast API — verify lorcast.com/docs/api terms before redistribution,2026-09-13,Goofy
crd_b0231e5ba8c34691ac5bf29e6fc96c46.avif,tcg_identifier,train,lorcana,lorcana,lorcast.com:crd_b0231e5ba8c34691ac5bf29e6fc96c46,Lorcast API — verify lorcast.com/docs/api terms before redistribution,2026-09-13,Taran
crd_b19fb19a289f4cf5a223278de7b2b2e0.avif,tcg_identifier,train,lorcana,lorcana,lorcast.com:crd_b19fb19a289f4cf5a223278de7b2b2e0,Lorcast API — verify lorcast.com/docs/api terms before redistribution,2026-09-13,Yzma
crd_b2cd67df2b87491f9b39c5d31e7b91d1.avif,tcg_identifier,train,lorcana,lorcana,lorcast.com:crd_b2cd67df2b87491f9b39c5d31e7b91d1,Lorcast API — verify lorcast.com/docs/api terms before redistribution,2026-09-13,Rolly
crd_b66ac79061b848eba1c927989cc2fd37.avif,tcg_identifier,train,lorcana,lorcana,lorcast.com:crd_b66ac79061b848eba1c927989cc2fd37,Lorcast API — verify lorcast.com/docs/api terms before redistribution,2026-09-13,Kuzco
crd_b90a24aba39e4054897969f472657dc9.avif,tcg_identifier,train,lorcana,lorcana,lorcast.com:crd_b90a24aba39e4054897969f472657dc9,Lorcast API — verify lorcast.com/docs/api terms before redistribution,2026-09-13,Tuk Tuk
crd_b933d7086ba94eeaacdcd18f872402c4.avif,tcg_identifier,train,lorcana,lorcana,lorcast.com:crd_b933d7086ba94eeaacdcd18f872402c4,Lorcast API — verify lorcast.com/docs/api terms before redistribution,2026-09-13,Queen of Hearts
crd_b9398a559c3b428886334b84cdd3425a.avif,tcg_identifier,train,lorcana,lorcana,lorcast.com:crd_b9398a559c3b428886334b84cdd3425a,Lorcast API — verify lorcast.com/docs/api terms before redistribution,2026-09-13,Copper
crd_bc6df0ab3743447f9498d36c8f51fe73.avif,tcg_identifier,train,lorcana,lorcana,lorcast.com:crd_bc6df0ab3743447f9498d36c8f51fe73,Lorcast API — verify lorcast.com/docs/api terms before redistribution,2026-09-13,The Queen
crd_bd27b70ddc3540489c47c824128ec53f.avif,tcg_identifier,train,lorcana,lorcana,lorcast.com:crd_bd27b70ddc3540489c47c824128ec53f,Lorcast API — verify lorcast.com/docs/api terms before redistribution,2026-09-13,Bagheera
crd_bd58d594eb5940b98b648d9eeffe6272.avif,tcg_identifier,train,lorcana,lorcana,lorcast.com:crd_bd58d594eb5940b98b648d9eeffe6272,Lorcast API — verify lorcast.com/docs/api terms before redistribution,2026-09-13,Pluto
crd_bd6859c3955c47818b6c6df4df09bc69.avif,tcg_identifier,train,lorcana,lorcana,lorcast.com:crd_bd6859c3955c47818b6c6df4df09bc69,Lorcast API — verify lorcast.com/docs/api terms before redistribution,2026-09-13,Metamorphosis
crd_bf626cba6fd7425793d1cbfb0ee6aa2b.avif,tcg_identifier,train,lorcana,lorcana,lorcast.com:crd_bf626cba6fd7425793d1cbfb0ee6aa2b,Lorcast API — verify lorcast.com/docs/api terms before redistribution,2026-09-13,Vincenzo Santorini
crd_c033341068524d02a75e3ff4d9c9f3e8.avif,tcg_identifier,train,lorcana,lorcana,lorcast.com:crd_c033341068524d02a75e3ff4d9c9f3e8,Lorcast API — verify lorcast.com/docs/api terms before redistribution,2026-09-13,Perdita
crd_c165a60ae2434c74afc216d65d8eeb9c.avif,tcg_identifier,train,lorcana,lorcana,lorcast.com:crd_c165a60ae2434c74afc216d65d8eeb9c,Lorcast API — verify lorcast.com/docs/api terms before redistribution,2026-09-13,Discarded Armor
crd_c285a7ee2f8644b3a286c71d28dabaa6.avif,tcg_identifier,train,lorcana,lorcana,lorcast.com:crd_c285a7ee2f8644b3a286c71d28dabaa6,Lorcast API — verify lorcast.com/docs/api terms before redistribution,2026-09-13,Swooping Strike
crd_c2a15901752f4d5289f1296558834989.avif,tcg_identifier,train,lorcana,lorcana,lorcast.com:crd_c2a15901752f4d5289f1296558834989,Lorcast API — verify lorcast.com/docs/api terms before redistribution,2026-09-13,Baymax's Charging Station
crd_c38c857e2cbd433699e354e085a4625c.avif,tcg_identifier,train,lorcana,lorcana,lorcast.com:crd_c38c857e2cbd433699e354e085a4625c,Lorcast API — verify lorcast.com/docs/api terms before redistribution,2026-09-13,Belle
crd_c47dcf86ffa542dda6f30a0cda47c1b4.avif,tcg_identifier,train,lorcana,lorcana,lorcast.com:crd_c47dcf86ffa542dda6f30a0cda47c1b4,Lorcast API — verify lorcast.com/docs/api terms before redistribution,2026-09-13,Timon
crd_c4e66047e01c49f4bedb6c185d0af90a.avif,tcg_identifier,train,lorcana,lorcana,lorcast.com:crd_c4e66047e01c49f4bedb6c185d0af90a,Lorcast API — verify lorcast.com/docs/api terms before redistribution,2026-09-13,The Family Scattered
crd_c6998d2082d348b18f01e8a90afde5f1.avif,tcg_identifier,train,lorcana,lorcana,lorcast.com:crd_c6998d2082d348b18f01e8a90afde5f1,Lorcast API — verify lorcast.com/docs/api terms before redistribution,2026-09-13,Heal What Has Been Hurt
crd_c6aa9e3981f6416d9cdd69d6fa76651c.avif,tcg_identifier,train,lorcana,lorcana,lorcast.com:crd_c6aa9e3981f6416d9cdd69d6fa76651c,Lorcast API — verify lorcast.com/docs/api terms before redistribution,2026-09-13,Dinner Bell
crd_c78da4f23cfe4cb39c87abf0893dbcb4.avif,tcg_identifier,train,lorcana,lorcana,lorcast.com:crd_c78da4f23cfe4cb39c87abf0893dbcb4,Lorcast API — verify lorcast.com/docs/api terms before redistribution,2026-09-13,Russell
crd_c86ece1b256b431cbc0591173b5fe042.avif,tcg_identifier,train,lorcana,lorcana,lorcast.com:crd_c86ece1b256b431cbc0591173b5fe042,Lorcast API — verify lorcast.com/docs/api terms before redistribution,2026-09-13,Pepa Madrigal
crd_ca7fbf058af645ddb423088f3b9c170e.avif,tcg_identifier,train,lorcana,lorcana,lorcast.com:crd_ca7fbf058af645ddb423088f3b9c170e,Lorcast API — verify lorcast.com/docs/api terms before redistribution,2026-09-13,Donald Duck
crd_cd96e3f148dd46de80ac08abe51a48e4.avif,tcg_identifier,train,lorcana,lorcana,lorcast.com:crd_cd96e3f148dd46de80ac08abe51a48e4,Lorcast API — verify lorcast.com/docs/api terms before redistribution,2026-09-13,Elsa
crd_ce1ec049b9994d6fae071a0f74886cb3.avif,tcg_identifier,train,lorcana,lorcana,lorcast.com:crd_ce1ec049b9994d6fae071a0f74886cb3,Lorcast API — verify lorcast.com/docs/api terms before redistribution,2026-09-13,Let the Storm Rage On
crd_d36d4186954f47a99733811e692d8fea.avif,tcg_identifier,train,lorcana,lorcana,lorcast.com:crd_d36d4186954f47a99733811e692d8fea,Lorcast API — verify lorcast.com/docs/api terms before redistribution,2026-09-13,Woody
crd_d3950786da4a4d3497090ce82253a144.avif,tcg_identifier,train,lorcana,lorcana,lorcast.com:crd_d3950786da4a4d3497090ce82253a144,Lorcast API — verify lorcast.com/docs/api terms before redistribution,2026-09-13,Jetsam
crd_d5390ce678f1438eb716de9952cfd9d2.avif,tcg_identifier,train,lorcana,lorcana,lorcast.com:crd_d5390ce678f1438eb716de9952cfd9d2,Lorcast API — verify lorcast.com/docs/api terms before redistribution,2026-09-13,Walk the Plank!
crd_d598d22b1dbf4566bede003c3af9e0a8.avif,tcg_identifier,train,lorcana,lorcana,lorcast.com:crd_d598d22b1dbf4566bede003c3af9e0a8,Lorcast API — verify lorcast.com/docs/api terms before redistribution,2026-09-13,Moana
crd_d66016477d454f19abf12684a50221ef.avif,tcg_identifier,train,lorcana,lorcana,lorcast.com:crd_d66016477d454f19abf12684a50221ef,Lorcast API — verify lorcast.com/docs/api terms before redistribution,2026-09-13,Elsa
crd_d7277fc755604989840cc645a4324ba9.avif,tcg_identifier,train,lorcana,lorcana,lorcast.com:crd_d7277fc755604989840cc645a4324ba9,Lorcast API — verify lorcast.com/docs/api terms before redistribution,2026-09-13,Ursula
crd_d785c3ffe80440a5a9ef39641add4d23.avif,tcg_identifier,train,lorcana,lorcana,lorcast.com:crd_d785c3ffe80440a5a9ef39641add4d23,Lorcast API — verify lorcast.com/docs/api terms before redistribution,2026-09-13,Scroop
crd_d8dddac12b0749ba9c6510af447895bd.avif,tcg_identifier,train,lorcana,lorcana,lorcast.com:crd_d8dddac12b0749ba9c6510af447895bd,Lorcast API — verify lorcast.com/docs/api terms before redistribution,2026-09-13,Grandmother Willow
crd_d911158c4175449e9814484f3c5adb06.avif,tcg_identifier,train,lorcana,lorcana,lorcast.com:crd_d911158c4175449e9814484f3c5adb06,Lorcast API — verify lorcast.com/docs/api terms before redistribution,2026-09-13,Anna
crd_d98a2d4cddac4630b7e3364443381093.avif,tcg_identifier,train,lorcana,lorcana,lorcast.com:crd_d98a2d4cddac4630b7e3364443381093,Lorcast API — verify lorcast.com/docs/api terms before redistribution,2026-09-13,Cogsworth
crd_da620721c46c4391ba18edcc056bb599.avif,tcg_identifier,train,lorcana,lorcana,lorcast.com:crd_da620721c46c4391ba18edcc056bb599,Lorcast API — verify lorcast.com/docs/api terms before redistribution,2026-09-13,Mrs. Incredible
crd_da7a7db2845c4262be680a8a5b03c027.avif,tcg_identifier,train,lorcana,lorcana,lorcast.com:crd_da7a7db2845c4262be680a8a5b03c027,Lorcast API — verify lorcast.com/docs/api terms before redistribution,2026-09-13,Moana
crd_db1756b0f3fb4f77b212b8d264b73f84.avif,tcg_identifier,train,lorcana,lorcana,lorcast.com:crd_db1756b0f3fb4f77b212b8d264b73f84,Lorcast API — verify lorcast.com/docs/api terms before redistribution,2026-09-13,Gramma Tala
crd_deb260b9c0d5473f9ce8685415520940.avif,tcg_identifier,train,lorcana,lorcana,lorcast.com:crd_deb260b9c0d5473f9ce8685415520940,Lorcast API — verify lorcast.com/docs/api terms before redistribution,2026-09-13,Queen of Hearts
crd_df2a4ae009034326bac684df1aac9287.avif,tcg_identifier,train,lorcana,lorcana,lorcast.com:crd_df2a4ae009034326bac684df1aac9287,Lorcast API — verify lorcast.com/docs/api terms before redistribution,2026-09-13,Magic Broom
crd_e12a06c8188f4b1ba084b7c6b14b466d.avif,tcg_identifier,train,lorcana,lorcana,lorcast.com:crd_e12a06c8188f4b1ba084b7c6b14b466d,Lorcast API — verify lorcast.com/docs/api terms before redistribution,2026-09-13,Mickey Mouse
crd_e16de0af3ca24eaa9e6570598920d9e8.avif,tcg_identifier,train,lorcana,lorcana,lorcast.com:crd_e16de0af3ca24eaa9e6570598920d9e8,Lorcast API — verify lorcast.com/docs/api terms before redistribution,2026-09-13,Pluto
crd_e66f39ac0f6a44b0bd2f7ffbd633cf9b.avif,tcg_identifier,train,lorcana,lorcana,lorcast.com:crd_e66f39ac0f6a44b0bd2f7ffbd633cf9b,Lorcast API — verify lorcast.com/docs/api terms before redistribution,2026-09-13,Piglet
crd_e672bba7d4c5402f82d9360fca1594f5.avif,tcg_identifier,train,lorcana,lorcana,lorcast.com:crd_e672bba7d4c5402f82d9360fca1594f5,Lorcast API — verify lorcast.com/docs/api terms before redistribution,2026-09-13,Kit Cloudkicker
crd_e854c2e94f504118b3618ae2eb10a195.avif,tcg_identifier,train,lorcana,lorcana,lorcast.com:crd_e854c2e94f504118b3618ae2eb10a195,Lorcast API — verify lorcast.com/docs/api terms before redistribution,2026-09-13,Donald Duck
crd_e8e7a7e2380f456887bb6b8f01f991b1.avif,tcg_identifier,train,lorcana,lorcana,lorcast.com:crd_e8e7a7e2380f456887bb6b8f01f991b1,Lorcast API — verify lorcast.com/docs/api terms before redistribution,2026-09-13,Babyhead
crd_e989edbf82194e8e9f4bd73426377d57.avif,tcg_identifier,train,lorcana,lorcana,lorcast.com:crd_e989edbf82194e8e9f4bd73426377d57,Lorcast API — verify lorcast.com/docs/api terms before redistribution,2026-09-13,Wendy Darling
crd_e98b0e36a62142ce9181966e14a1c930.avif,tcg_identifier,train,lorcana,lorcana,lorcast.com:crd_e98b0e36a62142ce9181966e14a1c930,Lorcast API — verify lorcast.com/docs/api terms before redistribution,2026-09-13,Maid Marian
crd_ea1ebbf0332f4cb78f6b7a6a90d826a7.avif,tcg_identifier,train,lorcana,lorcana,lorcast.com:crd_ea1ebbf0332f4cb78f6b7a6a90d826a7,Lorcast API — verify lorcast.com/docs/api terms before redistribution,2026-09-13,Luisa Madrigal
crd_ebdef6b29bb74afaa3e5efea83fe89c7.avif,tcg_identifier,train,lorcana,lorcana,lorcast.com:crd_ebdef6b29bb74afaa3e5efea83fe89c7,Lorcast API — verify lorcast.com/docs/api terms before redistribution,2026-09-13,Basil
crd_ef759d382c954423b841d6cbac94dfbc.avif,tcg_identifier,train,lorcana,lorcana,lorcast.com:crd_ef759d382c954423b841d6cbac94dfbc,Lorcast API — verify lorcast.com/docs/api terms before redistribution,2026-09-13,Mr. Smee
crd_f032f51e8af64d8db27c87e1f6db56a7.avif,tcg_identifier,train,lorcana,lorcana,lorcast.com:crd_f032f51e8af64d8db27c87e1f6db56a7,Lorcast API — verify lorcast.com/docs/api terms before redistribution,2026-09-13,Namaari
crd_f05ecc57c03640c68b45c6fc102f8a92.avif,tcg_identifier,train,lorcana,lorcana,lorcast.com:crd_f05ecc57c03640c68b45c6fc102f8a92,Lorcast API — verify lorcast.com/docs/api terms before redistribution,2026-09-13,Simba
crd_f3b02d0a1478421da5b8ad2dac40d1b0.avif,tcg_identifier,train,lorcana,lorcana,lorcast.com:crd_f3b02d0a1478421da5b8ad2dac40d1b0,Lorcast API — verify lorcast.com/docs/api terms before redistribution,2026-09-13,Cobra Bubbles
crd_f3f6ae965e3644cd98b6f957b3dad229.avif,tcg_identifier,train,lorcana,lorcana,lorcast.com:crd_f3f6ae965e3644cd98b6f957b3dad229,Lorcast API — verify lorcast.com/docs/api terms before redistribution,2026-09-13,Kanga
crd_f49a387be3834d1ea587f913559a22eb.avif,tcg_identifier,train,lorcana,lorcana,lorcast.com:crd_f49a387be3834d1ea587f913559a22eb,Lorcast API — verify lorcast.com/docs/api terms before redistribution,2026-09-13,Launchpad
crd_f51072d030ba4e7b892f9ae48175f4cb.avif,tcg_identifier,train,lorcana,lorcana,lorcast.com:crd_f51072d030ba4e7b892f9ae48175f4cb,Lorcast API — verify lorcast.com/docs/api terms before redistribution,2026-09-13,Goofy
crd_f5a95305c84042fab5a5ccb06da4f464.avif,tcg_identifier,train,lorcana,lorcana,lorcast.com:crd_f5a95305c84042fab5a5ccb06da4f464,Lorcast API — verify lorcast.com/docs/api terms before redistribution,2026-09-13,Randall Boggs
crd_f658a42763fe4f4bbd7e0605d2fb1e2f.avif,tcg_identifier,train,lorcana,lorcana,lorcast.com:crd_f658a42763fe4f4bbd7e0605d2fb1e2f,Lorcast API — verify lorcast.com/docs/api terms before redistribution,2026-09-13,Raya
crd_f76b2615a724413dbb91cdc1b1787b21.avif,tcg_identifier,train,lorcana,lorcana,lorcast.com:crd_f76b2615a724413dbb91cdc1b1787b21,Lorcast API — verify lorcast.com/docs/api terms before redistribution,2026-09-13,Bill the Lizard
crd_f82d2fbf598249eb924b2cdbdc915f62.avif,tcg_identifier,train,lorcana,lorcana,lorcast.com:crd_f82d2fbf598249eb924b2cdbdc915f62,Lorcast API — verify lorcast.com/docs/api terms before redistribution,2026-09-13,The Madrigal Family
crd_f8ac73538afa418390174732631ffa52.avif,tcg_identifier,train,lorcana,lorcana,lorcast.com:crd_f8ac73538afa418390174732631ffa52,Lorcast API — verify lorcast.com/docs/api terms before redistribution,2026-09-13,Maleficent
crd_f91b39cb2d4a47f984e9e5114216e75b.avif,tcg_identifier,train,lorcana,lorcana,lorcast.com:crd_f91b39cb2d4a47f984e9e5114216e75b,Lorcast API — verify lorcast.com/docs/api terms before redistribution,2026-09-13,Mother's Necklace
crd_faf17cc51b9748daa7187f81103430d0.avif,tcg_identifier,train,lorcana,lorcana,lorcast.com:crd_faf17cc51b9748daa7187f81103430d0,Lorcast API — verify lorcast.com/docs/api terms before redistribution,2026-09-13,The Horseman Strikes!
crd_fcb0a2f9a4044b86bba8e0ff3ade2988.avif,tcg_identifier,train,lorcana,lorcana,lorcast.com:crd_fcb0a2f9a4044b86bba8e0ff3ade2988,Lorcast API — verify lorcast.com/docs/api terms before redistribution,2026-09-13,Belle
crd_ffbdd26e83b74f17b37785290253f9e3.avif,tcg_identifier,train,lorcana,lorcana,lorcast.com:crd_ffbdd26e83b74f17b37785290253f9e3,Lorcast API — verify lorcast.com/docs/api terms before redistribution,2026-09-13,Aladdin
02d7bd37-5cb4-44ca-a386-57090ca8c725.jpg,tcg_identifier,test,magic_the_gathering,magic_the_gathering,scryfall:02d7bd37-5cb4-44ca-a386-57090ca8c725,Scryfall API — verify scryfall.com/docs/api/images before redistribution,2026-09-10,Nexus Mentality
0f0a90ae-b3b3-4f52-8997-eac514b29e57.jpg,tcg_identifier,test,magic_the_gathering,magic_the_gathering,scryfall:0f0a90ae-b3b3-4f52-8997-eac514b29e57,Scryfall API — verify scryfall.com/docs/api/images before redistribution,2026-09-13,End-Blaze Epiphany
122d2635-c4f4-44cd-8f82-37e3016e421e.jpg,tcg_identifier,test,magic_the_gathering,magic_the_gathering,scryfall:122d2635-c4f4-44cd-8f82-37e3016e421e,Scryfall API — verify scryfall.com/docs/api/images before redistribution,2026-09-13,Shortcut Seeker
1421115b-9a98-4ab2-bcb2-7d8899ce12db.jpg,tcg_identifier,test,magic_the_gathering,magic_the_gathering,scryfall:1421115b-9a98-4ab2-bcb2-7d8899ce12db,Scryfall API — verify scryfall.com/docs/api/images before redistribution,2026-09-13,Tale's End
1bc1783d-751a-490f-abe3-4661a76fce9e.jpg,tcg_identifier,test,magic_the_gathering,magic_the_gathering,scryfall:1bc1783d-751a-490f-abe3-4661a76fce9e,Scryfall API — verify scryfall.com/docs/api/images before redistribution,2026-09-13,"Slurrk, All-Ingesting"
1c602e17-7eee-45f5-82d9-406cb4498b18.jpg,tcg_identifier,test,magic_the_gathering,magic_the_gathering,scryfall:1c602e17-7eee-45f5-82d9-406cb4498b18,Scryfall API — verify scryfall.com/docs/api/images before redistribution,2026-09-13,Idol of Oblivion
1cc7e0cc-e687-4f21-9963-47243c7792b1.jpg,tcg_identifier,test,magic_the_gathering,magic_the_gathering,scryfall:1cc7e0cc-e687-4f21-9963-47243c7792b1,Scryfall API — verify scryfall.com/docs/api/images before redistribution,2026-09-13,Archfiend of Depravity
21aa7091-0bb7-4eaf-8b76-9b14f4a2e9d5.jpg,tcg_identifier,test,magic_the_gathering,magic_the_gathering,scryfall:21aa7091-0bb7-4eaf-8b76-9b14f4a2e9d5,Scryfall API — verify scryfall.com/docs/api/images before redistribution,2026-09-13,"Jace, Mirror Mage // Jace, Mirror Mage"
249a844d-0e93-4ee0-abb5-c69bce2d6708.jpg,tcg_identifier,test,magic_the_gathering,magic_the_gathering,scryfall:249a844d-0e93-4ee0-abb5-c69bce2d6708,Scryfall API — verify scryfall.com/docs/api/images before redistribution,2026-09-13,Sulfurous Springs
294dd019-9fa4-41a2-bb5d-5194ced89623.jpg,tcg_identifier,test,magic_the_gathering,magic_the_gathering,scryfall:294dd019-9fa4-41a2-bb5d-5194ced89623,Scryfall API — verify scryfall.com/docs/api/images before redistribution,2026-09-13,Turntimber Basilisk
2a812fa7-4599-4e25-97db-20ffc6bc0b26.jpg,tcg_identifier,test,magic_the_gathering,magic_the_gathering,scryfall:2a812fa7-4599-4e25-97db-20ffc6bc0b26,Scryfall API — verify scryfall.com/docs/api/images before redistribution,2026-09-13,Traumatic Critique
2c860286-9807-4ab5-b66f-e8696e9e6ac9.jpg,tcg_identifier,test,magic_the_gathering,magic_the_gathering,scryfall:2c860286-9807-4ab5-b66f-e8696e9e6ac9,Scryfall API — verify scryfall.com/docs/api/images before redistribution,2026-09-13,Master of Etherium
30a0db77-4427-42e5-b009-a1564cbe64c0.jpg,tcg_identifier,test,magic_the_gathering,magic_the_gathering,scryfall:30a0db77-4427-42e5-b009-a1564cbe64c0,Scryfall API — verify scryfall.com/docs/api/images before redistribution,2026-09-13,Timeline Inquiry
3223610b-7a87-42c1-a6cc-b5f249ca8cb9.jpg,tcg_identifier,test,magic_the_gathering,magic_the_gathering,scryfall:3223610b-7a87-42c1-a6cc-b5f249ca8cb9,Scryfall API — verify scryfall.com/docs/api/images before redistribution,2026-09-13,"Alesha, Who Smiles at Death"
36478e73-162a-412c-bf5b-9ca0d92f51e2.jpg,tcg_identifier,test,magic_the_gathering,magic_the_gathering,scryfall:36478e73-162a-412c-bf5b-9ca0d92f51e2,Scryfall API — verify scryfall.com/docs/api/images before redistribution,2026-09-13,Thoughtbound Phantasm
373a2f6a-a659-4551-8fcd-acf49964f795.jpg,tcg_identifier,test,magic_the_gathering,magic_the_gathering,scryfall:373a2f6a-a659-4551-8fcd-acf49964f795,Scryfall API — verify scryfall.com/docs/api/images before redistribution,2026-09-13,Tezzeret's Gambit
3efd28ef-77db-4e7b-a69d-5a089e016737.jpg,tcg_identifier,test,magic_the_gathering,magic_the_gathering,scryfall:3efd28ef-77db-4e7b-a69d-5a089e016737,Scryfall API — verify scryfall.com/docs/api/images before redistribution,2026-09-13,Mindstab
4052d8c8-b2f3-4547-ac42-177fc9516220.jpg,tcg_identifier,test,magic_the_gathering,magic_the_gathering,scryfall:4052d8c8-b2f3-4547-ac42-177fc9516220,Scryfall API — verify scryfall.com/docs/api/images before redistribution,2026-09-13,Travel Preparations
4ddf4ee0-75d6-48a5-955c-97faf73b899f.jpg,tcg_identifier,test,magic_the_gathering,magic_the_gathering,scryfall:4ddf4ee0-75d6-48a5-955c-97faf73b899f,Scryfall API — verify scryfall.com/docs/api/images before redistribution,2026-09-13,Shield of Duty and Reason
576a670d-4efd-498b-8c53-eda6e18868a4.jpg,tcg_identifier,test,magic_the_gathering,magic_the_gathering,scryfall:576a670d-4efd-498b-8c53-eda6e18868a4,Scryfall API — verify scryfall.com/docs/api/images before redistribution,2026-09-13,Kaalia of the Vast
58ae274d-99f9-45c1-938c-03f591302adb.jpg,tcg_identifier,test,magic_the_gathering,magic_the_gathering,scryfall:58ae274d-99f9-45c1-938c-03f591302adb,Scryfall API — verify scryfall.com/docs/api/images before redistribution,2026-09-13,Inscription of Insight
59b6d6d4-9bf7-4a5a-bf8f-2a8cae95709e.jpg,tcg_identifier,test,magic_the_gathering,magic_the_gathering,scryfall:59b6d6d4-9bf7-4a5a-bf8f-2a8cae95709e,Scryfall API — verify scryfall.com/docs/api/images before redistribution,2026-09-13,Hedron Archive
660d83ac-e159-4f5e-936c-51ee19fed53c.jpg,tcg_identifier,test,magic_the_gathering,magic_the_gathering,scryfall:660d83ac-e159-4f5e-936c-51ee19fed53c,Scryfall API — verify scryfall.com/docs/api/images before redistribution,2026-09-13,Terramorphic Expanse
6933959a-485f-41a1-a8d9-3bfa416a0faa.jpg,tcg_identifier,test,magic_the_gathering,magic_the_gathering,scryfall:6933959a-485f-41a1-a8d9-3bfa416a0faa,Scryfall API — verify scryfall.com/docs/api/images before redistribution,2026-09-13,Ground Seal
6aca4a34-016a-4bc6-b0b3-745fc99254e3.jpg,tcg_identifier,test,magic_the_gathering,magic_the_gathering,scryfall:6aca4a34-016a-4bc6-b0b3-745fc99254e3,Scryfall API — verify scryfall.com/docs/api/images before redistribution,2026-09-13,Jolted Awake
6ad857f8-3c78-4333-b6c9-ac57b6b70888.jpg,tcg_identifier,test,magic_the_gathering,magic_the_gathering,scryfall:6ad857f8-3c78-4333-b6c9-ac57b6b70888,Scryfall API — verify scryfall.com/docs/api/images before redistribution,2026-09-13,Mount Doom
6b137e8d-3537-454d-8d6b-24d2a6d81993.jpg,tcg_identifier,test,magic_the_gathering,magic_the_gathering,scryfall:6b137e8d-3537-454d-8d6b-24d2a6d81993,Scryfall API — verify scryfall.com/docs/api/images before redistribution,2026-09-13,"Kiora, the Rising Tide"
6e9491af-6e93-46b8-b98c-96a2cc621454.jpg,tcg_identifier,test,magic_the_gathering,magic_the_gathering,scryfall:6e9491af-6e93-46b8-b98c-96a2cc621454,Scryfall API — verify scryfall.com/docs/api/images before redistribution,2026-09-13,Spectacular Spider-Man
702da51f-c4ec-4073-bee8-f8423f70b163.jpg,tcg_identifier,test,magic_the_gathering,magic_the_gathering,scryfall:702da51f-c4ec-4073-bee8-f8423f70b163,Scryfall API — verify scryfall.com/docs/api/images before redistribution,2026-09-13,Doomgape
740be3ed-22a5-4dbc-9b8e-bf3a78769524.jpg,tcg_identifier,test,magic_the_gathering,magic_the_gathering,scryfall:740be3ed-22a5-4dbc-9b8e-bf3a78769524,Scryfall API — verify scryfall.com/docs/api/images before redistribution,2026-09-13,Wojek Apothecary
787b1cc8-42b4-4d3e-9b8a-a252de297b1a.jpg,tcg_identifier,test,magic_the_gathering,magic_the_gathering,scryfall:787b1cc8-42b4-4d3e-9b8a-a252de297b1a,Scryfall API — verify scryfall.com/docs/api/images before redistribution,2026-09-13,Nim Deathmantle
796018f1-f1e0-41ab-be55-9cb61bb2e9fe.jpg,tcg_identifier,test,magic_the_gathering,magic_the_gathering,scryfall:796018f1-f1e0-41ab-be55-9cb61bb2e9fe,Scryfall API — verify scryfall.com/docs/api/images before redistribution,2026-09-13,Vampiric Tutor
820096b5-0d64-47a0-88a4-17d3f24cb165.jpg,tcg_identifier,test,magic_the_gathering,magic_the_gathering,scryfall:820096b5-0d64-47a0-88a4-17d3f24cb165,Scryfall API — verify scryfall.com/docs/api/images before redistribution,2026-09-13,Swift Reckoning
849f5716-7211-4e93-a220-f88d49f937f4.jpg,tcg_identifier,test,magic_the_gathering,magic_the_gathering,scryfall:849f5716-7211-4e93-a220-f88d49f937f4,Scryfall API — verify scryfall.com/docs/api/images before redistribution,2026-09-13,"Golbez, Crystal Collector"
87d3a425-01d1-4001-92f9-8e297dd862b7.jpg,tcg_identifier,test,magic_the_gathering,magic_the_gathering,scryfall:87d3a425-01d1-4001-92f9-8e297dd862b7,Scryfall API — verify scryfall.com/docs/api/images before redistribution,2026-09-13,Roiling Terrain
885284bd-492e-4fc1-921a-a55a069c3fa9.jpg,tcg_identifier,test,magic_the_gathering,magic_the_gathering,scryfall:885284bd-492e-4fc1-921a-a55a069c3fa9,Scryfall API — verify scryfall.com/docs/api/images before redistribution,2026-09-13,Daxos's Torment
91562ab3-1153-48d9-9f8e-4c79155548f2.jpg,tcg_identifier,test,magic_the_gathering,magic_the_gathering,scryfall:91562ab3-1153-48d9-9f8e-4c79155548f2,Scryfall API — verify scryfall.com/docs/api/images before redistribution,2026-09-13,Ferris Wheel
931f17f4-3fd4-45c4-b6e1-c9dee7e8f4b1.jpg,tcg_identifier,test,magic_the_gathering,magic_the_gathering,scryfall:931f17f4-3fd4-45c4-b6e1-c9dee7e8f4b1,Scryfall API — verify scryfall.com/docs/api/images before redistribution,2026-09-13,Temple of Enlightenment
9d70710c-4c4f-4a0e-b81b-f03d807aec63.jpg,tcg_identifier,test,magic_the_gathering,magic_the_gathering,scryfall:9d70710c-4c4f-4a0e-b81b-f03d807aec63,Scryfall API — verify scryfall.com/docs/api/images before redistribution,2026-09-13,Kraul Foragers
a76f785d-1972-4bd6-8a43-848d51068712.jpg,tcg_identifier,test,magic_the_gathering,magic_the_gathering,scryfall:a76f785d-1972-4bd6-8a43-848d51068712,Scryfall API — verify scryfall.com/docs/api/images before redistribution,2026-09-13,Island
a8db3f81-7e21-4780-835d-b4494a8a13ae.jpg,tcg_identifier,test,magic_the_gathering,magic_the_gathering,scryfall:a8db3f81-7e21-4780-835d-b4494a8a13ae,Scryfall API — verify scryfall.com/docs/api/images before redistribution,2026-09-13,"Taigam, Ojutai Master"
b0f3b75e-4ff0-4568-af8f-0802d250a05c.jpg,tcg_identifier,test,magic_the_gathering,magic_the_gathering,scryfall:b0f3b75e-4ff0-4568-af8f-0802d250a05c,Scryfall API — verify scryfall.com/docs/api/images before redistribution,2026-09-13,Junún Efreet
b740a8a8-e1d3-4642-a214-03731c9b5553.jpg,tcg_identifier,test,magic_the_gathering,magic_the_gathering,scryfall:b740a8a8-e1d3-4642-a214-03731c9b5553,Scryfall API — verify scryfall.com/docs/api/images before redistribution,2026-09-13,Canyon Crab
c2069f9b-578a-45da-bd52-3c208465be88.jpg,tcg_identifier,test,magic_the_gathering,magic_the_gathering,scryfall:c2069f9b-578a-45da-bd52-3c208465be88,Scryfall API — verify scryfall.com/docs/api/images before redistribution,2026-09-13,Smoke
d0f1c170-03d1-42a7-91e4-0ac537af1328.jpg,tcg_identifier,test,magic_the_gathering,magic_the_gathering,scryfall:d0f1c170-03d1-42a7-91e4-0ac537af1328,Scryfall API — verify scryfall.com/docs/api/images before redistribution,2026-09-13,Curse of Wizardry
d5242227-d033-4e03-b1e6-b334b17bb158.jpg,tcg_identifier,test,magic_the_gathering,magic_the_gathering,scryfall:d5242227-d033-4e03-b1e6-b334b17bb158,Scryfall API — verify scryfall.com/docs/api/images before redistribution,2026-09-13,Nature's Lore
d53712a0-e11d-4b83-aebc-8e97244f085b.jpg,tcg_identifier,test,magic_the_gathering,magic_the_gathering,scryfall:d53712a0-e11d-4b83-aebc-8e97244f085b,Scryfall API — verify scryfall.com/docs/api/images before redistribution,2026-09-13,Myr Servitor
d625f96a-6d61-4fe8-8fe3-6205c86b6846.jpg,tcg_identifier,test,magic_the_gathering,magic_the_gathering,scryfall:d625f96a-6d61-4fe8-8fe3-6205c86b6846,Scryfall API — verify scryfall.com/docs/api/images before redistribution,2026-09-13,Canopy Vista
d7b23ba3-0b20-492d-a529-c6e4aeafd5aa.jpg,tcg_identifier,test,magic_the_gathering,magic_the_gathering,scryfall:d7b23ba3-0b20-492d-a529-c6e4aeafd5aa,Scryfall API — verify scryfall.com/docs/api/images before redistribution,2026-09-13,Purphoros's Intervention
df7248c5-10e4-4072-a014-73fa4f17dd10.jpg,tcg_identifier,test,magic_the_gathering,magic_the_gathering,scryfall:df7248c5-10e4-4072-a014-73fa4f17dd10,Scryfall API — verify scryfall.com/docs/api/images before redistribution,2026-09-13,Granitic Titan
e55503d2-1b32-43cf-95c6-a4a61047a4dc.jpg,tcg_identifier,test,magic_the_gathering,magic_the_gathering,scryfall:e55503d2-1b32-43cf-95c6-a4a61047a4dc,Scryfall API — verify scryfall.com/docs/api/images before redistribution,2026-09-13,Endless Detour
e85e4098-f872-4aa4-a71a-208b6090be28.jpg,tcg_identifier,test,magic_the_gathering,magic_the_gathering,scryfall:e85e4098-f872-4aa4-a71a-208b6090be28,Scryfall API — verify scryfall.com/docs/api/images before redistribution,2026-09-13,Vault of Whispers
eb518bf0-17ad-4bbf-b922-42ee76ffcbea.jpg,tcg_identifier,test,magic_the_gathering,magic_the_gathering,scryfall:eb518bf0-17ad-4bbf-b922-42ee76ffcbea,Scryfall API — verify scryfall.com/docs/api/images before redistribution,2026-09-13,Liege of the Axe
ebd8f43d-7e54-46d4-9fe9-ac818a9fd91f.jpg,tcg_identifier,test,magic_the_gathering,magic_the_gathering,scryfall:ebd8f43d-7e54-46d4-9fe9-ac818a9fd91f,Scryfall API — verify scryfall.com/docs/api/images before redistribution,2026-09-13,Pegasus
efcbb0a4-b788-4fe7-8663-36adbe2036ed.jpg,tcg_identifier,test,magic_the_gathering,magic_the_gathering,scryfall:efcbb0a4-b788-4fe7-8663-36adbe2036ed,Scryfall API — verify scryfall.com/docs/api/images before redistribution,2026-09-13,Runed Servitor
f2633f1c-0563-4b3d-bab0-415757bc5ecd.jpg,tcg_identifier,test,magic_the_gathering,magic_the_gathering,scryfall:f2633f1c-0563-4b3d-bab0-415757bc5ecd,Scryfall API — verify scryfall.com/docs/api/images before redistribution,2026-09-13,Incremental Blight
f48f7bd4-c12d-48a7-b39f-36033636e5c7.jpg,tcg_identifier,test,magic_the_gathering,magic_the_gathering,scryfall:f48f7bd4-c12d-48a7-b39f-36033636e5c7,Scryfall API — verify scryfall.com/docs/api/images before redistribution,2026-09-13,Gruff Triplets
f5d71183-509f-40b8-85af-8f118cad5c13.jpg,tcg_identifier,test,magic_the_gathering,magic_the_gathering,scryfall:f5d71183-509f-40b8-85af-8f118cad5c13,Scryfall API — verify scryfall.com/docs/api/images before redistribution,2026-09-13,Celestial Colonnade
f99ccd3b-07f7-47c2-8de9-6aa5251d7a76.jpg,tcg_identifier,test,magic_the_gathering,magic_the_gathering,scryfall:f99ccd3b-07f7-47c2-8de9-6aa5251d7a76,Scryfall API — verify scryfall.com/docs/api/images before redistribution,2026-09-13,Bloodline Bidding
fd2ad967-dd77-4c3a-b53c-2929ecf7750f.jpg,tcg_identifier,test,magic_the_gathering,magic_the_gathering,scryfall:fd2ad967-dd77-4c3a-b53c-2929ecf7750f,Scryfall API — verify scryfall.com/docs/api/images before redistribution,2026-09-13,Oran-Rief Ooze
0000419b-0bba-4488-8f7a-6194544ce91e.jpg,tcg_identifier,train,magic_the_gathering,magic_the_gathering,scryfall:0000419b-0bba-4488-8f7a-6194544ce91e,Scryfall API — verify scryfall.com/docs/api/images before redistribution,2026-09-10,Forest
0050dd40-9a18-41e4-97e6-fce5bf220ccf.jpg,tcg_identifier,train,magic_the_gathering,magic_the_gathering,scryfall:0050dd40-9a18-41e4-97e6-fce5bf220ccf,Scryfall API — verify scryfall.com/docs/api/images before redistribution,2026-09-10,Security Rhox
0063654b-6e4e-4958-a63c-24cf933e4a40.jpg,tcg_identifier,train,magic_the_gathering,magic_the_gathering,scryfall:0063654b-6e4e-4958-a63c-24cf933e4a40,Scryfall API — verify scryfall.com/docs/api/images before redistribution,2026-09-10,"Delney, Streetwise Lookout"
02d73eb7-4e76-48d4-90fa-fa972dc0fccb.jpg,tcg_identifier,train,magic_the_gathering,magic_the_gathering,scryfall:02d73eb7-4e76-48d4-90fa-fa972dc0fccb,Scryfall API — verify scryfall.com/docs/api/images before redistribution,2026-09-13,Fearless Fledgling
02d7ea78-d539-4c34-8bb3-941353e3da46.jpg,tcg_identifier,train,magic_the_gathering,magic_the_gathering,scryfall:02d7ea78-d539-4c34-8bb3-941353e3da46,Scryfall API — verify scryfall.com/docs/api/images before redistribution,2026-09-13,Beastmaster Ascension
0352db2d-6581-4a58-9e6c-bfe1b841959f.jpg,tcg_identifier,train,magic_the_gathering,magic_the_gathering,scryfall:0352db2d-6581-4a58-9e6c-bfe1b841959f,Scryfall API — verify scryfall.com/docs/api/images before redistribution,2026-09-13,Plague Rats
05e95b4c-1b59-4eec-8392-794b35202aad.jpg,tcg_identifier,train,magic_the_gathering,magic_the_gathering,scryfall:05e95b4c-1b59-4eec-8392-794b35202aad,Scryfall API — verify scryfall.com/docs/api/images before redistribution,2026-09-13,Skull Storm
06127e05-d1d6-4dd5-90e1-a93e3a51b1b0.jpg,tcg_identifier,train,magic_the_gathering,magic_the_gathering,scryfall:06127e05-d1d6-4dd5-90e1-a93e3a51b1b0,Scryfall API — verify scryfall.com/docs/api/images before redistribution,2026-09-13,Myr Servitor
067f3e83-53c0-40f4-a745-dee354be7af1.jpg,tcg_identifier,train,magic_the_gathering,magic_the_gathering,scryfall:067f3e83-53c0-40f4-a745-dee354be7af1,Scryfall API — verify scryfall.com/docs/api/images before redistribution,2026-09-13,Sentinel Spider
0742ca95-9455-4f56-b26c-2994d12af602.jpg,tcg_identifier,train,magic_the_gathering,magic_the_gathering,scryfall:0742ca95-9455-4f56-b26c-2994d12af602,Scryfall API — verify scryfall.com/docs/api/images before redistribution,2026-09-13,Cat Warrior
0885acdc-9b4c-4e28-8785-9e721a27e81e.jpg,tcg_identifier,train,magic_the_gathering,magic_the_gathering,scryfall:0885acdc-9b4c-4e28-8785-9e721a27e81e,Scryfall API — verify scryfall.com/docs/api/images before redistribution,2026-09-13,Kargan Intimidator
08f0f665-a659-460b-baf7-9f781dcbb5e0.jpg,tcg_identifier,train,magic_the_gathering,magic_the_gathering,scryfall:08f0f665-a659-460b-baf7-9f781dcbb5e0,Scryfall API — verify scryfall.com/docs/api/images before redistribution,2026-09-13,Goldlust Triad
0a31d77f-f3fe-4b7c-a880-d530b18f4430.jpg,tcg_identifier,train,magic_the_gathering,magic_the_gathering,scryfall:0a31d77f-f3fe-4b7c-a880-d530b18f4430,Scryfall API — verify scryfall.com/docs/api/images before redistribution,2026-09-13,Scathe Zombies
0b265777-1022-4d85-bfa6-91aee90a5397.jpg,tcg_identifier,train,magic_the_gathering,magic_the_gathering,scryfall:0b265777-1022-4d85-bfa6-91aee90a5397,Scryfall API — verify scryfall.com/docs/api/images before redistribution,2026-09-13,Gelatinous Cube // Gelatinous Cube
0bfbb249-f2cc-4295-b6e3-4fd7e1eac183.jpg,tcg_identifier,train,magic_the_gathering,magic_the_gathering,scryfall:0bfbb249-f2cc-4295-b6e3-4fd7e1eac183,Scryfall API — verify scryfall.com/docs/api/images before redistribution,2026-09-13,"Oko, the Ringleader"
0d5da41e-61a2-41fd-9d8e-83d51234cc71.jpg,tcg_identifier,train,magic_the_gathering,magic_the_gathering,scryfall:0d5da41e-61a2-41fd-9d8e-83d51234cc71,Scryfall API — verify scryfall.com/docs/api/images before redistribution,2026-09-13,"Diaochan, Artful Beauty"
0e11ae7e-45fa-4d05-a4fa-c43d33d6daed.jpg,tcg_identifier,train,magic_the_gathering,magic_the_gathering,scryfall:0e11ae7e-45fa-4d05-a4fa-c43d33d6daed,Scryfall API — verify scryfall.com/docs/api/images before redistribution,2026-09-13,"Sting, the Glinting Dagger"
0e4f3eff-ac99-41e2-9003-9630cdb3ae23.jpg,tcg_identifier,train,magic_the_gathering,magic_the_gathering,scryfall:0e4f3eff-ac99-41e2-9003-9630cdb3ae23,Scryfall API — verify scryfall.com/docs/api/images before redistribution,2026-09-13,Daru Healer
0ec422fe-b53e-4ae4-9fab-df2b78134098.jpg,tcg_identifier,train,magic_the_gathering,magic_the_gathering,scryfall:0ec422fe-b53e-4ae4-9fab-df2b78134098,Scryfall API — verify scryfall.com/docs/api/images before redistribution,2026-09-13,Kobolds of Kher Keep
0f2a95ae-feb2-42c3-99b4-9ea7a491d326.jpg,tcg_identifier,train,magic_the_gathering,magic_the_gathering,scryfall:0f2a95ae-feb2-42c3-99b4-9ea7a491d326,Scryfall API — verify scryfall.com/docs/api/images before redistribution,2026-09-13,You Find Some Prisoners
0f2eb849-b3ab-4d26-86c5-235c8161cf2a.jpg,tcg_identifier,train,magic_the_gathering,magic_the_gathering,scryfall:0f2eb849-b3ab-4d26-86c5-235c8161cf2a,Scryfall API — verify scryfall.com/docs/api/images before redistribution,2026-09-13,Murder
0f6782d0-5399-4853-ae6f-0d05372dbf34.jpg,tcg_identifier,train,magic_the_gathering,magic_the_gathering,scryfall:0f6782d0-5399-4853-ae6f-0d05372dbf34,Scryfall API — verify scryfall.com/docs/api/images before redistribution,2026-09-13,Giant Ambush Beetle
104383f8-2d6c-4524-a9a9-c568af6adaae.jpg,tcg_identifier,train,magic_the_gathering,magic_the_gathering,scryfall:104383f8-2d6c-4524-a9a9-c568af6adaae,Scryfall API — verify scryfall.com/docs/api/images before redistribution,2026-09-13,Sorin Markov
10ea3e92-0ace-4b98-9174-45516804fc30.jpg,tcg_identifier,train,magic_the_gathering,magic_the_gathering,scryfall:10ea3e92-0ace-4b98-9174-45516804fc30,Scryfall API — verify scryfall.com/docs/api/images before redistribution,2026-09-13,Research Thief
130ac12e-61de-4ae9-9295-47392c2208e7.jpg,tcg_identifier,train,magic_the_gathering,magic_the_gathering,scryfall:130ac12e-61de-4ae9-9295-47392c2208e7,Scryfall API — verify scryfall.com/docs/api/images before redistribution,2026-09-13,Angel of Mercy
135e258a-71d8-45dd-9307-91111aa34bde.jpg,tcg_identifier,train,magic_the_gathering,magic_the_gathering,scryfall:135e258a-71d8-45dd-9307-91111aa34bde,Scryfall API — verify scryfall.com/docs/api/images before redistribution,2026-09-13,Standing Troops
15f08390-77d2-4ee7-ac54-94f367213695.jpg,tcg_identifier,train,magic_the_gathering,magic_the_gathering,scryfall:15f08390-77d2-4ee7-ac54-94f367213695,Scryfall API — verify scryfall.com/docs/api/images before redistribution,2026-09-13,Tainted Wood
19b0e267-c361-4224-9b7a-2a3d1c5ac8b4.jpg,tcg_identifier,train,magic_the_gathering,magic_the_gathering,scryfall:19b0e267-c361-4224-9b7a-2a3d1c5ac8b4,Scryfall API — verify scryfall.com/docs/api/images before redistribution,2026-09-13,Dawnhart Rejuvenator
1aea14a7-ef88-4d88-9b9b-a450d3507414.jpg,tcg_identifier,train,magic_the_gathering,magic_the_gathering,scryfall:1aea14a7-ef88-4d88-9b9b-a450d3507414,Scryfall API — verify scryfall.com/docs/api/images before redistribution,2026-09-13,"Yume, Chronicler of Valor"
1af19ce8-bc0c-420c-9e3b-9059b4df32cb.jpg,tcg_identifier,train,magic_the_gathering,magic_the_gathering,scryfall:1af19ce8-bc0c-420c-9e3b-9059b4df32cb,Scryfall API — verify scryfall.com/docs/api/images before redistribution,2026-09-13,Reverberating Summons
1cb2fef2-e013-4eb8-a10e-ec3f88cd73ee.jpg,tcg_identifier,train,magic_the_gathering,magic_the_gathering,scryfall:1cb2fef2-e013-4eb8-a10e-ec3f88cd73ee,Scryfall API — verify scryfall.com/docs/api/images before redistribution,2026-09-13,Repel the Darkness
1e6bd3fa-0d07-4519-b67f-67867ad13c89.jpg,tcg_identifier,train,magic_the_gathering,magic_the_gathering,scryfall:1e6bd3fa-0d07-4519-b67f-67867ad13c89,Scryfall API — verify scryfall.com/docs/api/images before redistribution,2026-09-13,Acidic Slime
1fd73d00-feb0-4ec6-8031-6af5b334bba3.jpg,tcg_identifier,train,magic_the_gathering,magic_the_gathering,scryfall:1fd73d00-feb0-4ec6-8031-6af5b334bba3,Scryfall API — verify scryfall.com/docs/api/images before redistribution,2026-09-13,Two-Headed Sliver
202011d5-755e-497b-b4a7-f2b6e6a0b464.jpg,tcg_identifier,train,magic_the_gathering,magic_the_gathering,scryfall:202011d5-755e-497b-b4a7-f2b6e6a0b464,Scryfall API — verify scryfall.com/docs/api/images before redistribution,2026-09-13,Nested Shambler
225e3cc6-34d0-4f81-9f49-162d97e2ea59.jpg,tcg_identifier,train,magic_the_gathering,magic_the_gathering,scryfall:225e3cc6-34d0-4f81-9f49-162d97e2ea59,Scryfall API — verify scryfall.com/docs/api/images before redistribution,2026-09-13,"Ulamog, the Infinite Gyre"
229a4a86-b9ce-415c-9343-db4211cac7b8.jpg,tcg_identifier,train,magic_the_gathering,magic_the_gathering,scryfall:229a4a86-b9ce-415c-9343-db4211cac7b8,Scryfall API — verify scryfall.com/docs/api/images before redistribution,2026-09-13,Fertile Ground
234a09dd-a202-4487-899f-348744143ba5.jpg,tcg_identifier,train,magic_the_gathering,magic_the_gathering,scryfall:234a09dd-a202-4487-899f-348744143ba5,Scryfall API — verify scryfall.com/docs/api/images before redistribution,2026-09-13,Dawnhart Mentor
237de286-5bf0-4c8e-8504-2d01d3133b55.jpg,tcg_identifier,train,magic_the_gathering,magic_the_gathering,scryfall:237de286-5bf0-4c8e-8504-2d01d3133b55,Scryfall API — verify scryfall.com/docs/api/images before redistribution,2026-09-13,Rhox Brute
247694c5-5813-4256-9fd8-478d4be52081.jpg,tcg_identifier,train,magic_the_gathering,magic_the_gathering,scryfall:247694c5-5813-4256-9fd8-478d4be52081,Scryfall API — verify scryfall.com/docs/api/images before redistribution,2026-09-13,Dissipation Field
2616dac9-bbcf-453a-9205-8e433a1c62aa.jpg,tcg_identifier,train,magic_the_gathering,magic_the_gathering,scryfall:2616dac9-bbcf-453a-9205-8e433a1c62aa,Scryfall API — verify scryfall.com/docs/api/images before redistribution,2026-09-13,Viashino Fangtail
2731f8a0-3e9d-43a5-b1a3-28b3a8f1f18c.jpg,tcg_identifier,train,magic_the_gathering,magic_the_gathering,scryfall:2731f8a0-3e9d-43a5-b1a3-28b3a8f1f18c,Scryfall API — verify scryfall.com/docs/api/images before redistribution,2026-09-13,Mortivore
288d624e-d72e-4a4b-bb74-5a8b0b2e3cb0.jpg,tcg_identifier,train,magic_the_gathering,magic_the_gathering,scryfall:288d624e-d72e-4a4b-bb74-5a8b0b2e3cb0,Scryfall API — verify scryfall.com/docs/api/images before redistribution,2026-09-13,Pyromancer Ascension
297bf274-d13d-4b75-b251-2d004b16b431.jpg,tcg_identifier,train,magic_the_gathering,magic_the_gathering,scryfall:297bf274-d13d-4b75-b251-2d004b16b431,Scryfall API — verify scryfall.com/docs/api/images before redistribution,2026-09-13,Cloister Gargoyle
2cecf934-d1fe-424f-932a-043908546157.jpg,tcg_identifier,train,magic_the_gathering,magic_the_gathering,scryfall:2cecf934-d1fe-424f-932a-043908546157,Scryfall API — verify scryfall.com/docs/api/images before redistribution,2026-09-13,Sea Monster
2d6a9a5a-329d-4ce2-92c2-f3c24b17c5cc.jpg,tcg_identifier,train,magic_the_gathering,magic_the_gathering,scryfall:2d6a9a5a-329d-4ce2-92c2-f3c24b17c5cc,Scryfall API — verify scryfall.com/docs/api/images before redistribution,2026-09-13,Day of Judgment
2daf8f6a-431d-45dc-8e47-ad554ff76e3e.jpg,tcg_identifier,train,magic_the_gathering,magic_the_gathering,scryfall:2daf8f6a-431d-45dc-8e47-ad554ff76e3e,Scryfall API — verify scryfall.com/docs/api/images before redistribution,2026-09-13,Dreamborn Muse
2edc9c4b-0f50-46cd-87f0-4bd3c73bd117.jpg,tcg_identifier,train,magic_the_gathering,magic_the_gathering,scryfall:2edc9c4b-0f50-46cd-87f0-4bd3c73bd117,Scryfall API — verify scryfall.com/docs/api/images before redistribution,2026-09-13,Rat
314b835b-b03e-43fe-b924-67139e2f266a.jpg,tcg_identifier,train,magic_the_gathering,magic_the_gathering,scryfall:314b835b-b03e-43fe-b924-67139e2f266a,Scryfall API — verify scryfall.com/docs/api/images before redistribution,2026-09-13,Forest
32c0e63c-778e-4749-9a96-a192699904c5.jpg,tcg_identifier,train,magic_the_gathering,magic_the_gathering,scryfall:32c0e63c-778e-4749-9a96-a192699904c5,Scryfall API — verify scryfall.com/docs/api/images before redistribution,2026-09-13,Dire Undercurrents
33386da8-48cf-47df-9b17-3ffc4c3f7af9.jpg,tcg_identifier,train,magic_the_gathering,magic_the_gathering,scryfall:33386da8-48cf-47df-9b17-3ffc4c3f7af9,Scryfall API — verify scryfall.com/docs/api/images before redistribution,2026-09-13,Reptilian Reflection
3396f676-d990-42ea-b40a-7da6548cca0a.jpg,tcg_identifier,train,magic_the_gathering,magic_the_gathering,scryfall:3396f676-d990-42ea-b40a-7da6548cca0a,Scryfall API — verify scryfall.com/docs/api/images before redistribution,2026-09-13,Growing Ranks
33d8a24b-faaf-4068-b371-02ddab776cf2.jpg,tcg_identifier,train,magic_the_gathering,magic_the_gathering,scryfall:33d8a24b-faaf-4068-b371-02ddab776cf2,Scryfall API — verify scryfall.com/docs/api/images before redistribution,2026-09-13,Reclamation Sage
362e5d97-a20e-47b6-9d28-818faa3804de.jpg,tcg_identifier,train,magic_the_gathering,magic_the_gathering,scryfall:362e5d97-a20e-47b6-9d28-818faa3804de,Scryfall API — verify scryfall.com/docs/api/images before redistribution,2026-09-13,Soul of Eternity
373f24b1-e763-475c-9760-aefae4be3ea0.jpg,tcg_identifier,train,magic_the_gathering,magic_the_gathering,scryfall:373f24b1-e763-475c-9760-aefae4be3ea0,Scryfall API — verify scryfall.com/docs/api/images before redistribution,2026-09-13,Fiend of the Shadows
381de078-6eac-462c-b6d9-095779279d42.jpg,tcg_identifier,train,magic_the_gathering,magic_the_gathering,scryfall:381de078-6eac-462c-b6d9-095779279d42,Scryfall API — verify scryfall.com/docs/api/images before redistribution,2026-09-13,The Toymaker's Trap
39538c47-eb5b-4bdf-848a-b58f91da35a6.jpg,tcg_identifier,train,magic_the_gathering,magic_the_gathering,scryfall:39538c47-eb5b-4bdf-848a-b58f91da35a6,Scryfall API — verify scryfall.com/docs/api/images before redistribution,2026-09-13,Fanatic of Rhonas
3969c209-09f3-4429-91c1-d5aeab9de2ec.jpg,tcg_identifier,train,magic_the_gathering,magic_the_gathering,scryfall:3969c209-09f3-4429-91c1-d5aeab9de2ec,Scryfall API — verify scryfall.com/docs/api/images before redistribution,2026-09-13,Chromatic Lantern
3bed9644-5dc1-4d1c-b60d-4bcf305f2d0b.jpg,tcg_identifier,train,magic_the_gathering,magic_the_gathering,scryfall:3bed9644-5dc1-4d1c-b60d-4bcf305f2d0b,Scryfall API — verify scryfall.com/docs/api/images before redistribution,2026-09-13,Jayemdae Tome
3c1a69e5-d099-4b13-8072-f341430f31a1.jpg,tcg_identifier,train,magic_the_gathering,magic_the_gathering,scryfall:3c1a69e5-d099-4b13-8072-f341430f31a1,Scryfall API — verify scryfall.com/docs/api/images before redistribution,2026-09-13,Thraximundar
3cac2eb9-e4e7-468b-88a7-299aa3b43aff.jpg,tcg_identifier,train,magic_the_gathering,magic_the_gathering,scryfall:3cac2eb9-e4e7-468b-88a7-299aa3b43aff,Scryfall API — verify scryfall.com/docs/api/images before redistribution,2026-09-13,"Hugs, Grisly Guardian"
3cff1810-c649-4aa7-99f3-3b5e3e52b934.jpg,tcg_identifier,train,magic_the_gathering,magic_the_gathering,scryfall:3cff1810-c649-4aa7-99f3-3b5e3e52b934,Scryfall API — verify scryfall.com/docs/api/images before redistribution,2026-09-13,Plated Seastrider
3d75e8fd-6139-4b10-9ce3-195b47d72e0c.jpg,tcg_identifier,train,magic_the_gathering,magic_the_gathering,scryfall:3d75e8fd-6139-4b10-9ce3-195b47d72e0c,Scryfall API — verify scryfall.com/docs/api/images before redistribution,2026-09-13,The Emperor of Palamecia // The Lord Master of Hell
3eb106b6-cf21-4684-8c79-f84b744bd324.jpg,tcg_identifier,train,magic_the_gathering,magic_the_gathering,scryfall:3eb106b6-cf21-4684-8c79-f84b744bd324,Scryfall API — verify scryfall.com/docs/api/images before redistribution,2026-09-13,Pouncing Jaguar
409087ef-8232-489c-8b98-b601bb0a47a4.jpg,tcg_identifier,train,magic_the_gathering,magic_the_gathering,scryfall:409087ef-8232-489c-8b98-b601bb0a47a4,Scryfall API — verify scryfall.com/docs/api/images before redistribution,2026-09-13,Thought Prison
410ac9e6-fbc1-4cc8-84db-84e2eb1bab97.jpg,tcg_identifier,train,magic_the_gathering,magic_the_gathering,scryfall:410ac9e6-fbc1-4cc8-84db-84e2eb1bab97,Scryfall API — verify scryfall.com/docs/api/images before redistribution,2026-09-13,Rock Hydra
41b930ee-e16b-4612-87de-c03ecc6ff6db.jpg,tcg_identifier,train,magic_the_gathering,magic_the_gathering,scryfall:41b930ee-e16b-4612-87de-c03ecc6ff6db,Scryfall API — verify scryfall.com/docs/api/images before redistribution,2026-09-13,"Emmara, Soul of the Accord"
425b9e34-1ffb-4e46-b08c-d6587f350391.jpg,tcg_identifier,train,magic_the_gathering,magic_the_gathering,scryfall:425b9e34-1ffb-4e46-b08c-d6587f350391,Scryfall API — verify scryfall.com/docs/api/images before redistribution,2026-09-13,Peace of Mind
4416de3b-ba68-44a9-843b-26743813c661.jpg,tcg_identifier,train,magic_the_gathering,magic_the_gathering,scryfall:4416de3b-ba68-44a9-843b-26743813c661,Scryfall API — verify scryfall.com/docs/api/images before redistribution,2026-09-13,Primal Command
44eb3e3a-60ee-4293-a321-daa452d4c70d.jpg,tcg_identifier,train,magic_the_gathering,magic_the_gathering,scryfall:44eb3e3a-60ee-4293-a321-daa452d4c70d,Scryfall API — verify scryfall.com/docs/api/images before redistribution,2026-09-13,Bellowing Tanglewurm
45066539-6bc2-467f-acfb-00938ba837ef.jpg,tcg_identifier,train,magic_the_gathering,magic_the_gathering,scryfall:45066539-6bc2-467f-acfb-00938ba837ef,Scryfall API — verify scryfall.com/docs/api/images before redistribution,2026-09-13,Lord of Atlantis
47b2ffdd-f8a4-49e4-aab1-a8096ba2b7cb.jpg,tcg_identifier,train,magic_the_gathering,magic_the_gathering,scryfall:47b2ffdd-f8a4-49e4-aab1-a8096ba2b7cb,Scryfall API — verify scryfall.com/docs/api/images before redistribution,2026-09-13,Shrivel
4a0e12f5-7b15-4a8c-b045-35bcbf1fbb90.jpg,tcg_identifier,train,magic_the_gathering,magic_the_gathering,scryfall:4a0e12f5-7b15-4a8c-b045-35bcbf1fbb90,Scryfall API — verify scryfall.com/docs/api/images before redistribution,2026-09-13,Checkpoint Officer
4b1d59fb-c3ff-4995-a695-51f2a4dae404.jpg,tcg_identifier,train,magic_the_gathering,magic_the_gathering,scryfall:4b1d59fb-c3ff-4995-a695-51f2a4dae404,Scryfall API — verify scryfall.com/docs/api/images before redistribution,2026-09-13,Stirge
4b93ee66-bc1d-42ad-8839-d77ab5992f14.jpg,tcg_identifier,train,magic_the_gathering,magic_the_gathering,scryfall:4b93ee66-bc1d-42ad-8839-d77ab5992f14,Scryfall API — verify scryfall.com/docs/api/images before redistribution,2026-09-13,Solemn Recruit
4d156ed8-ca04-43ca-887e-6c411bf6332e.jpg,tcg_identifier,train,magic_the_gathering,magic_the_gathering,scryfall:4d156ed8-ca04-43ca-887e-6c411bf6332e,Scryfall API — verify scryfall.com/docs/api/images before redistribution,2026-09-13,"Nicol Bolas, Planeswalker"
4d640f44-7521-4e36-ba27-cb1c94507d0e.jpg,tcg_identifier,train,magic_the_gathering,magic_the_gathering,scryfall:4d640f44-7521-4e36-ba27-cb1c94507d0e,Scryfall API — verify scryfall.com/docs/api/images before redistribution,2026-09-13,Terminate
4d6c6f6f-7097-46ef-9687-d6f7ec31586e.jpg,tcg_identifier,train,magic_the_gathering,magic_the_gathering,scryfall:4d6c6f6f-7097-46ef-9687-d6f7ec31586e,Scryfall API — verify scryfall.com/docs/api/images before redistribution,2026-09-13,Goblin Archaeologist
4e80c2f5-985e-44b1-946c-403d6fd3daac.jpg,tcg_identifier,train,magic_the_gathering,magic_the_gathering,scryfall:4e80c2f5-985e-44b1-946c-403d6fd3daac,Scryfall API — verify scryfall.com/docs/api/images before redistribution,2026-09-13,Finale of Revelation
509cfb76-ab85-4473-ab81-83f6f62eb54c.jpg,tcg_identifier,train,magic_the_gathering,magic_the_gathering,scryfall:509cfb76-ab85-4473-ab81-83f6f62eb54c,Scryfall API — verify scryfall.com/docs/api/images before redistribution,2026-09-13,Harmonize
50cc1e47-3786-4ba9-b837-bf5b43323135.jpg,tcg_identifier,train,magic_the_gathering,magic_the_gathering,scryfall:50cc1e47-3786-4ba9-b837-bf5b43323135,Scryfall API — verify scryfall.com/docs/api/images before redistribution,2026-09-13,Tower Above
5351106c-5334-4564-bb5b-1fb616790e00.jpg,tcg_identifier,train,magic_the_gathering,magic_the_gathering,scryfall:5351106c-5334-4564-bb5b-1fb616790e00,Scryfall API — verify scryfall.com/docs/api/images before redistribution,2026-09-13,Warleader's Call
547c5ec3-2397-444c-89b8-fd9c783defed.jpg,tcg_identifier,train,magic_the_gathering,magic_the_gathering,scryfall:547c5ec3-2397-444c-89b8-fd9c783defed,Scryfall API — verify scryfall.com/docs/api/images before redistribution,2026-09-13,No Witnesses
54b9c323-ac9b-4864-bd57-81b557f44114.jpg,tcg_identifier,train,magic_the_gathering,magic_the_gathering,scryfall:54b9c323-ac9b-4864-bd57-81b557f44114,Scryfall API — verify scryfall.com/docs/api/images before redistribution,2026-09-13,Isolation at Orthanc
54eef0db-dd7b-4ba9-bcb9-4cabdf6a1431.jpg,tcg_identifier,train,magic_the_gathering,magic_the_gathering,scryfall:54eef0db-dd7b-4ba9-bcb9-4cabdf6a1431,Scryfall API — verify scryfall.com/docs/api/images before redistribution,2026-09-13,Goblin Tinkerer
55d084fb-231f-4296-9db3-e4edf7ecfe1f.jpg,tcg_identifier,train,magic_the_gathering,magic_the_gathering,scryfall:55d084fb-231f-4296-9db3-e4edf7ecfe1f,Scryfall API — verify scryfall.com/docs/api/images before redistribution,2026-09-13,Decree of Justice
58901777-f8bf-450b-acf8-d60a73c3322f.jpg,tcg_identifier,train,magic_the_gathering,magic_the_gathering,scryfall:58901777-f8bf-450b-acf8-d60a73c3322f,Scryfall API — verify scryfall.com/docs/api/images before redistribution,2026-09-13,Vilespawn Spider
589b0dd5-7ba0-4448-9832-7754b3fccc03.jpg,tcg_identifier,train,magic_the_gathering,magic_the_gathering,scryfall:589b0dd5-7ba0-4448-9832-7754b3fccc03,Scryfall API — verify scryfall.com/docs/api/images before redistribution,2026-09-13,Pillar of the Paruns
59713368-9626-4466-9be4-8ca08e03a888.jpg,tcg_identifier,train,magic_the_gathering,magic_the_gathering,scryfall:59713368-9626-4466-9be4-8ca08e03a888,Scryfall API — verify scryfall.com/docs/api/images before redistribution,2026-09-13,Return to Dust
59c43454-d416-407f-b02c-5d1da706a730.jpg,tcg_identifier,train,magic_the_gathering,magic_the_gathering,scryfall:59c43454-d416-407f-b02c-5d1da706a730,Scryfall API — verify scryfall.com/docs/api/images before redistribution,2026-09-13,Gaea's Embrace
5bdc104e-9a89-402b-82bc-95672d0b753b.jpg,tcg_identifier,train,magic_the_gathering,magic_the_gathering,scryfall:5bdc104e-9a89-402b-82bc-95672d0b753b,Scryfall API — verify scryfall.com/docs/api/images before redistribution,2026-09-13,Sol Talisman
5dd51c2a-99ad-4866-9e0c-162746cb04d3.jpg,tcg_identifier,train,magic_the_gathering,magic_the_gathering,scryfall:5dd51c2a-99ad-4866-9e0c-162746cb04d3,Scryfall API — verify scryfall.com/docs/api/images before redistribution,2026-09-13,Swarmyard
5e726740-f1b1-4bd0-bd48-b23074cb8d0f.jpg,tcg_identifier,train,magic_the_gathering,magic_the_gathering,scryfall:5e726740-f1b1-4bd0-bd48-b23074cb8d0f,Scryfall API — verify scryfall.com/docs/api/images before redistribution,2026-09-13,Swamp // Swamp
5ea94e69-36f0-47a6-b7f7-1379625a6955.jpg,tcg_identifier,train,magic_the_gathering,magic_the_gathering,scryfall:5ea94e69-36f0-47a6-b7f7-1379625a6955,Scryfall API — verify scryfall.com/docs/api/images before redistribution,2026-09-13,"Kurbis, Harvest Celebrant"
5f608efc-0dbc-4cc3-aadd-ed473bfc29ab.jpg,tcg_identifier,train,magic_the_gathering,magic_the_gathering,scryfall:5f608efc-0dbc-4cc3-aadd-ed473bfc29ab,Scryfall API — verify scryfall.com/docs/api/images before redistribution,2026-09-13,Portal to Phyrexia
6195dc98-fe10-472c-abf1-3f353911118e.jpg,tcg_identifier,train,magic_the_gathering,magic_the_gathering,scryfall:6195dc98-fe10-472c-abf1-3f353911118e,Scryfall API — verify scryfall.com/docs/api/images before redistribution,2026-09-13,Rottenmouth Viper
619b97c7-f297-4c25-be94-27dfae4d39b3.jpg,tcg_identifier,train,magic_the_gathering,magic_the_gathering,scryfall:619b97c7-f297-4c25-be94-27dfae4d39b3,Scryfall API — verify scryfall.com/docs/api/images before redistribution,2026-09-13,Forced Landing
6277af10-b10b-450b-9d42-54c978337931.jpg,tcg_identifier,train,magic_the_gathering,magic_the_gathering,scryfall:6277af10-b10b-450b-9d42-54c978337931,Scryfall API — verify scryfall.com/docs/api/images before redistribution,2026-09-13,Angel
6371dec1-5c44-4ba7-a29e-222b758d4709.jpg,tcg_identifier,train,magic_the_gathering,magic_the_gathering,scryfall:6371dec1-5c44-4ba7-a29e-222b758d4709,Scryfall API — verify scryfall.com/docs/api/images before redistribution,2026-09-13,Furycalm Snarl
664d1950-2405-442a-841d-fced89280036.jpg,tcg_identifier,train,magic_the_gathering,magic_the_gathering,scryfall:664d1950-2405-442a-841d-fced89280036,Scryfall API — verify scryfall.com/docs/api/images before redistribution,2026-09-13,Behemoth Sledge
6968cedd-4640-428f-a3bd-19795f43cbb0.jpg,tcg_identifier,train,magic_the_gathering,magic_the_gathering,scryfall:6968cedd-4640-428f-a3bd-19795f43cbb0,Scryfall API — verify scryfall.com/docs/api/images before redistribution,2026-09-13,Tricksy
6a4307e3-3138-4ccb-8aa3-2ffcfeb2948f.jpg,tcg_identifier,train,magic_the_gathering,magic_the_gathering,scryfall:6a4307e3-3138-4ccb-8aa3-2ffcfeb2948f,Scryfall API — verify scryfall.com/docs/api/images before redistribution,2026-09-13,Needlepeak Spider
6b0604fe-0610-4f70-a170-4f141b8f1605.jpg,tcg_identifier,train,magic_the_gathering,magic_the_gathering,scryfall:6b0604fe-0610-4f70-a170-4f141b8f1605,Scryfall API — verify scryfall.com/docs/api/images before redistribution,2026-09-13,"Jinnie Fay, Jetmir's Second"
6da718a4-558c-44f1-be6b-aef370c38f19.jpg,tcg_identifier,train,magic_the_gathering,magic_the_gathering,scryfall:6da718a4-558c-44f1-be6b-aef370c38f19,Scryfall API — verify scryfall.com/docs/api/images before redistribution,2026-09-13,Sarkhan's Whelp
6e4af66a-17fc-4579-bf30-d7f79df6354d.jpg,tcg_identifier,train,magic_the_gathering,magic_the_gathering,scryfall:6e4af66a-17fc-4579-bf30-d7f79df6354d,Scryfall API — verify scryfall.com/docs/api/images before redistribution,2026-09-13,Master of Cruelties
6e576f7a-0390-4514-aaed-20406fe6acdf.jpg,tcg_identifier,train,magic_the_gathering,magic_the_gathering,scryfall:6e576f7a-0390-4514-aaed-20406fe6acdf,Scryfall API — verify scryfall.com/docs/api/images before redistribution,2026-09-13,Chorus of the Tides
6e8214a0-7c14-4a77-b32d-55a823696600.jpg,tcg_identifier,train,magic_the_gathering,magic_the_gathering,scryfall:6e8214a0-7c14-4a77-b32d-55a823696600,Scryfall API — verify scryfall.com/docs/api/images before redistribution,2026-09-13,Herald of Eternal Dawn
6fcc3699-b475-4612-884d-81bd4f21e9c1.jpg,tcg_identifier,train,magic_the_gathering,magic_the_gathering,scryfall:6fcc3699-b475-4612-884d-81bd4f21e9c1,Scryfall API — verify scryfall.com/docs/api/images before redistribution,2026-09-13,Stony-Voiced Goblins
712c609e-5989-4e38-898f-83e0a913c977.jpg,tcg_identifier,train,magic_the_gathering,magic_the_gathering,scryfall:712c609e-5989-4e38-898f-83e0a913c977,Scryfall API — verify scryfall.com/docs/api/images before redistribution,2026-09-13,Feed the Swarm
716c7757-d27d-4726-a45e-c154844a52c2.jpg,tcg_identifier,train,magic_the_gathering,magic_the_gathering,scryfall:716c7757-d27d-4726-a45e-c154844a52c2,Scryfall API — verify scryfall.com/docs/api/images before redistribution,2026-09-13,Icy Manipulator
7327e768-d90d-4677-b4dd-10837ffe8be2.jpg,tcg_identifier,train,magic_the_gathering,magic_the_gathering,scryfall:7327e768-d90d-4677-b4dd-10837ffe8be2,Scryfall API — verify scryfall.com/docs/api/images before redistribution,2026-09-13,Wall of Vines
7496ad0f-fc6d-4154-ac42-c2471e72ed88.jpg,tcg_identifier,train,magic_the_gathering,magic_the_gathering,scryfall:7496ad0f-fc6d-4154-ac42-c2471e72ed88,Scryfall API — verify scryfall.com/docs/api/images before redistribution,2026-09-13,Olórin's Searing Light
74fe0fb5-e994-41b1-a73d-4e68f7afdf34.jpg,tcg_identifier,train,magic_the_gathering,magic_the_gathering,scryfall:74fe0fb5-e994-41b1-a73d-4e68f7afdf34,Scryfall API — verify scryfall.com/docs/api/images before redistribution,2026-09-13,Short Circuit
76a31968-ba6d-4c01-838f-4cb8c64e73fb.jpg,tcg_identifier,train,magic_the_gathering,magic_the_gathering,scryfall:76a31968-ba6d-4c01-838f-4cb8c64e73fb,Scryfall API — verify scryfall.com/docs/api/images before redistribution,2026-09-13,Take Up the Shield
76e93d5d-c255-45a6-9217-84ac270740a7.jpg,tcg_identifier,train,magic_the_gathering,magic_the_gathering,scryfall:76e93d5d-c255-45a6-9217-84ac270740a7,Scryfall API — verify scryfall.com/docs/api/images before redistribution,2026-09-13,Haruspex
79cb55f0-f0e8-4644-8c19-54efe5854973.jpg,tcg_identifier,train,magic_the_gathering,magic_the_gathering,scryfall:79cb55f0-f0e8-4644-8c19-54efe5854973,Scryfall API — verify scryfall.com/docs/api/images before redistribution,2026-09-13,Dwarven Hold
7b633ac2-bf98-42bd-8c26-8737a7d8edc7.jpg,tcg_identifier,train,magic_the_gathering,magic_the_gathering,scryfall:7b633ac2-bf98-42bd-8c26-8737a7d8edc7,Scryfall API — verify scryfall.com/docs/api/images before redistribution,2026-09-13,Reflecting Pool
7bf574c8-a7e0-482e-bb41-680454988097.jpg,tcg_identifier,train,magic_the_gathering,magic_the_gathering,scryfall:7bf574c8-a7e0-482e-bb41-680454988097,Scryfall API — verify scryfall.com/docs/api/images before redistribution,2026-09-13,Channel the Suns
7cd4df4a-fbab-4598-ad8e-b24ed0bb4497.jpg,tcg_identifier,train,magic_the_gathering,magic_the_gathering,scryfall:7cd4df4a-fbab-4598-ad8e-b24ed0bb4497,Scryfall API — verify scryfall.com/docs/api/images before redistribution,2026-09-13,Kashi-Tribe Warriors
7df26085-eedb-4bdd-a60a-aabfbe9c3157.jpg,tcg_identifier,train,magic_the_gathering,magic_the_gathering,scryfall:7df26085-eedb-4bdd-a60a-aabfbe9c3157,Scryfall API — verify scryfall.com/docs/api/images before redistribution,2026-09-13,Genghis Frog
7e1cdc03-6faa-4138-9a52-caafbe34fb59.jpg,tcg_identifier,train,magic_the_gathering,magic_the_gathering,scryfall:7e1cdc03-6faa-4138-9a52-caafbe34fb59,Scryfall API — verify scryfall.com/docs/api/images before redistribution,2026-09-13,Thornspire Verge
7fa037c9-2d43-480e-92b0-30ce24843ef3.jpg,tcg_identifier,train,magic_the_gathering,magic_the_gathering,scryfall:7fa037c9-2d43-480e-92b0-30ce24843ef3,Scryfall API — verify scryfall.com/docs/api/images before redistribution,2026-09-13,Mutavault
84c3e407-2828-40e5-b335-7a0a3df1e5ad.jpg,tcg_identifier,train,magic_the_gathering,magic_the_gathering,scryfall:84c3e407-2828-40e5-b335-7a0a3df1e5ad,Scryfall API — verify scryfall.com/docs/api/images before redistribution,2026-09-13,Mountain
8689ecd7-e9a6-458b-99d2-6dbaca527f00.jpg,tcg_identifier,train,magic_the_gathering,magic_the_gathering,scryfall:8689ecd7-e9a6-458b-99d2-6dbaca527f00,Scryfall API — verify scryfall.com/docs/api/images before redistribution,2026-09-13,Hydroelectric Specimen // Hydroelectric Laboratory
86b0edaf-8cfd-4508-9554-6f0fddc2dfc4.jpg,tcg_identifier,train,magic_the_gathering,magic_the_gathering,scryfall:86b0edaf-8cfd-4508-9554-6f0fddc2dfc4,Scryfall API — verify scryfall.com/docs/api/images before redistribution,2026-09-13,Archfiend of the Dross
86e3848f-ee6a-4f9f-a231-4a22335a6808.jpg,tcg_identifier,train,magic_the_gathering,magic_the_gathering,scryfall:86e3848f-ee6a-4f9f-a231-4a22335a6808,Scryfall API — verify scryfall.com/docs/api/images before redistribution,2026-09-13,Tovolar's Huntmaster // Tovolar's Packleader
87181867-f63d-4642-875f-001c1ed7912f.jpg,tcg_identifier,train,magic_the_gathering,magic_the_gathering,scryfall:87181867-f63d-4642-875f-001c1ed7912f,Scryfall API — verify scryfall.com/docs/api/images before redistribution,2026-09-13,Perilous Snare
8921cd8a-5c1c-4ae3-bc6f-5e4190668aae.jpg,tcg_identifier,train,magic_the_gathering,magic_the_gathering,scryfall:8921cd8a-5c1c-4ae3-bc6f-5e4190668aae,Scryfall API — verify scryfall.com/docs/api/images before redistribution,2026-09-13,Urborg Uprising
894f8c11-00f0-41bb-bbd8-4491e8df53ba.jpg,tcg_identifier,train,magic_the_gathering,magic_the_gathering,scryfall:894f8c11-00f0-41bb-bbd8-4491e8df53ba,Scryfall API — verify scryfall.com/docs/api/images before redistribution,2026-09-13,"Yargle, Glutton of Urborg"
8959aef9-77bb-45a3-939e-324bd59aec89.jpg,tcg_identifier,train,magic_the_gathering,magic_the_gathering,scryfall:8959aef9-77bb-45a3-939e-324bd59aec89,Scryfall API — verify scryfall.com/docs/api/images before redistribution,2026-09-13,Sky Diamond
89872245-6be7-4d28-8b0a-d8df42e2f150.jpg,tcg_identifier,train,magic_the_gathering,magic_the_gathering,scryfall:89872245-6be7-4d28-8b0a-d8df42e2f150,Scryfall API — verify scryfall.com/docs/api/images before redistribution,2026-09-13,Cone of Flame
8a857da7-5438-465b-821a-bd5bfd780c69.jpg,tcg_identifier,train,magic_the_gathering,magic_the_gathering,scryfall:8a857da7-5438-465b-821a-bd5bfd780c69,Scryfall API — verify scryfall.com/docs/api/images before redistribution,2026-09-13,Chandra's Spitfire
8b729699-efb7-4769-a166-29aaadef335b.jpg,tcg_identifier,train,magic_the_gathering,magic_the_gathering,scryfall:8b729699-efb7-4769-a166-29aaadef335b,Scryfall API — verify scryfall.com/docs/api/images before redistribution,2026-09-13,The Spear of Leonidas
8b9e9104-0d3f-4467-abe3-d0e1bff0189e.jpg,tcg_identifier,train,magic_the_gathering,magic_the_gathering,scryfall:8b9e9104-0d3f-4467-abe3-d0e1bff0189e,Scryfall API — verify scryfall.com/docs/api/images before redistribution,2026-09-13,Animate Dead
8dd1b4d2-ccf0-498d-81e0-c9d755f5eb13.jpg,tcg_identifier,train,magic_the_gathering,magic_the_gathering,scryfall:8dd1b4d2-ccf0-498d-81e0-c9d755f5eb13,Scryfall API — verify scryfall.com/docs/api/images before redistribution,2026-09-13,Island
8e259868-d29a-4c03-8ec3-49e914f849fb.jpg,tcg_identifier,train,magic_the_gathering,magic_the_gathering,scryfall:8e259868-d29a-4c03-8ec3-49e914f849fb,Scryfall API — verify scryfall.com/docs/api/images before redistribution,2026-09-13,Null Elemental Blast
8ed3c301-8d8e-45fe-902a-af03a79525be.jpg,tcg_identifier,train,magic_the_gathering,magic_the_gathering,scryfall:8ed3c301-8d8e-45fe-902a-af03a79525be,Scryfall API — verify scryfall.com/docs/api/images before redistribution,2026-09-13,Tangle Hulk
8f00e6f1-e854-40b0-855d-7e0d7d233850.jpg,tcg_identifier,train,magic_the_gathering,magic_the_gathering,scryfall:8f00e6f1-e854-40b0-855d-7e0d7d233850,Scryfall API — verify scryfall.com/docs/api/images before redistribution,2026-09-13,Wild Research
8f335d43-cacb-40ad-93c1-9a861e9f66c7.jpg,tcg_identifier,train,magic_the_gathering,magic_the_gathering,scryfall:8f335d43-cacb-40ad-93c1-9a861e9f66c7,Scryfall API — verify scryfall.com/docs/api/images before redistribution,2026-09-13,Reckless Abandon
90c2a3da-2458-4921-8574-9eb9d5925ae8.jpg,tcg_identifier,train,magic_the_gathering,magic_the_gathering,scryfall:90c2a3da-2458-4921-8574-9eb9d5925ae8,Scryfall API — verify scryfall.com/docs/api/images before redistribution,2026-09-13,Escape Velocity
9216e73b-56ef-48b9-a6a1-b370fb0d97c1.jpg,tcg_identifier,train,magic_the_gathering,magic_the_gathering,scryfall:9216e73b-56ef-48b9-a6a1-b370fb0d97c1,Scryfall API — verify scryfall.com/docs/api/images before redistribution,2026-09-13,Phantom Whelp
92932329-ae39-42b4-820e-2ba2b0fdd417.jpg,tcg_identifier,train,magic_the_gathering,magic_the_gathering,scryfall:92932329-ae39-42b4-820e-2ba2b0fdd417,Scryfall API — verify scryfall.com/docs/api/images before redistribution,2026-09-13,Elvish Lyrist
9481d9d8-baee-4d83-8669-44bc6de42ca4.jpg,tcg_identifier,train,magic_the_gathering,magic_the_gathering,scryfall:9481d9d8-baee-4d83-8669-44bc6de42ca4,Scryfall API — verify scryfall.com/docs/api/images before redistribution,2026-09-13,Young Wolf
94e14f09-9629-443a-bc55-03152eabb2e7.jpg,tcg_identifier,train,magic_the_gathering,magic_the_gathering,scryfall:94e14f09-9629-443a-bc55-03152eabb2e7,Scryfall API — verify scryfall.com/docs/api/images before redistribution,2026-09-13,Kruphix's Insight
96b263fb-00b5-4050-85e1-cfc4018bb75d.jpg,tcg_identifier,train,magic_the_gathering,magic_the_gathering,scryfall:96b263fb-00b5-4050-85e1-cfc4018bb75d,Scryfall API — verify scryfall.com/docs/api/images before redistribution,2026-09-13,Nissa's Judgment
96b8f4be-9f4d-4373-8141-a03518ecd38a.jpg,tcg_identifier,train,magic_the_gathering,magic_the_gathering,scryfall:96b8f4be-9f4d-4373-8141-a03518ecd38a,Scryfall API — verify scryfall.com/docs/api/images before redistribution,2026-09-13,Soothing Balm
96db3d95-c0b8-42ff-956c-837f5f9cd40d.jpg,tcg_identifier,train,magic_the_gathering,magic_the_gathering,scryfall:96db3d95-c0b8-42ff-956c-837f5f9cd40d,Scryfall API — verify scryfall.com/docs/api/images before redistribution,2026-09-13,Blood Petal Celebrant
97313f57-0354-405b-a454-dbf9e5cea0b2.jpg,tcg_identifier,train,magic_the_gathering,magic_the_gathering,scryfall:97313f57-0354-405b-a454-dbf9e5cea0b2,Scryfall API — verify scryfall.com/docs/api/images before redistribution,2026-09-13,"Nahiri, the Lithomancer"
973ff4ee-c8dd-4d00-b7f8-713694989b18.jpg,tcg_identifier,train,magic_the_gathering,magic_the_gathering,scryfall:973ff4ee-c8dd-4d00-b7f8-713694989b18,Scryfall API — verify scryfall.com/docs/api/images before redistribution,2026-09-13,"Karazikar, the Eye Tyrant"
9903c043-9a7a-4994-b532-136d4c46edfd.jpg,tcg_identifier,train,magic_the_gathering,magic_the_gathering,scryfall:9903c043-9a7a-4994-b532-136d4c46edfd,Scryfall API — verify scryfall.com/docs/api/images before redistribution,2026-09-13,Moss Monster
99078ecc-f50a-43e0-93c1-63240cd97bf7.jpg,tcg_identifier,train,magic_the_gathering,magic_the_gathering,scryfall:99078ecc-f50a-43e0-93c1-63240cd97bf7,Scryfall API — verify scryfall.com/docs/api/images before redistribution,2026-09-13,Darksteel Forge
9c9a9115-ac31-4515-84e2-13e590028bab.jpg,tcg_identifier,train,magic_the_gathering,magic_the_gathering,scryfall:9c9a9115-ac31-4515-84e2-13e590028bab,Scryfall API — verify scryfall.com/docs/api/images before redistribution,2026-09-13,Ruinous Ultimatum
9e70c602-cb80-472b-9c8d-9625de084fe7.jpg,tcg_identifier,train,magic_the_gathering,magic_the_gathering,scryfall:9e70c602-cb80-472b-9c8d-9625de084fe7,Scryfall API — verify scryfall.com/docs/api/images before redistribution,2026-09-13,Island
9f4c9ebe-996a-44ae-9f97-46f0e8096da4.jpg,tcg_identifier,train,magic_the_gathering,magic_the_gathering,scryfall:9f4c9ebe-996a-44ae-9f97-46f0e8096da4,Scryfall API — verify scryfall.com/docs/api/images before redistribution,2026-09-13,Become Anonymous
9f7c3571-925d-486e-80dd-bac47aa48283.jpg,tcg_identifier,train,magic_the_gathering,magic_the_gathering,scryfall:9f7c3571-925d-486e-80dd-bac47aa48283,Scryfall API — verify scryfall.com/docs/api/images before redistribution,2026-09-13,Apostle's Blessing
a09770a1-0c59-4fd8-892a-a3ceda27d3a2.jpg,tcg_identifier,train,magic_the_gathering,magic_the_gathering,scryfall:a09770a1-0c59-4fd8-892a-a3ceda27d3a2,Scryfall API — verify scryfall.com/docs/api/images before redistribution,2026-09-13,Ersatz Gnomes
a11636b4-52bd-466e-bc50-0f7bf0f9833e.jpg,tcg_identifier,train,magic_the_gathering,magic_the_gathering,scryfall:a11636b4-52bd-466e-bc50-0f7bf0f9833e,Scryfall API — verify scryfall.com/docs/api/images before redistribution,2026-09-13,Mage's Attendant // Mage's Attendant
a1214fc4-26ac-4a57-b894-6fd634d4d4fd.jpg,tcg_identifier,train,magic_the_gathering,magic_the_gathering,scryfall:a1214fc4-26ac-4a57-b894-6fd634d4d4fd,Scryfall API — verify scryfall.com/docs/api/images before redistribution,2026-09-13,Outnumber
a2041b95-ec5b-4512-b012-f875ca686669.jpg,tcg_identifier,train,magic_the_gathering,magic_the_gathering,scryfall:a2041b95-ec5b-4512-b012-f875ca686669,Scryfall API — verify scryfall.com/docs/api/images before redistribution,2026-09-13,Bulwark
a22b5f27-f9e7-49e1-8e96-dc5d8e7fbe27.jpg,tcg_identifier,train,magic_the_gathering,magic_the_gathering,scryfall:a22b5f27-f9e7-49e1-8e96-dc5d8e7fbe27,Scryfall API — verify scryfall.com/docs/api/images before redistribution,2026-09-13,Jugan Defends the Temple // Remnant of the Rising Star
a3d1f470-058d-41b7-acaf-4f68431de9ed.jpg,tcg_identifier,train,magic_the_gathering,magic_the_gathering,scryfall:a3d1f470-058d-41b7-acaf-4f68431de9ed,Scryfall API — verify scryfall.com/docs/api/images before redistribution,2026-09-13,Reverberation
a454c426-dd7b-44e4-8404-adb4e0739e4a.jpg,tcg_identifier,train,magic_the_gathering,magic_the_gathering,scryfall:a454c426-dd7b-44e4-8404-adb4e0739e4a,Scryfall API — verify scryfall.com/docs/api/images before redistribution,2026-09-13,Pyroclasm
a706d6a1-e398-41d8-b28b-060023300dda.jpg,tcg_identifier,train,magic_the_gathering,magic_the_gathering,scryfall:a706d6a1-e398-41d8-b28b-060023300dda,Scryfall API — verify scryfall.com/docs/api/images before redistribution,2026-09-13,Shock
a75faca7-cfcf-4c3b-a507-c89659cce93a.jpg,tcg_identifier,train,magic_the_gathering,magic_the_gathering,scryfall:a75faca7-cfcf-4c3b-a507-c89659cce93a,Scryfall API — verify scryfall.com/docs/api/images before redistribution,2026-09-13,Ember Beast
a7b250ab-efe1-42bf-81ac-fd94d6140782.jpg,tcg_identifier,train,magic_the_gathering,magic_the_gathering,scryfall:a7b250ab-efe1-42bf-81ac-fd94d6140782,Scryfall API — verify scryfall.com/docs/api/images before redistribution,2026-09-13,Gaze of Granite
a7f10198-1eef-4577-b375-b900b15060e1.jpg,tcg_identifier,train,magic_the_gathering,magic_the_gathering,scryfall:a7f10198-1eef-4577-b375-b900b15060e1,Scryfall API — verify scryfall.com/docs/api/images before redistribution,2026-09-13,Artisan of Forms
a8814f14-44d6-40c2-9baa-31c986416f43.jpg,tcg_identifier,train,magic_the_gathering,magic_the_gathering,scryfall:a8814f14-44d6-40c2-9baa-31c986416f43,Scryfall API — verify scryfall.com/docs/api/images before redistribution,2026-09-13,Goblin Hero
aa3093a4-e115-4d88-b7c0-33dee8a11142.jpg,tcg_identifier,train,magic_the_gathering,magic_the_gathering,scryfall:aa3093a4-e115-4d88-b7c0-33dee8a11142,Scryfall API — verify scryfall.com/docs/api/images before redistribution,2026-09-13,Target Minotaur
aa80eb15-e702-4810-bf76-dda64b6ed673.jpg,tcg_identifier,train,magic_the_gathering,magic_the_gathering,scryfall:aa80eb15-e702-4810-bf76-dda64b6ed673,Scryfall API — verify scryfall.com/docs/api/images before redistribution,2026-09-13,Boros Garrison
aac72d2c-1a5d-4f7a-9f13-c4d5602f0249.jpg,tcg_identifier,train,magic_the_gathering,magic_the_gathering,scryfall:aac72d2c-1a5d-4f7a-9f13-c4d5602f0249,Scryfall API — verify scryfall.com/docs/api/images before redistribution,2026-09-13,Invoke the Firemind
ac1d677b-a43f-4aa0-9219-fc8d0a776faa.jpg,tcg_identifier,train,magic_the_gathering,magic_the_gathering,scryfall:ac1d677b-a43f-4aa0-9219-fc8d0a776faa,Scryfall API — verify scryfall.com/docs/api/images before redistribution,2026-09-13,Dragon Whelp
acbed0f5-2ac0-48d8-b5ab-b4cd7176fde2.jpg,tcg_identifier,train,magic_the_gathering,magic_the_gathering,scryfall:acbed0f5-2ac0-48d8-b5ab-b4cd7176fde2,Scryfall API — verify scryfall.com/docs/api/images before redistribution,2026-09-13,Deepwood Drummer
aeb359c8-209c-455f-84b2-970e5678a9fa.jpg,tcg_identifier,train,magic_the_gathering,magic_the_gathering,scryfall:aeb359c8-209c-455f-84b2-970e5678a9fa,Scryfall API — verify scryfall.com/docs/api/images before redistribution,2026-09-13,Exclude
b080ed31-db68-4e3c-8bf6-48b53d3ba622.jpg,tcg_identifier,train,magic_the_gathering,magic_the_gathering,scryfall:b080ed31-db68-4e3c-8bf6-48b53d3ba622,Scryfall API — verify scryfall.com/docs/api/images before redistribution,2026-09-13,Fathom Feeder
b16ddbcb-b28d-4a67-857b-5c30ccf055f0.jpg,tcg_identifier,train,magic_the_gathering,magic_the_gathering,scryfall:b16ddbcb-b28d-4a67-857b-5c30ccf055f0,Scryfall API — verify scryfall.com/docs/api/images before redistribution,2026-09-13,Universal Automaton
b1b5c178-55d1-4b24-97f1-93e1a844693e.jpg,tcg_identifier,train,magic_the_gathering,magic_the_gathering,scryfall:b1b5c178-55d1-4b24-97f1-93e1a844693e,Scryfall API — verify scryfall.com/docs/api/images before redistribution,2026-09-13,Olivia Voldaren
b1fced2b-eba2-4e70-8f1c-6d3c973b6a8d.jpg,tcg_identifier,train,magic_the_gathering,magic_the_gathering,scryfall:b1fced2b-eba2-4e70-8f1c-6d3c973b6a8d,Scryfall API — verify scryfall.com/docs/api/images before redistribution,2026-09-13,"Avatar Roku, Firebender"
b2dddd41-ae59-4e5e-bac5-3695ba09edfd.jpg,tcg_identifier,train,magic_the_gathering,magic_the_gathering,scryfall:b2dddd41-ae59-4e5e-bac5-3695ba09edfd,Scryfall API — verify scryfall.com/docs/api/images before redistribution,2026-09-13,Burnished Hart
b31458c7-c1ad-44dd-9c9f-b4a16f1fad0e.jpg,tcg_identifier,train,magic_the_gathering,magic_the_gathering,scryfall:b31458c7-c1ad-44dd-9c9f-b4a16f1fad0e,Scryfall API — verify scryfall.com/docs/api/images before redistribution,2026-09-13,"Cormela, Glamour Thief"
b3198f96-f9d8-494f-a556-24ce3ad3895d.jpg,tcg_identifier,train,magic_the_gathering,magic_the_gathering,scryfall:b3198f96-f9d8-494f-a556-24ce3ad3895d,Scryfall API — verify scryfall.com/docs/api/images before redistribution,2026-09-13,Read the Bones
b54da7ba-d596-4c2c-bb4e-a85d2f789102.jpg,tcg_identifier,train,magic_the_gathering,magic_the_gathering,scryfall:b54da7ba-d596-4c2c-bb4e-a85d2f789102,Scryfall API — verify scryfall.com/docs/api/images before redistribution,2026-09-13,Frenzied Goblin
b57bb8a9-3cba-4814-9073-e6f672ed5e4f.jpg,tcg_identifier,train,magic_the_gathering,magic_the_gathering,scryfall:b57bb8a9-3cba-4814-9073-e6f672ed5e4f,Scryfall API — verify scryfall.com/docs/api/images before redistribution,2026-09-13,Beast Attack
b6a77be3-e3b0-40f5-a470-414bac49da60.jpg,tcg_identifier,train,magic_the_gathering,magic_the_gathering,scryfall:b6a77be3-e3b0-40f5-a470-414bac49da60,Scryfall API — verify scryfall.com/docs/api/images before redistribution,2026-09-13,Recoil
b782ea91-d31f-4862-8ec0-6e24ef40545c.jpg,tcg_identifier,train,magic_the_gathering,magic_the_gathering,scryfall:b782ea91-d31f-4862-8ec0-6e24ef40545c,Scryfall API — verify scryfall.com/docs/api/images before redistribution,2026-09-13,Rockfall Vale
ba2a4cbb-f325-4178-80db-7090f5672414.jpg,tcg_identifier,train,magic_the_gathering,magic_the_gathering,scryfall:ba2a4cbb-f325-4178-80db-7090f5672414,Scryfall API — verify scryfall.com/docs/api/images before redistribution,2026-09-13,Forest
bacf349e-be1d-49c5-af94-3d4391cfef08.jpg,tcg_identifier,train,magic_the_gathering,magic_the_gathering,scryfall:bacf349e-be1d-49c5-af94-3d4391cfef08,Scryfall API — verify scryfall.com/docs/api/images before redistribution,2026-09-13,Grasping Scoundrel
bb1552a8-27b4-4a95-9022-6fdd59aca28f.jpg,tcg_identifier,train,magic_the_gathering,magic_the_gathering,scryfall:bb1552a8-27b4-4a95-9022-6fdd59aca28f,Scryfall API — verify scryfall.com/docs/api/images before redistribution,2026-09-13,"Odric, Master Tactician"
bb3a843b-2dea-4b44-be74-c09c18b9b969.jpg,tcg_identifier,train,magic_the_gathering,magic_the_gathering,scryfall:bb3a843b-2dea-4b44-be74-c09c18b9b969,Scryfall API — verify scryfall.com/docs/api/images before redistribution,2026-09-13,Dryad Arbor
bc6104d4-d0af-40da-8227-14243d778e96.jpg,tcg_identifier,train,magic_the_gathering,magic_the_gathering,scryfall:bc6104d4-d0af-40da-8227-14243d778e96,Scryfall API — verify scryfall.com/docs/api/images before redistribution,2026-09-13,Portent Tracker
bc6146bf-f0c6-4557-af6a-74c643d5fc01.jpg,tcg_identifier,train,magic_the_gathering,magic_the_gathering,scryfall:bc6146bf-f0c6-4557-af6a-74c643d5fc01,Scryfall API — verify scryfall.com/docs/api/images before redistribution,2026-09-13,Fire Lord Azula
c1226a24-69db-42d5-bedc-167269f450a8.jpg,tcg_identifier,train,magic_the_gathering,magic_the_gathering,scryfall:c1226a24-69db-42d5-bedc-167269f450a8,Scryfall API — verify scryfall.com/docs/api/images before redistribution,2026-09-13,Hidetsugu's Second Rite
c16172c7-1a4d-4bd8-9ddf-e8c74a56fb15.jpg,tcg_identifier,train,magic_the_gathering,magic_the_gathering,scryfall:c16172c7-1a4d-4bd8-9ddf-e8c74a56fb15,Scryfall API — verify scryfall.com/docs/api/images before redistribution,2026-09-13,"Vito, Fanatic of Aclazotz"
c2d84fec-18f1-4231-a293-0dc1ff868a40.jpg,tcg_identifier,train,magic_the_gathering,magic_the_gathering,scryfall:c2d84fec-18f1-4231-a293-0dc1ff868a40,Scryfall API — verify scryfall.com/docs/api/images before redistribution,2026-09-13,Sever Soul
c2ef15f8-4d37-4ea1-a8a2-6383f6be088f.jpg,tcg_identifier,train,magic_the_gathering,magic_the_gathering,scryfall:c2ef15f8-4d37-4ea1-a8a2-6383f6be088f,Scryfall API — verify scryfall.com/docs/api/images before redistribution,2026-09-13,Gustcloak Skirmisher
c4af4eb5-9cf2-4394-b594-b6ae291dd4a5.jpg,tcg_identifier,train,magic_the_gathering,magic_the_gathering,scryfall:c4af4eb5-9cf2-4394-b594-b6ae291dd4a5,Scryfall API — verify scryfall.com/docs/api/images before redistribution,2026-09-13,Apprentice Sorcerer
c5008a07-962a-4771-b643-2d465d1f80d5.jpg,tcg_identifier,train,magic_the_gathering,magic_the_gathering,scryfall:c5008a07-962a-4771-b643-2d465d1f80d5,Scryfall API — verify scryfall.com/docs/api/images before redistribution,2026-09-13,Cackling Witch
c5474bcc-4ffd-4b6d-98d0-891b766d5961.jpg,tcg_identifier,train,magic_the_gathering,magic_the_gathering,scryfall:c5474bcc-4ffd-4b6d-98d0-891b766d5961,Scryfall API — verify scryfall.com/docs/api/images before redistribution,2026-09-13,Leonin Abunas
c81c1284-9ab4-4a59-ab98-5b4871498447.jpg,tcg_identifier,train,magic_the_gathering,magic_the_gathering,scryfall:c81c1284-9ab4-4a59-ab98-5b4871498447,Scryfall API — verify scryfall.com/docs/api/images before redistribution,2026-09-13,Supply // Demand
c9a8cc61-7e36-4df7-9c89-c32fce129c5a.jpg,tcg_identifier,train,magic_the_gathering,magic_the_gathering,scryfall:c9a8cc61-7e36-4df7-9c89-c32fce129c5a,Scryfall API — verify scryfall.com/docs/api/images before redistribution,2026-09-13,Arid Mesa
cacb205f-f57d-4275-8efe-0943b84408e7.jpg,tcg_identifier,train,magic_the_gathering,magic_the_gathering,scryfall:cacb205f-f57d-4275-8efe-0943b84408e7,Scryfall API — verify scryfall.com/docs/api/images before redistribution,2026-09-13,Goblin Sledder
caf28377-d831-4100-9843-d9f5db019791.jpg,tcg_identifier,train,magic_the_gathering,magic_the_gathering,scryfall:caf28377-d831-4100-9843-d9f5db019791,Scryfall API — verify scryfall.com/docs/api/images before redistribution,2026-09-13,"Tatsunari, Toad Rider // Tatsunari, Toad Rider"
cbbdae80-1481-4a8c-b3c3-f4224204d29d.jpg,tcg_identifier,train,magic_the_gathering,magic_the_gathering,scryfall:cbbdae80-1481-4a8c-b3c3-f4224204d29d,Scryfall API — verify scryfall.com/docs/api/images before redistribution,2026-09-13,"Thryx, the Sudden Storm"
cc80010d-f02a-4bd2-a36a-d17abbe922a0.jpg,tcg_identifier,train,magic_the_gathering,magic_the_gathering,scryfall:cc80010d-f02a-4bd2-a36a-d17abbe922a0,Scryfall API — verify scryfall.com/docs/api/images before redistribution,2026-09-13,Burnished Hart
cec42176-cf5b-44b7-801a-2550a065692b.jpg,tcg_identifier,train,magic_the_gathering,magic_the_gathering,scryfall:cec42176-cf5b-44b7-801a-2550a065692b,Scryfall API — verify scryfall.com/docs/api/images before redistribution,2026-09-13,Savior of Ollenbock
d0e10439-1421-4c06-9aab-f6f6fec7ad02.jpg,tcg_identifier,train,magic_the_gathering,magic_the_gathering,scryfall:d0e10439-1421-4c06-9aab-f6f6fec7ad02,Scryfall API — verify scryfall.com/docs/api/images before redistribution,2026-09-13,Highland Lake
d0e5cbd4-401b-4456-80bf-d90beadfd1f8.jpg,tcg_identifier,train,magic_the_gathering,magic_the_gathering,scryfall:d0e5cbd4-401b-4456-80bf-d90beadfd1f8,Scryfall API — verify scryfall.com/docs/api/images before redistribution,2026-09-13,Summon: G.F. Cerberus
d0e9b42b-1f5d-4aae-8b91-6fb1b302aff6.jpg,tcg_identifier,train,magic_the_gathering,magic_the_gathering,scryfall:d0e9b42b-1f5d-4aae-8b91-6fb1b302aff6,Scryfall API — verify scryfall.com/docs/api/images before redistribution,2026-09-13,Lurking Crocodile
d1d81f83-29a7-46b3-95e6-4053a6fa4c7f.jpg,tcg_identifier,train,magic_the_gathering,magic_the_gathering,scryfall:d1d81f83-29a7-46b3-95e6-4053a6fa4c7f,Scryfall API — verify scryfall.com/docs/api/images before redistribution,2026-09-13,Dawn of a New Age
d22231f5-30af-4f46-b2c9-0b71124c6939.jpg,tcg_identifier,train,magic_the_gathering,magic_the_gathering,scryfall:d22231f5-30af-4f46-b2c9-0b71124c6939,Scryfall API — verify scryfall.com/docs/api/images before redistribution,2026-09-13,Royal Decree
d2731103-47ef-41d3-bf5f-5773b60c7948.jpg,tcg_identifier,train,magic_the_gathering,magic_the_gathering,scryfall:d2731103-47ef-41d3-bf5f-5773b60c7948,Scryfall API — verify scryfall.com/docs/api/images before redistribution,2026-09-13,Path of Ancestry
d28ca3ab-9e44-489d-9882-3deccd41f390.jpg,tcg_identifier,train,magic_the_gathering,magic_the_gathering,scryfall:d28ca3ab-9e44-489d-9882-3deccd41f390,Scryfall API — verify scryfall.com/docs/api/images before redistribution,2026-09-13,Thornbow Archer
d2ab6949-a0fc-4fe5-ae64-53b53914f34c.jpg,tcg_identifier,train,magic_the_gathering,magic_the_gathering,scryfall:d2ab6949-a0fc-4fe5-ae64-53b53914f34c,Scryfall API — verify scryfall.com/docs/api/images before redistribution,2026-09-13,Profane Command
d507daa3-3f16-4ab1-81ea-794e5bb488fc.jpg,tcg_identifier,train,magic_the_gathering,magic_the_gathering,scryfall:d507daa3-3f16-4ab1-81ea-794e5bb488fc,Scryfall API — verify scryfall.com/docs/api/images before redistribution,2026-09-13,Mirror Box
d92ef517-2417-43a2-8b1a-0673d1531c65.jpg,tcg_identifier,train,magic_the_gathering,magic_the_gathering,scryfall:d92ef517-2417-43a2-8b1a-0673d1531c65,Scryfall API — verify scryfall.com/docs/api/images before redistribution,2026-09-13,Plains
dbfe710f-5e92-4be9-9f2f-363af767a91e.jpg,tcg_identifier,train,magic_the_gathering,magic_the_gathering,scryfall:dbfe710f-5e92-4be9-9f2f-363af767a91e,Scryfall API — verify scryfall.com/docs/api/images before redistribution,2026-09-13,Boompile
dc20b710-6d09-4080-acd5-e88ad98460a9.jpg,tcg_identifier,train,magic_the_gathering,magic_the_gathering,scryfall:dc20b710-6d09-4080-acd5-e88ad98460a9,Scryfall API — verify scryfall.com/docs/api/images before redistribution,2026-09-13,Guardian Zendikon
dcde5f27-e2f0-4d2a-afa3-f300896ec4b1.jpg,tcg_identifier,train,magic_the_gathering,magic_the_gathering,scryfall:dcde5f27-e2f0-4d2a-afa3-f300896ec4b1,Scryfall API — verify scryfall.com/docs/api/images before redistribution,2026-09-13,Archenemy's Charm
dd577961-a0f4-4434-8e26-46f050e5e650.jpg,tcg_identifier,train,magic_the_gathering,magic_the_gathering,scryfall:dd577961-a0f4-4434-8e26-46f050e5e650,Scryfall API — verify scryfall.com/docs/api/images before redistribution,2026-09-13,Scheming Symmetry
de149bae-dd71-4a27-a975-4d0fbc646ee4.jpg,tcg_identifier,train,magic_the_gathering,magic_the_gathering,scryfall:de149bae-dd71-4a27-a975-4d0fbc646ee4,Scryfall API — verify scryfall.com/docs/api/images before redistribution,2026-09-13,Faithful Pikemaster
e0d88029-2569-461b-a57d-1af10673f4cf.jpg,tcg_identifier,train,magic_the_gathering,magic_the_gathering,scryfall:e0d88029-2569-461b-a57d-1af10673f4cf,Scryfall API — verify scryfall.com/docs/api/images before redistribution,2026-09-13,Chrome Mox
e0e446bd-8295-4fca-957a-e4710a15d8e8.jpg,tcg_identifier,train,magic_the_gathering,magic_the_gathering,scryfall:e0e446bd-8295-4fca-957a-e4710a15d8e8,Scryfall API — verify scryfall.com/docs/api/images before redistribution,2026-09-13,"Sharkey, Tyrant of the Shire"
e9e405d7-5282-4b90-b57f-87ce3eff5f4e.jpg,tcg_identifier,train,magic_the_gathering,magic_the_gathering,scryfall:e9e405d7-5282-4b90-b57f-87ce3eff5f4e,Scryfall API — verify scryfall.com/docs/api/images before redistribution,2026-09-13,The Legend of Kuruk // Avatar Kuruk
ea338499-26a0-44e5-8999-f264644184d1.jpg,tcg_identifier,train,magic_the_gathering,magic_the_gathering,scryfall:ea338499-26a0-44e5-8999-f264644184d1,Scryfall API — verify scryfall.com/docs/api/images before redistribution,2026-09-13,Heedless One
eb10bac7-f839-4a28-9a85-b7e8d98ca010.jpg,tcg_identifier,train,magic_the_gathering,magic_the_gathering,scryfall:eb10bac7-f839-4a28-9a85-b7e8d98ca010,Scryfall API — verify scryfall.com/docs/api/images before redistribution,2026-09-13,Swamp
ebbd37bc-1df2-49b3-87e1-603ca5cf0707.jpg,tcg_identifier,train,magic_the_gathering,magic_the_gathering,scryfall:ebbd37bc-1df2-49b3-87e1-603ca5cf0707,Scryfall API — verify scryfall.com/docs/api/images before redistribution,2026-09-13,Harmonize
ebd53bd4-4809-490b-8eec-b85091425c65.jpg,tcg_identifier,train,magic_the_gathering,magic_the_gathering,scryfall:ebd53bd4-4809-490b-8eec-b85091425c65,Scryfall API — verify scryfall.com/docs/api/images before redistribution,2026-09-13,Mind Spring
ecfa6c8d-b5b5-4b68-9ad4-c9d8169659d6.jpg,tcg_identifier,train,magic_the_gathering,magic_the_gathering,scryfall:ecfa6c8d-b5b5-4b68-9ad4-c9d8169659d6,Scryfall API — verify scryfall.com/docs/api/images before redistribution,2026-09-13,Into the Wilds
ed7b2361-97c6-49e2-bf0b-4770f4ffe2f0.jpg,tcg_identifier,train,magic_the_gathering,magic_the_gathering,scryfall:ed7b2361-97c6-49e2-bf0b-4770f4ffe2f0,Scryfall API — verify scryfall.com/docs/api/images before redistribution,2026-09-13,"Witherbloom, the Balancer"
ee8c962f-11b0-48f7-bbba-a2212e41990f.jpg,tcg_identifier,train,magic_the_gathering,magic_the_gathering,scryfall:ee8c962f-11b0-48f7-bbba-a2212e41990f,Scryfall API — verify scryfall.com/docs/api/images before redistribution,2026-09-13,Jund Battlemage
efaa37e5-302e-4b4b-bb2d-6a0f9f80cd3f.jpg,tcg_identifier,train,magic_the_gathering,magic_the_gathering,scryfall:efaa37e5-302e-4b4b-bb2d-6a0f9f80cd3f,Scryfall API — verify scryfall.com/docs/api/images before redistribution,2026-09-13,Ogre
f0ac295e-93e4-490b-b8a3-a9794c7f56e4.jpg,tcg_identifier,train,magic_the_gathering,magic_the_gathering,scryfall:f0ac295e-93e4-490b-b8a3-a9794c7f56e4,Scryfall API — verify scryfall.com/docs/api/images before redistribution,2026-09-13,Great Furnace
f0b97772-9490-4db3-b4dd-a87d973680a5.jpg,tcg_identifier,train,magic_the_gathering,magic_the_gathering,scryfall:f0b97772-9490-4db3-b4dd-a87d973680a5,Scryfall API — verify scryfall.com/docs/api/images before redistribution,2026-09-13,Visions of Beyond
f0d098fc-439e-4dfa-a400-50108537fde6.jpg,tcg_identifier,train,magic_the_gathering,magic_the_gathering,scryfall:f0d098fc-439e-4dfa-a400-50108537fde6,Scryfall API — verify scryfall.com/docs/api/images before redistribution,2026-09-13,Taurean Mauler
f1443095-5a89-4cd2-8186-e4bd5a30b66b.jpg,tcg_identifier,train,magic_the_gathering,magic_the_gathering,scryfall:f1443095-5a89-4cd2-8186-e4bd5a30b66b,Scryfall API — verify scryfall.com/docs/api/images before redistribution,2026-09-13,Angelic Blessing
f527010e-d382-4bd5-8de6-0e3898b80deb.jpg,tcg_identifier,train,magic_the_gathering,magic_the_gathering,scryfall:f527010e-d382-4bd5-8de6-0e3898b80deb,Scryfall API — verify scryfall.com/docs/api/images before redistribution,2026-09-13,Mother of Runes
f660d25d-a1d1-444c-8f04-da31a8165499.jpg,tcg_identifier,train,magic_the_gathering,magic_the_gathering,scryfall:f660d25d-a1d1-444c-8f04-da31a8165499,Scryfall API — verify scryfall.com/docs/api/images before redistribution,2026-09-13,Mirrodin's Core
f73fdf76-e3a6-49d0-bfb0-4b7cdbd4271e.jpg,tcg_identifier,train,magic_the_gathering,magic_the_gathering,scryfall:f73fdf76-e3a6-49d0-bfb0-4b7cdbd4271e,Scryfall API — verify scryfall.com/docs/api/images before redistribution,2026-09-13,Xorn
f7e165f1-d016-4f6b-afcd-8711d26f055d.jpg,tcg_identifier,train,magic_the_gathering,magic_the_gathering,scryfall:f7e165f1-d016-4f6b-afcd-8711d26f055d,Scryfall API — verify scryfall.com/docs/api/images before redistribution,2026-09-13,Day of Black Sun
f99b0735-cc3c-48dc-a7ad-b7d9eea45e54.jpg,tcg_identifier,train,magic_the_gathering,magic_the_gathering,scryfall:f99b0735-cc3c-48dc-a7ad-b7d9eea45e54,Scryfall API — verify scryfall.com/docs/api/images before redistribution,2026-09-13,Captivating Vampire
fa15ebf3-7ada-4e86-abc9-85dea83edb8c.jpg,tcg_identifier,train,magic_the_gathering,magic_the_gathering,scryfall:fa15ebf3-7ada-4e86-abc9-85dea83edb8c,Scryfall API — verify scryfall.com/docs/api/images before redistribution,2026-09-13,Clash of the Eikons
fe6a097b-ece7-4838-b47e-5951b40b1e51.jpg,tcg_identifier,train,magic_the_gathering,magic_the_gathering,scryfall:fe6a097b-ece7-4838-b47e-5951b40b1e51,Scryfall API — verify scryfall.com/docs/api/images before redistribution,2026-09-13,Strafe
picsum_108.jpg,tcg_identifier,test,not_a_card,,picsum:108,"Lorem Picsum / Unsplash — Unsplash License, free to use",2026-09-10,Florian Klauer
picsum_110.jpg,tcg_identifier,test,not_a_card,,picsum:110,"Lorem Picsum / Unsplash — Unsplash License, free to use",2026-09-13,Kenneth Thewissen
picsum_123.jpg,tcg_identifier,test,not_a_card,,picsum:123,"Lorem Picsum / Unsplash — Unsplash License, free to use",2026-09-13,Mark Doda
picsum_135.jpg,tcg_identifier,test,not_a_card,,picsum:135,"Lorem Picsum / Unsplash — Unsplash License, free to use",2026-09-10,Yuriy Khimanin
picsum_136.jpg,tcg_identifier,test,not_a_card,,picsum:136,"Lorem Picsum / Unsplash — Unsplash License, free to use",2026-09-13,Marcin Czerwinski
picsum_14.jpg,tcg_identifier,test,not_a_card,,picsum:14,"Lorem Picsum / Unsplash — Unsplash License, free to use",2026-09-10,Paul Jarvis
picsum_141.jpg,tcg_identifier,test,not_a_card,,picsum:141,"Lorem Picsum / Unsplash — Unsplash License, free to use",2026-09-10,Greg Shield
picsum_142.jpg,tcg_identifier,test,not_a_card,,picsum:142,"Lorem Picsum / Unsplash — Unsplash License, free to use",2026-09-10,Vadim Sherbakov
picsum_160.jpg,tcg_identifier,test,not_a_card,,picsum:160,"Lorem Picsum / Unsplash — Unsplash License, free to use",2026-09-13,Thom
picsum_164.jpg,tcg_identifier,test,not_a_card,,picsum:164,"Lorem Picsum / Unsplash — Unsplash License, free to use",2026-09-13,Linh Nguyen
picsum_185.jpg,tcg_identifier,test,not_a_card,,picsum:185,"Lorem Picsum / Unsplash — Unsplash License, free to use",2026-09-10,Tim de Groot
picsum_189.jpg,tcg_identifier,test,not_a_card,,picsum:189,"Lorem Picsum / Unsplash — Unsplash License, free to use",2026-09-13,Buzo Jesús
picsum_190.jpg,tcg_identifier,test,not_a_card,,picsum:190,"Lorem Picsum / Unsplash — Unsplash License, free to use",2026-09-10,James Forbes
picsum_2.jpg,tcg_identifier,test,not_a_card,,picsum:2,"Lorem Picsum / Unsplash — Unsplash License, free to use",2026-09-13,Alejandro Escamilla
picsum_20.jpg,tcg_identifier,test,not_a_card,,picsum:20,"Lorem Picsum / Unsplash — Unsplash License, free to use",2026-09-13,Aleks Dorohovich
picsum_22.jpg,tcg_identifier,test,not_a_card,,picsum:22,"Lorem Picsum / Unsplash — Unsplash License, free to use",2026-09-13,Alejandro Escamilla
picsum_220.jpg,tcg_identifier,test,not_a_card,,picsum:220,"Lorem Picsum / Unsplash — Unsplash License, free to use",2026-09-10,Robin Röcker
picsum_228.jpg,tcg_identifier,test,not_a_card,,picsum:228,"Lorem Picsum / Unsplash — Unsplash License, free to use",2026-09-13,Michal Kubicek
picsum_231.jpg,tcg_identifier,test,not_a_card,,picsum:231,"Lorem Picsum / Unsplash — Unsplash License, free to use",2026-09-10,Aleksandra Boguslawska
picsum_237.jpg,tcg_identifier,test,not_a_card,,picsum:237,"Lorem Picsum / Unsplash — Unsplash License, free to use",2026-09-10,André Spieker
picsum_240.jpg,tcg_identifier,test,not_a_card,,picsum:240,"Lorem Picsum / Unsplash — Unsplash License, free to use",2026-09-13,Elisabetta Foco
picsum_259.jpg,tcg_identifier,test,not_a_card,,picsum:259,"Lorem Picsum / Unsplash — Unsplash License, free to use",2026-09-10,Namphuong Van
picsum_26.jpg,tcg_identifier,test,not_a_card,,picsum:26,"Lorem Picsum / Unsplash — Unsplash License, free to use",2026-09-13,Vadim Sherbakov
picsum_271.jpg,tcg_identifier,test,not_a_card,,picsum:271,"Lorem Picsum / Unsplash — Unsplash License, free to use",2026-09-13,Fré Sonneveld
picsum_279.jpg,tcg_identifier,test,not_a_card,,picsum:279,"Lorem Picsum / Unsplash — Unsplash License, free to use",2026-09-10,Taylor Leopold
picsum_292.jpg,tcg_identifier,test,not_a_card,,picsum:292,"Lorem Picsum / Unsplash — Unsplash License, free to use",2026-09-10,Webvilla
picsum_302.jpg,tcg_identifier,test,not_a_card,,picsum:302,"Lorem Picsum / Unsplash — Unsplash License, free to use",2026-09-10,Billy Lam
picsum_305.jpg,tcg_identifier,test,not_a_card,,picsum:305,"Lorem Picsum / Unsplash — Unsplash License, free to use",2026-09-13,Dominik Martin
picsum_308.jpg,tcg_identifier,test,not_a_card,,picsum:308,"Lorem Picsum / Unsplash — Unsplash License, free to use",2026-09-13,Charles L.
picsum_320.jpg,tcg_identifier,test,not_a_card,,picsum:320,"Lorem Picsum / Unsplash — Unsplash License, free to use",2026-09-13,Danka & Peter
picsum_33.jpg,tcg_identifier,test,not_a_card,,picsum:33,"Lorem Picsum / Unsplash — Unsplash License, free to use",2026-09-10,Alejandro Escamilla
picsum_338.jpg,tcg_identifier,test,not_a_card,,picsum:338,"Lorem Picsum / Unsplash — Unsplash License, free to use",2026-09-13,Patryk Sobczak
picsum_344.jpg,tcg_identifier,test,not_a_card,,picsum:344,"Lorem Picsum / Unsplash — Unsplash License, free to use",2026-09-10,Alex Gindin
picsum_356.jpg,tcg_identifier,test,not_a_card,,picsum:356,"Lorem Picsum / Unsplash — Unsplash License, free to use",2026-09-13,Daniel Ruswick
picsum_360.jpg,tcg_identifier,test,not_a_card,,picsum:360,"Lorem Picsum / Unsplash — Unsplash License, free to use",2026-09-13,Cas Cornelissen
picsum_392.jpg,tcg_identifier,test,not_a_card,,picsum:392,"Lorem Picsum / Unsplash — Unsplash License, free to use",2026-09-13,Chris Brignola
picsum_397.jpg,tcg_identifier,test,not_a_card,,picsum:397,"Lorem Picsum / Unsplash — Unsplash License, free to use",2026-09-10,Jonas Lavoie-Levesque
picsum_419.jpg,tcg_identifier,test,not_a_card,,picsum:419,"Lorem Picsum / Unsplash — Unsplash License, free to use",2026-09-10,POR7O
picsum_424.jpg,tcg_identifier,test,not_a_card,,picsum:424,"Lorem Picsum / Unsplash — Unsplash License, free to use",2026-09-10,Stephy Pariande
picsum_442.jpg,tcg_identifier,test,not_a_card,,picsum:442,"Lorem Picsum / Unsplash — Unsplash License, free to use",2026-09-10,Sylwia Bartyzel
picsum_444.jpg,tcg_identifier,test,not_a_card,,picsum:444,"Lorem Picsum / Unsplash — Unsplash License, free to use",2026-09-10,Patrik Göthe
picsum_446.jpg,tcg_identifier,test,not_a_card,,picsum:446,"Lorem Picsum / Unsplash — Unsplash License, free to use",2026-09-10,Jacob Walti
picsum_449.jpg,tcg_identifier,test,not_a_card,,picsum:449,"Lorem Picsum / Unsplash — Unsplash License, free to use",2026-09-10,Maciej Serafinowicz
picsum_451.jpg,tcg_identifier,test,not_a_card,,picsum:451,"Lorem Picsum / Unsplash — Unsplash License, free to use",2026-09-13,Steven Lewis
picsum_461.jpg,tcg_identifier,test,not_a_card,,picsum:461,"Lorem Picsum / Unsplash — Unsplash License, free to use",2026-09-13,Joren Frielink
picsum_477.jpg,tcg_identifier,test,not_a_card,,picsum:477,"Lorem Picsum / Unsplash — Unsplash License, free to use",2026-09-10,Jasper van der Meij
picsum_486.jpg,tcg_identifier,test,not_a_card,,picsum:486,"Lorem Picsum / Unsplash — Unsplash License, free to use",2026-09-13,Florian Klauer
picsum_491.jpg,tcg_identifier,test,not_a_card,,picsum:491,"Lorem Picsum / Unsplash — Unsplash License, free to use",2026-09-13,Todd Quackenbush
picsum_492.jpg,tcg_identifier,test,not_a_card,,picsum:492,"Lorem Picsum / Unsplash — Unsplash License, free to use",2026-09-10,Jason Long
picsum_503.jpg,tcg_identifier,test,not_a_card,,picsum:503,"Lorem Picsum / Unsplash — Unsplash License, free to use",2026-09-13,Ramiro Checchi
picsum_508.jpg,tcg_identifier,test,not_a_card,,picsum:508,"Lorem Picsum / Unsplash — Unsplash License, free to use",2026-09-13,Jeff Sheldon
picsum_51.jpg,tcg_identifier,test,not_a_card,,picsum:51,"Lorem Picsum / Unsplash — Unsplash License, free to use",2026-09-13,Ireneuilia
picsum_521.jpg,tcg_identifier,test,not_a_card,,picsum:521,"Lorem Picsum / Unsplash — Unsplash License, free to use",2026-09-13,Christian Holzinger
picsum_533.jpg,tcg_identifier,test,not_a_card,,picsum:533,"Lorem Picsum / Unsplash — Unsplash License, free to use",2026-09-10,Jeff Sheldon
picsum_548.jpg,tcg_identifier,test,not_a_card,,picsum:548,"Lorem Picsum / Unsplash — Unsplash License, free to use",2026-09-10,Joshua Earle
picsum_63.jpg,tcg_identifier,test,not_a_card,,picsum:63,"Lorem Picsum / Unsplash — Unsplash License, free to use",2026-09-10,Justin Leibow
picsum_640.jpg,tcg_identifier,test,not_a_card,,picsum:640,"Lorem Picsum / Unsplash — Unsplash License, free to use",2026-09-13,Sarah Bürvenich
picsum_72.jpg,tcg_identifier,test,not_a_card,,picsum:72,"Lorem Picsum / Unsplash — Unsplash License, free to use",2026-09-13,Tyler Finck
picsum_74.jpg,tcg_identifier,test,not_a_card,,picsum:74,"Lorem Picsum / Unsplash — Unsplash License, free to use",2026-09-10,Isaak Dury
picsum_93.jpg,tcg_identifier,test,not_a_card,,picsum:93,"Lorem Picsum / Unsplash — Unsplash License, free to use",2026-09-13,Caroline Sada
picsum_102.jpg,tcg_identifier,train,not_a_card,,picsum:102,"Lorem Picsum / Unsplash — Unsplash License, free to use",2026-09-13,Ben Moore
picsum_109.jpg,tcg_identifier,train,not_a_card,,picsum:109,"Lorem Picsum / Unsplash — Unsplash License, free to use",2026-09-10,Zwaddi
picsum_11.jpg,tcg_identifier,train,not_a_card,,picsum:11,"Lorem Picsum / Unsplash — Unsplash License, free to use",2026-09-13,Paul Jarvis
picsum_113.jpg,tcg_identifier,train,not_a_card,,picsum:113,"Lorem Picsum / Unsplash — Unsplash License, free to use",2026-09-10,Zugr
picsum_114.jpg,tcg_identifier,train,not_a_card,,picsum:114,"Lorem Picsum / Unsplash — Unsplash License, free to use",2026-09-13,Brian Gonzalez
picsum_116.jpg,tcg_identifier,train,not_a_card,,picsum:116,"Lorem Picsum / Unsplash — Unsplash License, free to use",2026-09-10,Anton Sulsky
picsum_119.jpg,tcg_identifier,train,not_a_card,,picsum:119,"Lorem Picsum / Unsplash — Unsplash License, free to use",2026-09-10,Nadir Balcikli
picsum_12.jpg,tcg_identifier,train,not_a_card,,picsum:12,"Lorem Picsum / Unsplash — Unsplash License, free to use",2026-09-10,Paul Jarvis
picsum_121.jpg,tcg_identifier,train,not_a_card,,picsum:121,"Lorem Picsum / Unsplash — Unsplash License, free to use",2026-09-10,Radio Pink
picsum_122.jpg,tcg_identifier,train,not_a_card,,picsum:122,"Lorem Picsum / Unsplash — Unsplash License, free to use",2026-09-10,Vadim Sherbakov
picsum_128.jpg,tcg_identifier,train,not_a_card,,picsum:128,"Lorem Picsum / Unsplash — Unsplash License, free to use",2026-09-13,Matteo Minelli
picsum_13.jpg,tcg_identifier,train,not_a_card,,picsum:13,"Lorem Picsum / Unsplash — Unsplash License, free to use",2026-09-10,Paul Jarvis
picsum_132.jpg,tcg_identifier,train,not_a_card,,picsum:132,"Lorem Picsum / Unsplash — Unsplash License, free to use",2026-09-10,Peter Besser
picsum_133.jpg,tcg_identifier,train,not_a_card,,picsum:133,"Lorem Picsum / Unsplash — Unsplash License, free to use",2026-09-10,Dietmar Becker
picsum_134.jpg,tcg_identifier,train,not_a_card,,picsum:134,"Lorem Picsum / Unsplash — Unsplash License, free to use",2026-09-13,Charlie Foster
picsum_143.jpg,tcg_identifier,train,not_a_card,,picsum:143,"Lorem Picsum / Unsplash — Unsplash License, free to use",2026-09-13,Steve Richey
picsum_144.jpg,tcg_identifier,train,not_a_card,,picsum:144,"Lorem Picsum / Unsplash — Unsplash License, free to use",2026-09-10,Mouly Kumar
picsum_145.jpg,tcg_identifier,train,not_a_card,,picsum:145,"Lorem Picsum / Unsplash — Unsplash License, free to use",2026-09-13,Lucas Boesche
picsum_147.jpg,tcg_identifier,train,not_a_card,,picsum:147,"Lorem Picsum / Unsplash — Unsplash License, free to use",2026-09-13,Kundan Ramisetti
picsum_149.jpg,tcg_identifier,train,not_a_card,,picsum:149,"Lorem Picsum / Unsplash — Unsplash License, free to use",2026-09-13,Guillaume
picsum_15.jpg,tcg_identifier,train,not_a_card,,picsum:15,"Lorem Picsum / Unsplash — Unsplash License, free to use",2026-09-13,Paul Jarvis
picsum_151.jpg,tcg_identifier,train,not_a_card,,picsum:151,"Lorem Picsum / Unsplash — Unsplash License, free to use",2026-09-13,Edoardo Loru
picsum_153.jpg,tcg_identifier,train,not_a_card,,picsum:153,"Lorem Picsum / Unsplash — Unsplash License, free to use",2026-09-10,Charlie Foster
picsum_154.jpg,tcg_identifier,train,not_a_card,,picsum:154,"Lorem Picsum / Unsplash — Unsplash License, free to use",2026-09-10,Christopher Sardegna
picsum_155.jpg,tcg_identifier,train,not_a_card,,picsum:155,"Lorem Picsum / Unsplash — Unsplash License, free to use",2026-09-10,Christopher Sardegna
picsum_157.jpg,tcg_identifier,train,not_a_card,,picsum:157,"Lorem Picsum / Unsplash — Unsplash License, free to use",2026-09-10,koichi nakajima
picsum_159.jpg,tcg_identifier,train,not_a_card,,picsum:159,"Lorem Picsum / Unsplash — Unsplash License, free to use",2026-09-13,Shyamanta Baruah
picsum_161.jpg,tcg_identifier,train,not_a_card,,picsum:161,"Lorem Picsum / Unsplash — Unsplash License, free to use",2026-09-10,Chloe Benko-Prieur
picsum_162.jpg,tcg_identifier,train,not_a_card,,picsum:162,"Lorem Picsum / Unsplash — Unsplash License, free to use",2026-09-13,Dillon McIntosh
picsum_166.jpg,tcg_identifier,train,not_a_card,,picsum:166,"Lorem Picsum / Unsplash — Unsplash License, free to use",2026-09-13,Romain Briaux
picsum_167.jpg,tcg_identifier,train,not_a_card,,picsum:167,"Lorem Picsum / Unsplash — Unsplash License, free to use",2026-09-13,petradr
picsum_168.jpg,tcg_identifier,train,not_a_card,,picsum:168,"Lorem Picsum / Unsplash — Unsplash License, free to use",2026-09-10,Joeri Römer
picsum_17.jpg,tcg_identifier,train,not_a_card,,picsum:17,"Lorem Picsum / Unsplash — Unsplash License, free to use",2026-09-10,Paul Jarvis
picsum_170.jpg,tcg_identifier,train,not_a_card,,picsum:170,"Lorem Picsum / Unsplash — Unsplash License, free to use",2026-09-10,Noel Lopez
picsum_174.jpg,tcg_identifier,train,not_a_card,,picsum:174,"Lorem Picsum / Unsplash — Unsplash License, free to use",2026-09-13,Linh Nguyen
picsum_176.jpg,tcg_identifier,train,not_a_card,,picsum:176,"Lorem Picsum / Unsplash — Unsplash License, free to use",2026-09-13,Good Free Photos
picsum_177.jpg,tcg_identifier,train,not_a_card,,picsum:177,"Lorem Picsum / Unsplash — Unsplash License, free to use",2026-09-10,Danka & Peter
picsum_178.jpg,tcg_identifier,train,not_a_card,,picsum:178,"Lorem Picsum / Unsplash — Unsplash License, free to use",2026-09-10,Thanun Buranapong
picsum_18.jpg,tcg_identifier,train,not_a_card,,picsum:18,"Lorem Picsum / Unsplash — Unsplash License, free to use",2026-09-13,Paul Jarvis
picsum_182.jpg,tcg_identifier,train,not_a_card,,picsum:182,"Lorem Picsum / Unsplash — Unsplash License, free to use",2026-09-10,Andrea Boldizsar
picsum_183.jpg,tcg_identifier,train,not_a_card,,picsum:183,"Lorem Picsum / Unsplash — Unsplash License, free to use",2026-09-10,müllermarc
picsum_184.jpg,tcg_identifier,train,not_a_card,,picsum:184,"Lorem Picsum / Unsplash — Unsplash License, free to use",2026-09-13,Tim de Groot
picsum_186.jpg,tcg_identifier,train,not_a_card,,picsum:186,"Lorem Picsum / Unsplash — Unsplash License, free to use",2026-09-10,Simon Pape
picsum_188.jpg,tcg_identifier,train,not_a_card,,picsum:188,"Lorem Picsum / Unsplash — Unsplash License, free to use",2026-09-13,Wojtek Witkowski
picsum_19.jpg,tcg_identifier,train,not_a_card,,picsum:19,"Lorem Picsum / Unsplash — Unsplash License, free to use",2026-09-13,Paul Jarvis
picsum_192.jpg,tcg_identifier,train,not_a_card,,picsum:192,"Lorem Picsum / Unsplash — Unsplash License, free to use",2026-09-13,Adam Przewoski
picsum_193.jpg,tcg_identifier,train,not_a_card,,picsum:193,"Lorem Picsum / Unsplash — Unsplash License, free to use",2026-09-13,Vadim Sherbakov
picsum_194.jpg,tcg_identifier,train,not_a_card,,picsum:194,"Lorem Picsum / Unsplash — Unsplash License, free to use",2026-09-10,Aleksi Tappura
picsum_195.jpg,tcg_identifier,train,not_a_card,,picsum:195,"Lorem Picsum / Unsplash — Unsplash License, free to use",2026-09-13,Matthew Skinner
picsum_196.jpg,tcg_identifier,train,not_a_card,,picsum:196,"Lorem Picsum / Unsplash — Unsplash License, free to use",2026-09-10,Dyaa Eldin Moustafa
picsum_198.jpg,tcg_identifier,train,not_a_card,,picsum:198,"Lorem Picsum / Unsplash — Unsplash License, free to use",2026-09-10,Sylwia Bartyzel
picsum_199.jpg,tcg_identifier,train,not_a_card,,picsum:199,"Lorem Picsum / Unsplash — Unsplash License, free to use",2026-09-10,Beto Galetto
picsum_204.jpg,tcg_identifier,train,not_a_card,,picsum:204,"Lorem Picsum / Unsplash — Unsplash License, free to use",2026-09-10,Tiago Gerken
picsum_208.jpg,tcg_identifier,train,not_a_card,,picsum:208,"Lorem Picsum / Unsplash — Unsplash License, free to use",2026-09-10,Martin Wessely
picsum_209.jpg,tcg_identifier,train,not_a_card,,picsum:209,"Lorem Picsum / Unsplash — Unsplash License, free to use",2026-09-10,Martin Wessely
picsum_21.jpg,tcg_identifier,train,not_a_card,,picsum:21,"Lorem Picsum / Unsplash — Unsplash License, free to use",2026-09-13,Alejandro Escamilla
picsum_210.jpg,tcg_identifier,train,not_a_card,,picsum:210,"Lorem Picsum / Unsplash — Unsplash License, free to use",2026-09-13,Martin Wessely
picsum_215.jpg,tcg_identifier,train,not_a_card,,picsum:215,"Lorem Picsum / Unsplash — Unsplash License, free to use",2026-09-10,Paula Borowska
picsum_217.jpg,tcg_identifier,train,not_a_card,,picsum:217,"Lorem Picsum / Unsplash — Unsplash License, free to use",2026-09-10,Tom Butler
picsum_219.jpg,tcg_identifier,train,not_a_card,,picsum:219,"Lorem Picsum / Unsplash — Unsplash License, free to use",2026-09-10,Martyn Seddon
picsum_221.jpg,tcg_identifier,train,not_a_card,,picsum:221,"Lorem Picsum / Unsplash — Unsplash License, free to use",2026-09-10,Todd Quackenbush
picsum_223.jpg,tcg_identifier,train,not_a_card,,picsum:223,"Lorem Picsum / Unsplash — Unsplash License, free to use",2026-09-10,Maria Carrasco
picsum_23.jpg,tcg_identifier,train,not_a_card,,picsum:23,"Lorem Picsum / Unsplash — Unsplash License, free to use",2026-09-10,Alejandro Escamilla
picsum_247.jpg,tcg_identifier,train,not_a_card,,picsum:247,"Lorem Picsum / Unsplash — Unsplash License, free to use",2026-09-13,Georgia Dixon
picsum_249.jpg,tcg_identifier,train,not_a_card,,picsum:249,"Lorem Picsum / Unsplash — Unsplash License, free to use",2026-09-10,Anders Jildén
picsum_252.jpg,tcg_identifier,train,not_a_card,,picsum:252,"Lorem Picsum / Unsplash — Unsplash License, free to use",2026-09-10,Florian Klauer
picsum_253.jpg,tcg_identifier,train,not_a_card,,picsum:253,"Lorem Picsum / Unsplash — Unsplash License, free to use",2026-09-10,Bartosz Bąk
picsum_256.jpg,tcg_identifier,train,not_a_card,,picsum:256,"Lorem Picsum / Unsplash — Unsplash License, free to use",2026-09-13,Sylwia Bartyzel
picsum_257.jpg,tcg_identifier,train,not_a_card,,picsum:257,"Lorem Picsum / Unsplash — Unsplash License, free to use",2026-09-13,Emanuele Pinna
picsum_261.jpg,tcg_identifier,train,not_a_card,,picsum:261,"Lorem Picsum / Unsplash — Unsplash License, free to use",2026-09-10,Fabio Rose
picsum_264.jpg,tcg_identifier,train,not_a_card,,picsum:264,"Lorem Picsum / Unsplash — Unsplash License, free to use",2026-09-10,Jon Phillips
picsum_266.jpg,tcg_identifier,train,not_a_card,,picsum:266,"Lorem Picsum / Unsplash — Unsplash License, free to use",2026-09-13,John Maravelakis
picsum_267.jpg,tcg_identifier,train,not_a_card,,picsum:267,"Lorem Picsum / Unsplash — Unsplash License, free to use",2026-09-13,Robin Benad
picsum_268.jpg,tcg_identifier,train,not_a_card,,picsum:268,"Lorem Picsum / Unsplash — Unsplash License, free to use",2026-09-13,davide ragusa
picsum_270.jpg,tcg_identifier,train,not_a_card,,picsum:270,"Lorem Picsum / Unsplash — Unsplash License, free to use",2026-09-13,Victoria Alexander
picsum_274.jpg,tcg_identifier,train,not_a_card,,picsum:274,"Lorem Picsum / Unsplash — Unsplash License, free to use",2026-09-10,Wojtek Witkowski
picsum_275.jpg,tcg_identifier,train,not_a_card,,picsum:275,"Lorem Picsum / Unsplash — Unsplash License, free to use",2026-09-10,davide ragusa
picsum_278.jpg,tcg_identifier,train,not_a_card,,picsum:278,"Lorem Picsum / Unsplash — Unsplash License, free to use",2026-09-10,Taylor Leopold
picsum_28.jpg,tcg_identifier,train,not_a_card,,picsum:28,"Lorem Picsum / Unsplash — Unsplash License, free to use",2026-09-10,Jerry Adney
picsum_280.jpg,tcg_identifier,train,not_a_card,,picsum:280,"Lorem Picsum / Unsplash — Unsplash License, free to use",2026-09-13,Jay Wennington
picsum_281.jpg,tcg_identifier,train,not_a_card,,picsum:281,"Lorem Picsum / Unsplash — Unsplash License, free to use",2026-09-10,Victor Erixon
picsum_282.jpg,tcg_identifier,train,not_a_card,,picsum:282,"Lorem Picsum / Unsplash — Unsplash License, free to use",2026-09-13,Taylor Leopold
picsum_293.jpg,tcg_identifier,train,not_a_card,,picsum:293,"Lorem Picsum / Unsplash — Unsplash License, free to use",2026-09-13,Paul E. Harrer
picsum_294.jpg,tcg_identifier,train,not_a_card,,picsum:294,"Lorem Picsum / Unsplash — Unsplash License, free to use",2026-09-13,Robin Benad
picsum_295.jpg,tcg_identifier,train,not_a_card,,picsum:295,"Lorem Picsum / Unsplash — Unsplash License, free to use",2026-09-10,Olivia Henry
picsum_297.jpg,tcg_identifier,train,not_a_card,,picsum:297,"Lorem Picsum / Unsplash — Unsplash License, free to use",2026-09-13,André Robillard
picsum_301.jpg,tcg_identifier,train,not_a_card,,picsum:301,"Lorem Picsum / Unsplash — Unsplash License, free to use",2026-09-13,Tirza van Dijk
picsum_306.jpg,tcg_identifier,train,not_a_card,,picsum:306,"Lorem Picsum / Unsplash — Unsplash License, free to use",2026-09-13,Schicka
picsum_310.jpg,tcg_identifier,train,not_a_card,,picsum:310,"Lorem Picsum / Unsplash — Unsplash License, free to use",2026-09-10,Dominik Martin
picsum_311.jpg,tcg_identifier,train,not_a_card,,picsum:311,"Lorem Picsum / Unsplash — Unsplash License, free to use",2026-09-10,Logan Adermatt
picsum_314.jpg,tcg_identifier,train,not_a_card,,picsum:314,"Lorem Picsum / Unsplash — Unsplash License, free to use",2026-09-10,Fré Sonneveld
picsum_319.jpg,tcg_identifier,train,not_a_card,,picsum:319,"Lorem Picsum / Unsplash — Unsplash License, free to use",2026-09-10,Kristian Karlsson
picsum_321.jpg,tcg_identifier,train,not_a_card,,picsum:321,"Lorem Picsum / Unsplash — Unsplash License, free to use",2026-09-13,Björn Simon
picsum_324.jpg,tcg_identifier,train,not_a_card,,picsum:324,"Lorem Picsum / Unsplash — Unsplash License, free to use",2026-09-10,Sonja Langford
picsum_325.jpg,tcg_identifier,train,not_a_card,,picsum:325,"Lorem Picsum / Unsplash — Unsplash License, free to use",2026-09-10,Dominik Martin
picsum_326.jpg,tcg_identifier,train,not_a_card,,picsum:326,"Lorem Picsum / Unsplash — Unsplash License, free to use",2026-09-13,Dominik Martin
picsum_329.jpg,tcg_identifier,train,not_a_card,,picsum:329,"Lorem Picsum / Unsplash — Unsplash License, free to use",2026-09-10,Felipe Santana
picsum_330.jpg,tcg_identifier,train,not_a_card,,picsum:330,"Lorem Picsum / Unsplash — Unsplash License, free to use",2026-09-13,Oisin Conolly
picsum_331.jpg,tcg_identifier,train,not_a_card,,picsum:331,"Lorem Picsum / Unsplash — Unsplash License, free to use",2026-09-13,Thong Vo
picsum_334.jpg,tcg_identifier,train,not_a_card,,picsum:334,"Lorem Picsum / Unsplash — Unsplash License, free to use",2026-09-10,Kimberly Richards
picsum_335.jpg,tcg_identifier,train,not_a_card,,picsum:335,"Lorem Picsum / Unsplash — Unsplash License, free to use",2026-09-10,Danka & Peter
picsum_336.jpg,tcg_identifier,train,not_a_card,,picsum:336,"Lorem Picsum / Unsplash — Unsplash License, free to use",2026-09-13,Sylwia Bartyzel
picsum_337.jpg,tcg_identifier,train,not_a_card,,picsum:337,"Lorem Picsum / Unsplash — Unsplash License, free to use",2026-09-13,Cornelia Büchse
picsum_343.jpg,tcg_identifier,train,not_a_card,,picsum:343,"Lorem Picsum / Unsplash — Unsplash License, free to use",2026-09-13,Jacob Aguilar-Friend
picsum_345.jpg,tcg_identifier,train,not_a_card,,picsum:345,"Lorem Picsum / Unsplash — Unsplash License, free to use",2026-09-13,Mario Calvo
picsum_349.jpg,tcg_identifier,train,not_a_card,,picsum:349,"Lorem Picsum / Unsplash — Unsplash License, free to use",2026-09-10,Caleb George
picsum_351.jpg,tcg_identifier,train,not_a_card,,picsum:351,"Lorem Picsum / Unsplash — Unsplash License, free to use",2026-09-13,Rafael Fabricio
picsum_355.jpg,tcg_identifier,train,not_a_card,,picsum:355,"Lorem Picsum / Unsplash — Unsplash License, free to use",2026-09-10,Mario Calvo
picsum_361.jpg,tcg_identifier,train,not_a_card,,picsum:361,"Lorem Picsum / Unsplash — Unsplash License, free to use",2026-09-10,Lacey Raper
picsum_362.jpg,tcg_identifier,train,not_a_card,,picsum:362,"Lorem Picsum / Unsplash — Unsplash License, free to use",2026-09-13,Ry Van
picsum_366.jpg,tcg_identifier,train,not_a_card,,picsum:366,"Lorem Picsum / Unsplash — Unsplash License, free to use",2026-09-13,Rayi Christian Wicaksono
picsum_367.jpg,tcg_identifier,train,not_a_card,,picsum:367,"Lorem Picsum / Unsplash — Unsplash License, free to use",2026-09-13,James Tarbotton
picsum_368.jpg,tcg_identifier,train,not_a_card,,picsum:368,"Lorem Picsum / Unsplash — Unsplash License, free to use",2026-09-13,Tyssul Patel
picsum_37.jpg,tcg_identifier,train,not_a_card,,picsum:37,"Lorem Picsum / Unsplash — Unsplash License, free to use",2026-09-13,Austin Neill
picsum_376.jpg,tcg_identifier,train,not_a_card,,picsum:376,"Lorem Picsum / Unsplash — Unsplash License, free to use",2026-09-10,Andrew Ruiz
picsum_377.jpg,tcg_identifier,train,not_a_card,,picsum:377,"Lorem Picsum / Unsplash — Unsplash License, free to use",2026-09-10,Martin Staněk
picsum_378.jpg,tcg_identifier,train,not_a_card,,picsum:378,"Lorem Picsum / Unsplash — Unsplash License, free to use",2026-09-10,Charles Forerunner
picsum_382.jpg,tcg_identifier,train,not_a_card,,picsum:382,"Lorem Picsum / Unsplash — Unsplash License, free to use",2026-09-13,RayBay
picsum_385.jpg,tcg_identifier,train,not_a_card,,picsum:385,"Lorem Picsum / Unsplash — Unsplash License, free to use",2026-09-10,Griffin Keller
picsum_387.jpg,tcg_identifier,train,not_a_card,,picsum:387,"Lorem Picsum / Unsplash — Unsplash License, free to use",2026-09-13,Martin Dörsch
picsum_39.jpg,tcg_identifier,train,not_a_card,,picsum:39,"Lorem Picsum / Unsplash — Unsplash License, free to use",2026-09-10,Luke Chesser
picsum_398.jpg,tcg_identifier,train,not_a_card,,picsum:398,"Lorem Picsum / Unsplash — Unsplash License, free to use",2026-09-10,Oscar Nilsson
picsum_4.jpg,tcg_identifier,train,not_a_card,,picsum:4,"Lorem Picsum / Unsplash — Unsplash License, free to use",2026-09-13,Alejandro Escamilla
picsum_400.jpg,tcg_identifier,train,not_a_card,,picsum:400,"Lorem Picsum / Unsplash — Unsplash License, free to use",2026-09-10,John French
picsum_402.jpg,tcg_identifier,train,not_a_card,,picsum:402,"Lorem Picsum / Unsplash — Unsplash License, free to use",2026-09-13,Loudge
picsum_405.jpg,tcg_identifier,train,not_a_card,,picsum:405,"Lorem Picsum / Unsplash — Unsplash License, free to use",2026-09-10,Daniel Robert
picsum_407.jpg,tcg_identifier,train,not_a_card,,picsum:407,"Lorem Picsum / Unsplash — Unsplash License, free to use",2026-09-10,Kelley Bozarth
picsum_41.jpg,tcg_identifier,train,not_a_card,,picsum:41,"Lorem Picsum / Unsplash — Unsplash License, free to use",2026-09-10,Nithya Ramanujam
picsum_413.jpg,tcg_identifier,train,not_a_card,,picsum:413,"Lorem Picsum / Unsplash — Unsplash License, free to use",2026-09-10,Lukasz Szmigiel
picsum_417.jpg,tcg_identifier,train,not_a_card,,picsum:417,"Lorem Picsum / Unsplash — Unsplash License, free to use",2026-09-13,Siddharth Kothari
picsum_418.jpg,tcg_identifier,train,not_a_card,,picsum:418,"Lorem Picsum / Unsplash — Unsplash License, free to use",2026-09-10,Björn Simon
picsum_42.jpg,tcg_identifier,train,not_a_card,,picsum:42,"Lorem Picsum / Unsplash — Unsplash License, free to use",2026-09-10,Luke Chesser
picsum_426.jpg,tcg_identifier,train,not_a_card,,picsum:426,"Lorem Picsum / Unsplash — Unsplash License, free to use",2026-09-10,Ales Krivec
picsum_427.jpg,tcg_identifier,train,not_a_card,,picsum:427,"Lorem Picsum / Unsplash — Unsplash License, free to use",2026-09-10,James Douglas
picsum_431.jpg,tcg_identifier,train,not_a_card,,picsum:431,"Lorem Picsum / Unsplash — Unsplash License, free to use",2026-09-10,Carli Jean
picsum_433.jpg,tcg_identifier,train,not_a_card,,picsum:433,"Lorem Picsum / Unsplash — Unsplash License, free to use",2026-09-10,Thomas Lefebvre
picsum_435.jpg,tcg_identifier,train,not_a_card,,picsum:435,"Lorem Picsum / Unsplash — Unsplash License, free to use",2026-09-13,chancema
picsum_436.jpg,tcg_identifier,train,not_a_card,,picsum:436,"Lorem Picsum / Unsplash — Unsplash License, free to use",2026-09-13,Lucas Theis
picsum_439.jpg,tcg_identifier,train,not_a_card,,picsum:439,"Lorem Picsum / Unsplash — Unsplash License, free to use",2026-09-10,Matthew Wiebe
picsum_441.jpg,tcg_identifier,train,not_a_card,,picsum:441,"Lorem Picsum / Unsplash — Unsplash License, free to use",2026-09-13,David Marcu
picsum_443.jpg,tcg_identifier,train,not_a_card,,picsum:443,"Lorem Picsum / Unsplash — Unsplash License, free to use",2026-09-13,Tim Mossholder
picsum_445.jpg,tcg_identifier,train,not_a_card,,picsum:445,"Lorem Picsum / Unsplash — Unsplash License, free to use",2026-09-13,Aleksi Tappura
picsum_447.jpg,tcg_identifier,train,not_a_card,,picsum:447,"Lorem Picsum / Unsplash — Unsplash License, free to use",2026-09-10,Joshua Earle
picsum_448.jpg,tcg_identifier,train,not_a_card,,picsum:448,"Lorem Picsum / Unsplash — Unsplash License, free to use",2026-09-10,Gabriel Santiago
picsum_45.jpg,tcg_identifier,train,not_a_card,,picsum:45,"Lorem Picsum / Unsplash — Unsplash License, free to use",2026-09-10,Alan Haverty
picsum_450.jpg,tcg_identifier,train,not_a_card,,picsum:450,"Lorem Picsum / Unsplash — Unsplash License, free to use",2026-09-13,Tanvi Malik
picsum_452.jpg,tcg_identifier,train,not_a_card,,picsum:452,"Lorem Picsum / Unsplash — Unsplash License, free to use",2026-09-10,Desi Mendoza
picsum_453.jpg,tcg_identifier,train,not_a_card,,picsum:453,"Lorem Picsum / Unsplash — Unsplash License, free to use",2026-09-13,Gonzalo Poblete
picsum_456.jpg,tcg_identifier,train,not_a_card,,picsum:456,"Lorem Picsum / Unsplash — Unsplash License, free to use",2026-09-10,Matteo Minelli
picsum_458.jpg,tcg_identifier,train,not_a_card,,picsum:458,"Lorem Picsum / Unsplash — Unsplash License, free to use",2026-09-13,Charles S.
picsum_460.jpg,tcg_identifier,train,not_a_card,,picsum:460,"Lorem Picsum / Unsplash — Unsplash License, free to use",2026-09-13,mr.lee
picsum_465.jpg,tcg_identifier,train,not_a_card,,picsum:465,"Lorem Picsum / Unsplash — Unsplash License, free to use",2026-09-13,Paula Vermeulen
picsum_466.jpg,tcg_identifier,train,not_a_card,,picsum:466,"Lorem Picsum / Unsplash — Unsplash License, free to use",2026-09-10,Caleb George
picsum_468.jpg,tcg_identifier,train,not_a_card,,picsum:468,"Lorem Picsum / Unsplash — Unsplash License, free to use",2026-09-13,Silvestri Matteo
picsum_469.jpg,tcg_identifier,train,not_a_card,,picsum:469,"Lorem Picsum / Unsplash — Unsplash License, free to use",2026-09-10,Matthew Clark
picsum_471.jpg,tcg_identifier,train,not_a_card,,picsum:471,"Lorem Picsum / Unsplash — Unsplash License, free to use",2026-09-10,Brownie
picsum_472.jpg,tcg_identifier,train,not_a_card,,picsum:472,"Lorem Picsum / Unsplash — Unsplash License, free to use",2026-09-10,Dustin Scarpitti
picsum_474.jpg,tcg_identifier,train,not_a_card,,picsum:474,"Lorem Picsum / Unsplash — Unsplash License, free to use",2026-09-10,Casey Fyfe
picsum_475.jpg,tcg_identifier,train,not_a_card,,picsum:475,"Lorem Picsum / Unsplash — Unsplash License, free to use",2026-09-10,Casey Fyfe
picsum_479.jpg,tcg_identifier,train,not_a_card,,picsum:479,"Lorem Picsum / Unsplash — Unsplash License, free to use",2026-09-10,Parker Gibbs
picsum_480.jpg,tcg_identifier,train,not_a_card,,picsum:480,"Lorem Picsum / Unsplash — Unsplash License, free to use",2026-09-10,Drew Geraets
picsum_483.jpg,tcg_identifier,train,not_a_card,,picsum:483,"Lorem Picsum / Unsplash — Unsplash License, free to use",2026-09-13,Paulo Simões Mendes
picsum_488.jpg,tcg_identifier,train,not_a_card,,picsum:488,"Lorem Picsum / Unsplash — Unsplash License, free to use",2026-09-10,Monstruo Estudio
picsum_494.jpg,tcg_identifier,train,not_a_card,,picsum:494,"Lorem Picsum / Unsplash — Unsplash License, free to use",2026-09-13,Matthew Wiebe
picsum_495.jpg,tcg_identifier,train,not_a_card,,picsum:495,"Lorem Picsum / Unsplash — Unsplash License, free to use",2026-09-10,Ryan Tauss
picsum_497.jpg,tcg_identifier,train,not_a_card,,picsum:497,"Lorem Picsum / Unsplash — Unsplash License, free to use",2026-09-10,Volkan Olmez
picsum_501.jpg,tcg_identifier,train,not_a_card,,picsum:501,"Lorem Picsum / Unsplash — Unsplash License, free to use",2026-09-10,davide ragusa
picsum_505.jpg,tcg_identifier,train,not_a_card,,picsum:505,"Lorem Picsum / Unsplash — Unsplash License, free to use",2026-09-10,lee Scott
picsum_509.jpg,tcg_identifier,train,not_a_card,,picsum:509,"Lorem Picsum / Unsplash — Unsplash License, free to use",2026-09-10,Jeff Sheldon
picsum_510.jpg,tcg_identifier,train,not_a_card,,picsum:510,"Lorem Picsum / Unsplash — Unsplash License, free to use",2026-09-10,Jeff Sheldon
picsum_516.jpg,tcg_identifier,train,not_a_card,,picsum:516,"Lorem Picsum / Unsplash — Unsplash License, free to use",2026-09-10,Owen Walters
picsum_517.jpg,tcg_identifier,train,not_a_card,,picsum:517,"Lorem Picsum / Unsplash — Unsplash License, free to use",2026-09-10,Brian Jimenez
picsum_519.jpg,tcg_identifier,train,not_a_card,,picsum:519,"Lorem Picsum / Unsplash — Unsplash License, free to use",2026-09-10,Alexandr Schwarz
picsum_52.jpg,tcg_identifier,train,not_a_card,,picsum:52,"Lorem Picsum / Unsplash — Unsplash License, free to use",2026-09-10,Cierra
picsum_523.jpg,tcg_identifier,train,not_a_card,,picsum:523,"Lorem Picsum / Unsplash — Unsplash License, free to use",2026-09-10,Harman Abiwardani
picsum_524.jpg,tcg_identifier,train,not_a_card,,picsum:524,"Lorem Picsum / Unsplash — Unsplash License, free to use",2026-09-10,Charles Forerunner
picsum_525.jpg,tcg_identifier,train,not_a_card,,picsum:525,"Lorem Picsum / Unsplash — Unsplash License, free to use",2026-09-13,Luca Zanon
picsum_526.jpg,tcg_identifier,train,not_a_card,,picsum:526,"Lorem Picsum / Unsplash — Unsplash License, free to use",2026-09-13,Jeff Sheldon
picsum_53.jpg,tcg_identifier,train,not_a_card,,picsum:53,"Lorem Picsum / Unsplash — Unsplash License, free to use",2026-09-13,J Duclos
picsum_530.jpg,tcg_identifier,train,not_a_card,,picsum:530,"Lorem Picsum / Unsplash — Unsplash License, free to use",2026-09-10,Jeff Sheldon
picsum_531.jpg,tcg_identifier,train,not_a_card,,picsum:531,"Lorem Picsum / Unsplash — Unsplash License, free to use",2026-09-10,Jeff Sheldon
picsum_532.jpg,tcg_identifier,train,not_a_card,,picsum:532,"Lorem Picsum / Unsplash — Unsplash License, free to use",2026-09-10,Jeff Sheldon
picsum_534.jpg,tcg_identifier,train,not_a_card,,picsum:534,"Lorem Picsum / Unsplash — Unsplash License, free to use",2026-09-13,Jeff Sheldon
picsum_536.jpg,tcg_identifier,train,not_a_card,,picsum:536,"Lorem Picsum / Unsplash — Unsplash License, free to use",2026-09-10,David Di Veroli
picsum_537.jpg,tcg_identifier,train,not_a_card,,picsum:537,"Lorem Picsum / Unsplash — Unsplash License, free to use",2026-09-13,Juskteez Vu
picsum_544.jpg,tcg_identifier,train,not_a_card,,picsum:544,"Lorem Picsum / Unsplash — Unsplash License, free to use",2026-09-10,Francesco Gallarotti
picsum_552.jpg,tcg_identifier,train,not_a_card,,picsum:552,"Lorem Picsum / Unsplash — Unsplash License, free to use",2026-09-10,Hugo Kerr
picsum_555.jpg,tcg_identifier,train,not_a_card,,picsum:555,"Lorem Picsum / Unsplash — Unsplash License, free to use",2026-09-10,Pawel Kadysz
picsum_560.jpg,tcg_identifier,train,not_a_card,,picsum:560,"Lorem Picsum / Unsplash — Unsplash License, free to use",2026-09-10,Ales Krivec
picsum_562.jpg,tcg_identifier,train,not_a_card,,picsum:562,"Lorem Picsum / Unsplash — Unsplash License, free to use",2026-09-10,Casey Fyfe
picsum_563.jpg,tcg_identifier,train,not_a_card,,picsum:563,"Lorem Picsum / Unsplash — Unsplash License, free to use",2026-09-13,Bec Brown
picsum_565.jpg,tcg_identifier,train,not_a_card,,picsum:565,"Lorem Picsum / Unsplash — Unsplash License, free to use",2026-09-13,René Reichelt
picsum_566.jpg,tcg_identifier,train,not_a_card,,picsum:566,"Lorem Picsum / Unsplash — Unsplash License, free to use",2026-09-10,Ales Krivec
picsum_567.jpg,tcg_identifier,train,not_a_card,,picsum:567,"Lorem Picsum / Unsplash — Unsplash License, free to use",2026-09-13,Ales Krivec
picsum_568.jpg,tcg_identifier,train,not_a_card,,picsum:568,"Lorem Picsum / Unsplash — Unsplash License, free to use",2026-09-10,Dakota Roos
picsum_571.jpg,tcg_identifier,train,not_a_card,,picsum:571,"Lorem Picsum / Unsplash — Unsplash License, free to use",2026-09-13,Ales Krivec
picsum_573.jpg,tcg_identifier,train,not_a_card,,picsum:573,"Lorem Picsum / Unsplash — Unsplash License, free to use",2026-09-10,Josefa Holland-Merten
picsum_574.jpg,tcg_identifier,train,not_a_card,,picsum:574,"Lorem Picsum / Unsplash — Unsplash License, free to use",2026-09-13,Julien Lavallée
picsum_576.jpg,tcg_identifier,train,not_a_card,,picsum:576,"Lorem Picsum / Unsplash — Unsplash License, free to use",2026-09-13,Steven Lewis
picsum_577.jpg,tcg_identifier,train,not_a_card,,picsum:577,"Lorem Picsum / Unsplash — Unsplash License, free to use",2026-09-13,Thomas Lefebvre
picsum_580.jpg,tcg_identifier,train,not_a_card,,picsum:580,"Lorem Picsum / Unsplash — Unsplash License, free to use",2026-09-10,Christopher Skor
picsum_584.jpg,tcg_identifier,train,not_a_card,,picsum:584,"Lorem Picsum / Unsplash — Unsplash License, free to use",2026-09-13,Bethany Legg
picsum_586.jpg,tcg_identifier,train,not_a_card,,picsum:586,"Lorem Picsum / Unsplash — Unsplash License, free to use",2026-09-13,Marco Bonomo
picsum_59.jpg,tcg_identifier,train,not_a_card,,picsum:59,"Lorem Picsum / Unsplash — Unsplash License, free to use",2026-09-13,Art Wave
picsum_590.jpg,tcg_identifier,train,not_a_card,,picsum:590,"Lorem Picsum / Unsplash — Unsplash License, free to use",2026-09-10,Edan Cohen
picsum_594.jpg,tcg_identifier,train,not_a_card,,picsum:594,"Lorem Picsum / Unsplash — Unsplash License, free to use",2026-09-10,Aurélien bellanger
picsum_596.jpg,tcg_identifier,train,not_a_card,,picsum:596,"Lorem Picsum / Unsplash — Unsplash License, free to use",2026-09-13,Paul Proshin
picsum_599.jpg,tcg_identifier,train,not_a_card,,picsum:599,"Lorem Picsum / Unsplash — Unsplash License, free to use",2026-09-13,Dustin Scarpitti
picsum_60.jpg,tcg_identifier,train,not_a_card,,picsum:60,"Lorem Picsum / Unsplash — Unsplash License, free to use",2026-09-13,Vadim Sherbakov
picsum_600.jpg,tcg_identifier,train,not_a_card,,picsum:600,"Lorem Picsum / Unsplash — Unsplash License, free to use",2026-09-13,Dustin Scarpitti
picsum_602.jpg,tcg_identifier,train,not_a_card,,picsum:602,"Lorem Picsum / Unsplash — Unsplash License, free to use",2026-09-13,margot pandone
picsum_604.jpg,tcg_identifier,train,not_a_card,,picsum:604,"Lorem Picsum / Unsplash — Unsplash License, free to use",2026-09-13,Chelsea Francis
picsum_605.jpg,tcg_identifier,train,not_a_card,,picsum:605,"Lorem Picsum / Unsplash — Unsplash License, free to use",2026-09-13,David Marcu
picsum_611.jpg,tcg_identifier,train,not_a_card,,picsum:611,"Lorem Picsum / Unsplash — Unsplash License, free to use",2026-09-10,Patryk Sobczak
picsum_613.jpg,tcg_identifier,train,not_a_card,,picsum:613,"Lorem Picsum / Unsplash — Unsplash License, free to use",2026-09-10,Axel  Antas-Bergkvist
picsum_616.jpg,tcg_identifier,train,not_a_card,,picsum:616,"Lorem Picsum / Unsplash — Unsplash License, free to use",2026-09-10,Sylwia Bartyzel
picsum_617.jpg,tcg_identifier,train,not_a_card,,picsum:617,"Lorem Picsum / Unsplash — Unsplash License, free to use",2026-09-13,Ksenia Kudelkina
picsum_618.jpg,tcg_identifier,train,not_a_card,,picsum:618,"Lorem Picsum / Unsplash — Unsplash License, free to use",2026-09-13,Mika Ruusunen
picsum_619.jpg,tcg_identifier,train,not_a_card,,picsum:619,"Lorem Picsum / Unsplash — Unsplash License, free to use",2026-09-13,Davey Heuser
picsum_62.jpg,tcg_identifier,train,not_a_card,,picsum:62,"Lorem Picsum / Unsplash — Unsplash License, free to use",2026-09-13,Daniel Genser
picsum_620.jpg,tcg_identifier,train,not_a_card,,picsum:620,"Lorem Picsum / Unsplash — Unsplash License, free to use",2026-09-10,Matthew Wiebe
picsum_622.jpg,tcg_identifier,train,not_a_card,,picsum:622,"Lorem Picsum / Unsplash — Unsplash License, free to use",2026-09-10,Rúben dos Santos
picsum_625.jpg,tcg_identifier,train,not_a_card,,picsum:625,"Lorem Picsum / Unsplash — Unsplash License, free to use",2026-09-13,Breather
picsum_626.jpg,tcg_identifier,train,not_a_card,,picsum:626,"Lorem Picsum / Unsplash — Unsplash License, free to use",2026-09-10,Nick Diamantidis
picsum_630.jpg,tcg_identifier,train,not_a_card,,picsum:630,"Lorem Picsum / Unsplash — Unsplash License, free to use",2026-09-13,Ales Krivec
picsum_635.jpg,tcg_identifier,train,not_a_card,,picsum:635,"Lorem Picsum / Unsplash — Unsplash License, free to use",2026-09-13,André Freitas
picsum_66.jpg,tcg_identifier,train,not_a_card,,picsum:66,"Lorem Picsum / Unsplash — Unsplash License, free to use",2026-09-13,Nicholas Swanson
picsum_68.jpg,tcg_identifier,train,not_a_card,,picsum:68,"Lorem Picsum / Unsplash — Unsplash License, free to use",2026-09-13,Cristian Moscoso
picsum_69.jpg,tcg_identifier,train,not_a_card,,picsum:69,"Lorem Picsum / Unsplash — Unsplash License, free to use",2026-09-13,Alexander Shustov
picsum_75.jpg,tcg_identifier,train,not_a_card,,picsum:75,"Lorem Picsum / Unsplash — Unsplash License, free to use",2026-09-13,Jassy Onyae
picsum_76.jpg,tcg_identifier,train,not_a_card,,picsum:76,"Lorem Picsum / Unsplash — Unsplash License, free to use",2026-09-13,Alexander Shustov
picsum_77.jpg,tcg_identifier,train,not_a_card,,picsum:77,"Lorem Picsum / Unsplash — Unsplash License, free to use",2026-09-13,May Pamintuan
picsum_79.jpg,tcg_identifier,train,not_a_card,,picsum:79,"Lorem Picsum / Unsplash — Unsplash License, free to use",2026-09-13,Dorothy Lin
picsum_8.jpg,tcg_identifier,train,not_a_card,,picsum:8,"Lorem Picsum / Unsplash — Unsplash License, free to use",2026-09-10,Alejandro Escamilla
picsum_83.jpg,tcg_identifier,train,not_a_card,,picsum:83,"Lorem Picsum / Unsplash — Unsplash License, free to use",2026-09-10,Julie Geiger
picsum_87.jpg,tcg_identifier,train,not_a_card,,picsum:87,"Lorem Picsum / Unsplash — Unsplash License, free to use",2026-09-10,Barcelona
picsum_88.jpg,tcg_identifier,train,not_a_card,,picsum:88,"Lorem Picsum / Unsplash — Unsplash License, free to use",2026-09-13,Barcelona
picsum_89.jpg,tcg_identifier,train,not_a_card,,picsum:89,"Lorem Picsum / Unsplash — Unsplash License, free to use",2026-09-10,Vectorbeast
picsum_91.jpg,tcg_identifier,train,not_a_card,,picsum:91,"Lorem Picsum / Unsplash — Unsplash License, free to use",2026-09-13,Jennifer Trovato
picsum_98.jpg,tcg_identifier,train,not_a_card,,picsum:98,"Lorem Picsum / Unsplash — Unsplash License, free to use",2026-09-13,Laurice Solomon
EB01-032.jpg,tcg_identifier,test,one_piece,one_piece,optcgapi.com:EB01-032,optcgapi.com — verify optcgapi.com terms before redistribution,2026-09-10,Army Wolves
EB03-006.jpg,tcg_identifier,test,one_piece,one_piece,optcgapi.com:EB03-006,optcgapi.com — verify optcgapi.com terms before redistribution,2026-09-10,Nami (006)
EB03-046.jpg,tcg_identifier,test,one_piece,one_piece,optcgapi.com:EB03-046,optcgapi.com — verify optcgapi.com terms before redistribution,2026-09-10,Miss Doublefinger(Zala)
EB03-057.jpg,tcg_identifier,test,one_piece,one_piece,optcgapi.com:EB03-057,optcgapi.com — verify optcgapi.com terms before redistribution,2026-09-10,Yamato
OP01-017.jpg,tcg_identifier,test,one_piece,one_piece,optcgapi.com:OP01-017,optcgapi.com — verify optcgapi.com terms before redistribution,2026-09-10,Nico Robin
OP01-080.jpg,tcg_identifier,test,one_piece,one_piece,optcgapi.com:OP01-080,optcgapi.com — verify optcgapi.com terms before redistribution,2026-09-10,Miss Doublefinger(Zala)
OP02-013.jpg,tcg_identifier,test,one_piece,one_piece,optcgapi.com:OP02-013,optcgapi.com — verify optcgapi.com terms before redistribution,2026-09-10,Portgas.D.Ace
OP02-038.jpg,tcg_identifier,test,one_piece,one_piece,optcgapi.com:OP02-038,optcgapi.com — verify optcgapi.com terms before redistribution,2026-09-10,Nekomamushi
OP02-087.jpg,tcg_identifier,test,one_piece,one_piece,optcgapi.com:OP02-087,optcgapi.com — verify optcgapi.com terms before redistribution,2026-09-10,Minotaur
OP02-105.jpg,tcg_identifier,test,one_piece,one_piece,optcgapi.com:OP02-105,optcgapi.com — verify optcgapi.com terms before redistribution,2026-09-10,Tashigi
OP03-104.jpg,tcg_identifier,test,one_piece,one_piece,optcgapi.com:OP03-104,optcgapi.com — verify optcgapi.com terms before redistribution,2026-09-10,Shirley
OP04-003.jpg,tcg_identifier,test,one_piece,one_piece,optcgapi.com:OP04-003,optcgapi.com — verify optcgapi.com terms before redistribution,2026-09-10,Usopp
OP04-015.jpg,tcg_identifier,test,one_piece,one_piece,optcgapi.com:OP04-015,optcgapi.com — verify optcgapi.com terms before redistribution,2026-09-10,Roronoa Zoro
OP04-085.jpg,tcg_identifier,test,one_piece,one_piece,optcgapi.com:OP04-085,optcgapi.com — verify optcgapi.com terms before redistribution,2026-09-10,Suleiman
OP04-086.jpg,tcg_identifier,test,one_piece,one_piece,optcgapi.com:OP04-086,optcgapi.com — verify optcgapi.com terms before redistribution,2026-09-10,Chinjao
OP04-096.jpg,tcg_identifier,test,one_piece,one_piece,optcgapi.com:OP04-096,optcgapi.com — verify optcgapi.com terms before redistribution,2026-09-10,Corrida Coliseum
OP05-050.jpg,tcg_identifier,test,one_piece,one_piece,optcgapi.com:OP05-050,optcgapi.com — verify optcgapi.com terms before redistribution,2026-09-10,Hina
OP05-072.jpg,tcg_identifier,test,one_piece,one_piece,optcgapi.com:OP05-072,optcgapi.com — verify optcgapi.com terms before redistribution,2026-09-10,Hone-Kichi
OP06-095.jpg,tcg_identifier,test,one_piece,one_piece,optcgapi.com:OP06-095,optcgapi.com — verify optcgapi.com terms before redistribution,2026-09-10,Shadows Asgard
OP07-023.jpg,tcg_identifier,test,one_piece,one_piece,optcgapi.com:OP07-023,optcgapi.com — verify optcgapi.com terms before redistribution,2026-09-10,Caribou
OP07-044.jpg,tcg_identifier,test,one_piece,one_piece,optcgapi.com:OP07-044,optcgapi.com — verify optcgapi.com terms before redistribution,2026-09-10,Dracule Mihawk
OP08-009.jpg,tcg_identifier,test,one_piece,one_piece,optcgapi.com:OP08-009,optcgapi.com — verify optcgapi.com terms before redistribution,2026-09-10,Maria Onion Bear
OP08-023.jpg,tcg_identifier,test,one_piece,one_piece,optcgapi.com:OP08-023,optcgapi.com — verify optcgapi.com terms before redistribution,2026-09-10,Carrot (023) (Parallel)
OP08-067.jpg,tcg_identifier,test,one_piece,one_piece,optcgapi.com:OP08-067,optcgapi.com — verify optcgapi.com terms before redistribution,2026-09-10,Charlotte Pudding (067)
OP08-081.jpg,tcg_identifier,test,one_piece,one_piece,optcgapi.com:OP08-081,optcgapi.com — verify optcgapi.com terms before redistribution,2026-09-10,Guernica
OP08-082.jpg,tcg_identifier,test,one_piece,one_piece,optcgapi.com:OP08-082,optcgapi.com — verify optcgapi.com terms before redistribution,2026-09-10,Sasaki
OP09-035.jpg,tcg_identifier,test,one_piece,one_piece,optcgapi.com:OP09-035,optcgapi.com — verify optcgapi.com terms before redistribution,2026-09-10,Portgas.D.Ace
OP09-058.jpg,tcg_identifier,test,one_piece,one_piece,optcgapi.com:OP09-058,optcgapi.com — verify optcgapi.com terms before redistribution,2026-09-10,Special Muggy Ball
OP09-065.jpg,tcg_identifier,test,one_piece,one_piece,optcgapi.com:OP09-065,optcgapi.com — verify optcgapi.com terms before redistribution,2026-09-10,Sanji (065)
OP09-084.jpg,tcg_identifier,test,one_piece,one_piece,optcgapi.com:OP09-084,optcgapi.com — verify optcgapi.com terms before redistribution,2026-09-10,Catarina Devon
OP09-113.jpg,tcg_identifier,test,one_piece,one_piece,optcgapi.com:OP09-113,optcgapi.com — verify optcgapi.com terms before redistribution,2026-09-10,Morley
OP10-004.jpg,tcg_identifier,test,one_piece,one_piece,optcgapi.com:OP10-004,optcgapi.com — verify optcgapi.com terms before redistribution,2026-09-10,Vergo
OP10-065.jpg,tcg_identifier,test,one_piece,one_piece,optcgapi.com:OP10-065,optcgapi.com — verify optcgapi.com terms before redistribution,2026-09-10,Sugar (065)
OP10-075.jpg,tcg_identifier,test,one_piece,one_piece,optcgapi.com:OP10-075,optcgapi.com — verify optcgapi.com terms before redistribution,2026-09-10,Foxy
OP11-017.jpg,tcg_identifier,test,one_piece,one_piece,optcgapi.com:OP11-017,optcgapi.com — verify optcgapi.com terms before redistribution,2026-09-10,X.Drake
OP11-070.jpg,tcg_identifier,test,one_piece,one_piece,optcgapi.com:OP11-070,optcgapi.com — verify optcgapi.com terms before redistribution,2026-09-10,Charlotte Pudding
OP12-010.jpg,tcg_identifier,test,one_piece,one_piece,optcgapi.com:OP12-010,optcgapi.com — verify optcgapi.com terms before redistribution,2026-09-10,Douglas Bullet
OP12-052.jpg,tcg_identifier,test,one_piece,one_piece,optcgapi.com:OP12-052,optcgapi.com — verify optcgapi.com terms before redistribution,2026-09-10,Fullbody
OP12-070.jpg,tcg_identifier,test,one_piece,one_piece,optcgapi.com:OP12-070,optcgapi.com — verify optcgapi.com terms before redistribution,2026-09-10,Sanji (070)
OP12-073.jpg,tcg_identifier,test,one_piece,one_piece,optcgapi.com:OP12-073,optcgapi.com — verify optcgapi.com terms before redistribution,2026-09-10,Trafalgar Law (073)
OP12-077.jpg,tcg_identifier,test,one_piece,one_piece,optcgapi.com:OP12-077,optcgapi.com — verify optcgapi.com terms before redistribution,2026-09-10,"The ""Extinguishes All Sound Created by Your Influence"" Technique"
OP13-011.jpg,tcg_identifier,test,one_piece,one_piece,optcgapi.com:OP13-011,optcgapi.com — verify optcgapi.com terms before redistribution,2026-09-10,Nefeltari Cobra
OP13-052.jpg,tcg_identifier,test,one_piece,one_piece,optcgapi.com:OP13-052,optcgapi.com — verify optcgapi.com terms before redistribution,2026-09-10,Boa Marigold
OP13-068.jpg,tcg_identifier,test,one_piece,one_piece,optcgapi.com:OP13-068,optcgapi.com — verify optcgapi.com terms before redistribution,2026-09-10,Douglas Bullet
OP13-094.jpg,tcg_identifier,test,one_piece,one_piece,optcgapi.com:OP13-094,optcgapi.com — verify optcgapi.com terms before redistribution,2026-09-10,York
OP13-101.jpg,tcg_identifier,test,one_piece,one_piece,optcgapi.com:OP13-101,optcgapi.com — verify optcgapi.com terms before redistribution,2026-09-10,Atlas
OP14-102.jpg,tcg_identifier,test,one_piece,one_piece,optcgapi.com:OP14-102,optcgapi.com — verify optcgapi.com terms before redistribution,2026-09-10,Kumacy
OP15-007.jpg,tcg_identifier,test,one_piece,one_piece,optcgapi.com:OP15-007,optcgapi.com — verify optcgapi.com terms before redistribution,2026-09-10,Gin
OP16-064.jpg,tcg_identifier,test,one_piece,one_piece,optcgapi.com:OP16-064,optcgapi.com — verify optcgapi.com terms before redistribution,2026-09-10,Koby
OP16-073.jpg,tcg_identifier,test,one_piece,one_piece,optcgapi.com:OP16-073,optcgapi.com — verify optcgapi.com terms before redistribution,2026-09-10,Borsalino
OP16-088.jpg,tcg_identifier,test,one_piece,one_piece,optcgapi.com:OP16-088,optcgapi.com — verify optcgapi.com terms before redistribution,2026-09-10,Shimotsuki Ushimaru
OP16-111.jpg,tcg_identifier,test,one_piece,one_piece,optcgapi.com:OP16-111,optcgapi.com — verify optcgapi.com terms before redistribution,2026-09-10,Boa Sandersonia
OP17-048.jpg,tcg_identifier,test,one_piece,one_piece,optcgapi.com:OP17-048,optcgapi.com — verify optcgapi.com terms before redistribution,2026-09-10,Shiki (048)
OP17-052.jpg,tcg_identifier,test,one_piece,one_piece,optcgapi.com:OP17-052,optcgapi.com — verify optcgapi.com terms before redistribution,2026-09-10,Don Marlon
OP17-088.jpg,tcg_identifier,test,one_piece,one_piece,optcgapi.com:OP17-088,optcgapi.com — verify optcgapi.com terms before redistribution,2026-09-10,Hajrudin
OP17-099.jpg,tcg_identifier,test,one_piece,one_piece,optcgapi.com:OP17-099,optcgapi.com — verify optcgapi.com terms before redistribution,2026-09-10,Charlotte Linlin (099)
PRB02-007.jpg,tcg_identifier,test,one_piece,one_piece,optcgapi.com:PRB02-007,optcgapi.com — verify optcgapi.com terms before redistribution,2026-09-10,Jinbe - PRB02-007
ST06-010.jpg,tcg_identifier,test,one_piece,one_piece,optcgapi.com:ST06-010,optcgapi.com — verify optcgapi.com terms before redistribution,2026-09-10,Helmeppo (Full Art)
ST06-014.jpg,tcg_identifier,test,one_piece,one_piece,optcgapi.com:ST06-014,optcgapi.com — verify optcgapi.com terms before redistribution,2026-09-10,Shockwave (Jolly Roger Foil)
ST12-014.jpg,tcg_identifier,test,one_piece,one_piece,optcgapi.com:ST12-014,optcgapi.com — verify optcgapi.com terms before redistribution,2026-09-13,Duval (Jolly Roger Foil)
EB01-033.jpg,tcg_identifier,train,one_piece,one_piece,optcgapi.com:EB01-033,optcgapi.com — verify optcgapi.com terms before redistribution,2026-09-10,Blueno (033)
EB01-042.jpg,tcg_identifier,train,one_piece,one_piece,optcgapi.com:EB01-042,optcgapi.com — verify optcgapi.com terms before redistribution,2026-09-10,Scarlet
EB01-052.jpg,tcg_identifier,train,one_piece,one_piece,optcgapi.com:EB01-052,optcgapi.com — verify optcgapi.com terms before redistribution,2026-09-10,Viola
EB01-056.jpg,tcg_identifier,train,one_piece,one_piece,optcgapi.com:EB01-056,optcgapi.com — verify optcgapi.com terms before redistribution,2026-09-10,Charlotte Flampe
EB02-013.jpg,tcg_identifier,train,one_piece,one_piece,optcgapi.com:EB02-013,optcgapi.com — verify optcgapi.com terms before redistribution,2026-09-10,Carrot
EB02-014.jpg,tcg_identifier,train,one_piece,one_piece,optcgapi.com:EB02-014,optcgapi.com — verify optcgapi.com terms before redistribution,2026-09-10,Sarfunkel
EB02-015.jpg,tcg_identifier,train,one_piece,one_piece,optcgapi.com:EB02-015,optcgapi.com — verify optcgapi.com terms before redistribution,2026-09-10,Jewelry Bonney
EB02-017.jpg,tcg_identifier,train,one_piece,one_piece,optcgapi.com:EB02-017,optcgapi.com — verify optcgapi.com terms before redistribution,2026-09-10,Nami
EB02-027.jpg,tcg_identifier,train,one_piece,one_piece,optcgapi.com:EB02-027,optcgapi.com — verify optcgapi.com terms before redistribution,2026-09-10,Vista
EB02-030.jpg,tcg_identifier,train,one_piece,one_piece,optcgapi.com:EB02-030,optcgapi.com — verify optcgapi.com terms before redistribution,2026-09-10,And That's When Somebody Makes Fun of Their Friend's Dream!!!!
EB02-031.jpg,tcg_identifier,train,one_piece,one_piece,optcgapi.com:EB02-031,optcgapi.com — verify optcgapi.com terms before redistribution,2026-09-10,Hope
EB02-035.jpg,tcg_identifier,train,one_piece,one_piece,optcgapi.com:EB02-035,optcgapi.com — verify optcgapi.com terms before redistribution,2026-09-10,Sanji & Pudding
EB02-040.jpg,tcg_identifier,train,one_piece,one_piece,optcgapi.com:EB02-040,optcgapi.com — verify optcgapi.com terms before redistribution,2026-09-10,BRAND NEW WORLD
EB03-010.jpg,tcg_identifier,train,one_piece,one_piece,optcgapi.com:EB03-010,optcgapi.com — verify optcgapi.com terms before redistribution,2026-09-10,Monet
EB03-030.jpg,tcg_identifier,train,one_piece,one_piece,optcgapi.com:EB03-030,optcgapi.com — verify optcgapi.com terms before redistribution,2026-09-10,Viola
EB03-034.jpg,tcg_identifier,train,one_piece,one_piece,optcgapi.com:EB03-034,optcgapi.com — verify optcgapi.com terms before redistribution,2026-09-10,Charlotte Linlin
EB03-045.jpg,tcg_identifier,train,one_piece,one_piece,optcgapi.com:EB03-045,optcgapi.com — verify optcgapi.com terms before redistribution,2026-09-10,Perona (045)
EB03-047.jpg,tcg_identifier,train,one_piece,one_piece,optcgapi.com:EB03-047,optcgapi.com — verify optcgapi.com terms before redistribution,2026-09-10,Miss.Valentine(Mikita)
EB03-054.jpg,tcg_identifier,train,one_piece,one_piece,optcgapi.com:EB03-054,optcgapi.com — verify optcgapi.com terms before redistribution,2026-09-10,Nico Robin (054)
EB03-058.jpg,tcg_identifier,train,one_piece,one_piece,optcgapi.com:EB03-058,optcgapi.com — verify optcgapi.com terms before redistribution,2026-09-10,Lilith
EB03-060.jpg,tcg_identifier,train,one_piece,one_piece,optcgapi.com:EB03-060,optcgapi.com — verify optcgapi.com terms before redistribution,2026-09-10,Will You Be My Servant?
EB04-002.jpg,tcg_identifier,train,one_piece,one_piece,optcgapi.com:EB04-002,optcgapi.com — verify optcgapi.com terms before redistribution,2026-09-10,Jewelry Bonney (EB04-002)
EB04-005.jpg,tcg_identifier,train,one_piece,one_piece,optcgapi.com:EB04-005,optcgapi.com — verify optcgapi.com terms before redistribution,2026-09-10,Trafalgar Law
EB04-031.jpg,tcg_identifier,train,one_piece,one_piece,optcgapi.com:EB04-031,optcgapi.com — verify optcgapi.com terms before redistribution,2026-09-10,King (Alternate Art)
EB04-033.jpg,tcg_identifier,train,one_piece,one_piece,optcgapi.com:EB04-033,optcgapi.com — verify optcgapi.com terms before redistribution,2026-09-10,Groggy Monsters
EB04-038.jpg,tcg_identifier,train,one_piece,one_piece,optcgapi.com:EB04-038,optcgapi.com — verify optcgapi.com terms before redistribution,2026-09-10,Rosinante & Law (Alternate Art)
EB04-055.jpg,tcg_identifier,train,one_piece,one_piece,optcgapi.com:EB04-055,optcgapi.com — verify optcgapi.com terms before redistribution,2026-09-10,Bartholomew Kuma (EB04-055)
EB04-058.jpg,tcg_identifier,train,one_piece,one_piece,optcgapi.com:EB04-058,optcgapi.com — verify optcgapi.com terms before redistribution,2026-09-10,Borsalino
OP01-007.jpg,tcg_identifier,train,one_piece,one_piece,optcgapi.com:OP01-007,optcgapi.com — verify optcgapi.com terms before redistribution,2026-09-10,Caribou
OP01-012.jpg,tcg_identifier,train,one_piece,one_piece,optcgapi.com:OP01-012,optcgapi.com — verify optcgapi.com terms before redistribution,2026-09-10,Sai
OP01-015.jpg,tcg_identifier,train,one_piece,one_piece,optcgapi.com:OP01-015,optcgapi.com — verify optcgapi.com terms before redistribution,2026-09-10,Tony Tony.Chopper
OP01-019.jpg,tcg_identifier,train,one_piece,one_piece,optcgapi.com:OP01-019,optcgapi.com — verify optcgapi.com terms before redistribution,2026-09-10,Bartolomeo
OP01-026.jpg,tcg_identifier,train,one_piece,one_piece,optcgapi.com:OP01-026,optcgapi.com — verify optcgapi.com terms before redistribution,2026-09-10,Gum-Gum Fire-Fist Pistol Red Hawk
OP01-032.jpg,tcg_identifier,train,one_piece,one_piece,optcgapi.com:OP01-032,optcgapi.com — verify optcgapi.com terms before redistribution,2026-09-10,Ashura Doji
OP01-033.jpg,tcg_identifier,train,one_piece,one_piece,optcgapi.com:OP01-033,optcgapi.com — verify optcgapi.com terms before redistribution,2026-09-10,Izo
OP01-035.jpg,tcg_identifier,train,one_piece,one_piece,optcgapi.com:OP01-035,optcgapi.com — verify optcgapi.com terms before redistribution,2026-09-10,Okiku
OP01-040.jpg,tcg_identifier,train,one_piece,one_piece,optcgapi.com:OP01-040,optcgapi.com — verify optcgapi.com terms before redistribution,2026-09-10,Kin'emon
OP01-045.jpg,tcg_identifier,train,one_piece,one_piece,optcgapi.com:OP01-045,optcgapi.com — verify optcgapi.com terms before redistribution,2026-09-10,Jean Bart
OP01-081.jpg,tcg_identifier,train,one_piece,one_piece,optcgapi.com:OP01-081,optcgapi.com — verify optcgapi.com terms before redistribution,2026-09-10,Mocha
OP01-093.jpg,tcg_identifier,train,one_piece,one_piece,optcgapi.com:OP01-093,optcgapi.com — verify optcgapi.com terms before redistribution,2026-09-10,Ulti
OP01-097.jpg,tcg_identifier,train,one_piece,one_piece,optcgapi.com:OP01-097,optcgapi.com — verify optcgapi.com terms before redistribution,2026-09-10,Queen
OP01-099.jpg,tcg_identifier,train,one_piece,one_piece,optcgapi.com:OP01-099,optcgapi.com — verify optcgapi.com terms before redistribution,2026-09-10,Kurozumi Semimaru
OP01-102.jpg,tcg_identifier,train,one_piece,one_piece,optcgapi.com:OP01-102,optcgapi.com — verify optcgapi.com terms before redistribution,2026-09-10,Jack
OP01-113.jpg,tcg_identifier,train,one_piece,one_piece,optcgapi.com:OP01-113,optcgapi.com — verify optcgapi.com terms before redistribution,2026-09-10,Holedem
OP01-121.jpg,tcg_identifier,train,one_piece,one_piece,optcgapi.com:OP01-121,optcgapi.com — verify optcgapi.com terms before redistribution,2026-09-10,Yamato
OP02-005.jpg,tcg_identifier,train,one_piece,one_piece,optcgapi.com:OP02-005,optcgapi.com — verify optcgapi.com terms before redistribution,2026-09-10,Curly.Dadan
OP02-009.jpg,tcg_identifier,train,one_piece,one_piece,optcgapi.com:OP02-009,optcgapi.com — verify optcgapi.com terms before redistribution,2026-09-10,Squard
OP02-011.jpg,tcg_identifier,train,one_piece,one_piece,optcgapi.com:OP02-011,optcgapi.com — verify optcgapi.com terms before redistribution,2026-09-10,Vista
OP02-012.jpg,tcg_identifier,train,one_piece,one_piece,optcgapi.com:OP02-012,optcgapi.com — verify optcgapi.com terms before redistribution,2026-09-10,Blenheim
OP02-015.jpg,tcg_identifier,train,one_piece,one_piece,optcgapi.com:OP02-015,optcgapi.com — verify optcgapi.com terms before redistribution,2026-09-10,Makino
OP02-023.jpg,tcg_identifier,train,one_piece,one_piece,optcgapi.com:OP02-023,optcgapi.com — verify optcgapi.com terms before redistribution,2026-09-10,You May Be a Fool...but I Still Love You
OP02-027.jpg,tcg_identifier,train,one_piece,one_piece,optcgapi.com:OP02-027,optcgapi.com — verify optcgapi.com terms before redistribution,2026-09-10,Inuarashi
OP02-045.jpg,tcg_identifier,train,one_piece,one_piece,optcgapi.com:OP02-045,optcgapi.com — verify optcgapi.com terms before redistribution,2026-09-10,Three Sword Style Oni Giri
OP02-056.jpg,tcg_identifier,train,one_piece,one_piece,optcgapi.com:OP02-056,optcgapi.com — verify optcgapi.com terms before redistribution,2026-09-10,Donquixote Doflamingo
OP02-066.jpg,tcg_identifier,train,one_piece,one_piece,optcgapi.com:OP02-066,optcgapi.com — verify optcgapi.com terms before redistribution,2026-09-10,Impel Down All Stars
OP02-091.jpg,tcg_identifier,train,one_piece,one_piece,optcgapi.com:OP02-091,optcgapi.com — verify optcgapi.com terms before redistribution,2026-09-10,Venom Road
OP02-109.jpg,tcg_identifier,train,one_piece,one_piece,optcgapi.com:OP02-109,optcgapi.com — verify optcgapi.com terms before redistribution,2026-09-10,Jaguar.D.Saul
OP02-121.jpg,tcg_identifier,train,one_piece,one_piece,optcgapi.com:OP02-121,optcgapi.com — verify optcgapi.com terms before redistribution,2026-09-10,Kuzan (121)
OP03-007.jpg,tcg_identifier,train,one_piece,one_piece,optcgapi.com:OP03-007,optcgapi.com — verify optcgapi.com terms before redistribution,2026-09-10,Namule
OP03-010.jpg,tcg_identifier,train,one_piece,one_piece,optcgapi.com:OP03-010,optcgapi.com — verify optcgapi.com terms before redistribution,2026-09-10,Fossa
OP03-015.jpg,tcg_identifier,train,one_piece,one_piece,optcgapi.com:OP03-015,optcgapi.com — verify optcgapi.com terms before redistribution,2026-09-10,Lim
OP03-029.jpg,tcg_identifier,train,one_piece,one_piece,optcgapi.com:OP03-029,optcgapi.com — verify optcgapi.com terms before redistribution,2026-09-10,Chew
OP03-033.jpg,tcg_identifier,train,one_piece,one_piece,optcgapi.com:OP03-033,optcgapi.com — verify optcgapi.com terms before redistribution,2026-09-10,Hatchan
OP03-039.jpg,tcg_identifier,train,one_piece,one_piece,optcgapi.com:OP03-039,optcgapi.com — verify optcgapi.com terms before redistribution,2026-09-10,"One, Two, Jango"
OP03-047.jpg,tcg_identifier,train,one_piece,one_piece,optcgapi.com:OP03-047,optcgapi.com — verify optcgapi.com terms before redistribution,2026-09-10,Zeff
OP03-058.jpg,tcg_identifier,train,one_piece,one_piece,optcgapi.com:OP03-058,optcgapi.com — verify optcgapi.com terms before redistribution,2026-09-10,Iceburg
OP03-066.jpg,tcg_identifier,train,one_piece,one_piece,optcgapi.com:OP03-066,optcgapi.com — verify optcgapi.com terms before redistribution,2026-09-10,Paulie
OP03-068.jpg,tcg_identifier,train,one_piece,one_piece,optcgapi.com:OP03-068,optcgapi.com — verify optcgapi.com terms before redistribution,2026-09-10,Minozebra
OP03-071.jpg,tcg_identifier,train,one_piece,one_piece,optcgapi.com:OP03-071,optcgapi.com — verify optcgapi.com terms before redistribution,2026-09-10,Rob Lucci (071)
OP03-078.jpg,tcg_identifier,train,one_piece,one_piece,optcgapi.com:OP03-078,optcgapi.com — verify optcgapi.com terms before redistribution,2026-09-10,Issho
OP03-081.jpg,tcg_identifier,train,one_piece,one_piece,optcgapi.com:OP03-081,optcgapi.com — verify optcgapi.com terms before redistribution,2026-09-10,Kalifa (081)
OP03-087.jpg,tcg_identifier,train,one_piece,one_piece,optcgapi.com:OP03-087,optcgapi.com — verify optcgapi.com terms before redistribution,2026-09-10,Nero
OP03-089.jpg,tcg_identifier,train,one_piece,one_piece,optcgapi.com:OP03-089,optcgapi.com — verify optcgapi.com terms before redistribution,2026-09-10,Brannew
OP03-091.jpg,tcg_identifier,train,one_piece,one_piece,optcgapi.com:OP03-091,optcgapi.com — verify optcgapi.com terms before redistribution,2026-09-10,Helmeppo
OP03-099.jpg,tcg_identifier,train,one_piece,one_piece,optcgapi.com:OP03-099,optcgapi.com — verify optcgapi.com terms before redistribution,2026-09-10,Charlotte Katakuri (099)
OP03-102.jpg,tcg_identifier,train,one_piece,one_piece,optcgapi.com:OP03-102,optcgapi.com — verify optcgapi.com terms before redistribution,2026-09-10,Sanji
OP03-117.jpg,tcg_identifier,train,one_piece,one_piece,optcgapi.com:OP03-117,optcgapi.com — verify optcgapi.com terms before redistribution,2026-09-10,Napoleon
OP03-119.jpg,tcg_identifier,train,one_piece,one_piece,optcgapi.com:OP03-119,optcgapi.com — verify optcgapi.com terms before redistribution,2026-09-10,Buzz Cut Mochi
OP04-012.jpg,tcg_identifier,train,one_piece,one_piece,optcgapi.com:OP04-012,optcgapi.com — verify optcgapi.com terms before redistribution,2026-09-10,Nefeltari Cobra
OP04-016.jpg,tcg_identifier,train,one_piece,one_piece,optcgapi.com:OP04-016,optcgapi.com — verify optcgapi.com terms before redistribution,2026-09-10,Bad Manners Kick Course
OP04-019.jpg,tcg_identifier,train,one_piece,one_piece,optcgapi.com:OP04-019,optcgapi.com — verify optcgapi.com terms before redistribution,2026-09-10,Donquixote Doflamingo (019)
OP04-034.jpg,tcg_identifier,train,one_piece,one_piece,optcgapi.com:OP04-034,optcgapi.com — verify optcgapi.com terms before redistribution,2026-09-10,Lao.G
OP04-048.jpg,tcg_identifier,train,one_piece,one_piece,optcgapi.com:OP04-048,optcgapi.com — verify optcgapi.com terms before redistribution,2026-09-10,Sasaki
OP04-056.jpg,tcg_identifier,train,one_piece,one_piece,optcgapi.com:OP04-056,optcgapi.com — verify optcgapi.com terms before redistribution,2026-09-10,Gum-Gum Red Roc
OP04-088.jpg,tcg_identifier,train,one_piece,one_piece,optcgapi.com:OP04-088,optcgapi.com — verify optcgapi.com terms before redistribution,2026-09-10,Hajrudin
OP04-111.jpg,tcg_identifier,train,one_piece,one_piece,optcgapi.com:OP04-111,optcgapi.com — verify optcgapi.com terms before redistribution,2026-09-10,Hera
OP04-117.jpg,tcg_identifier,train,one_piece,one_piece,optcgapi.com:OP04-117,optcgapi.com — verify optcgapi.com terms before redistribution,2026-09-10,Heavenly Fire
OP05-013.jpg,tcg_identifier,train,one_piece,one_piece,optcgapi.com:OP05-013,optcgapi.com — verify optcgapi.com terms before redistribution,2026-09-10,Bunny Joe
OP05-020.jpg,tcg_identifier,train,one_piece,one_piece,optcgapi.com:OP05-020,optcgapi.com — verify optcgapi.com terms before redistribution,2026-09-10,Four Thousand-Brick Fist
OP05-033.jpg,tcg_identifier,train,one_piece,one_piece,optcgapi.com:OP05-033,optcgapi.com — verify optcgapi.com terms before redistribution,2026-09-10,Baby 5 (033)
OP05-034.jpg,tcg_identifier,train,one_piece,one_piece,optcgapi.com:OP05-034,optcgapi.com — verify optcgapi.com terms before redistribution,2026-09-10,Baby 5 (034)
OP05-063.jpg,tcg_identifier,train,one_piece,one_piece,optcgapi.com:OP05-063,optcgapi.com — verify optcgapi.com terms before redistribution,2026-09-10,O-Robi
OP05-077.jpg,tcg_identifier,train,one_piece,one_piece,optcgapi.com:OP05-077,optcgapi.com — verify optcgapi.com terms before redistribution,2026-09-10,Gamma Knife
OP05-081.jpg,tcg_identifier,train,one_piece,one_piece,optcgapi.com:OP05-081,optcgapi.com — verify optcgapi.com terms before redistribution,2026-09-10,One-Legged Toy Soldier
OP05-082.jpg,tcg_identifier,train,one_piece,one_piece,optcgapi.com:OP05-082,optcgapi.com — verify optcgapi.com terms before redistribution,2026-09-10,Shirahoshi
OP05-092.jpg,tcg_identifier,train,one_piece,one_piece,optcgapi.com:OP05-092,optcgapi.com — verify optcgapi.com terms before redistribution,2026-09-10,Saint Rosward
OP05-096.jpg,tcg_identifier,train,one_piece,one_piece,optcgapi.com:OP05-096,optcgapi.com — verify optcgapi.com terms before redistribution,2026-09-10,I Bid 500 Million!!
OP05-098.jpg,tcg_identifier,train,one_piece,one_piece,optcgapi.com:OP05-098,optcgapi.com — verify optcgapi.com terms before redistribution,2026-09-10,Enel (098)
OP05-108.jpg,tcg_identifier,train,one_piece,one_piece,optcgapi.com:OP05-108,optcgapi.com — verify optcgapi.com terms before redistribution,2026-09-10,Nola
OP05-113.jpg,tcg_identifier,train,one_piece,one_piece,optcgapi.com:OP05-113,optcgapi.com — verify optcgapi.com terms before redistribution,2026-09-10,Yama
OP05-115.jpg,tcg_identifier,train,one_piece,one_piece,optcgapi.com:OP05-115,optcgapi.com — verify optcgapi.com terms before redistribution,2026-09-10,Two-Hundred Million Volts Amaru
OP05-118.jpg,tcg_identifier,train,one_piece,one_piece,optcgapi.com:OP05-118,optcgapi.com — verify optcgapi.com terms before redistribution,2026-09-10,Kaido (118)
OP06-005.jpg,tcg_identifier,train,one_piece,one_piece,optcgapi.com:OP06-005,optcgapi.com — verify optcgapi.com terms before redistribution,2026-09-10,Gasparde
OP06-015.jpg,tcg_identifier,train,one_piece,one_piece,optcgapi.com:OP06-015,optcgapi.com — verify optcgapi.com terms before redistribution,2026-09-10,Lily Carnation
OP06-018.jpg,tcg_identifier,train,one_piece,one_piece,optcgapi.com:OP06-018,optcgapi.com — verify optcgapi.com terms before redistribution,2026-09-10,Gum-Gum King Kong Gatling
OP06-029.jpg,tcg_identifier,train,one_piece,one_piece,optcgapi.com:OP06-029,optcgapi.com — verify optcgapi.com terms before redistribution,2026-09-10,Daruma
OP06-036.jpg,tcg_identifier,train,one_piece,one_piece,optcgapi.com:OP06-036,optcgapi.com — verify optcgapi.com terms before redistribution,2026-09-10,Ryuma
OP06-049.jpg,tcg_identifier,train,one_piece,one_piece,optcgapi.com:OP06-049,optcgapi.com — verify optcgapi.com terms before redistribution,2026-09-10,Sengoku
OP06-054.jpg,tcg_identifier,train,one_piece,one_piece,optcgapi.com:OP06-054,optcgapi.com — verify optcgapi.com terms before redistribution,2026-09-10,Borsalino
OP06-064.jpg,tcg_identifier,train,one_piece,one_piece,optcgapi.com:OP06-064,optcgapi.com — verify optcgapi.com terms before redistribution,2026-09-10,Vinsmoke Niji (064)
OP06-065.jpg,tcg_identifier,train,one_piece,one_piece,optcgapi.com:OP06-065,optcgapi.com — verify optcgapi.com terms before redistribution,2026-09-10,Vinsmoke Niji (065)
OP06-069.jpg,tcg_identifier,train,one_piece,one_piece,optcgapi.com:OP06-069,optcgapi.com — verify optcgapi.com terms before redistribution,2026-09-10,Vinsmoke Reiju (069)
OP06-111.jpg,tcg_identifier,train,one_piece,one_piece,optcgapi.com:OP06-111,optcgapi.com — verify optcgapi.com terms before redistribution,2026-09-10,Braham
OP07-016.jpg,tcg_identifier,train,one_piece,one_piece,optcgapi.com:OP07-016,optcgapi.com — verify optcgapi.com terms before redistribution,2026-09-10,Galaxy Wink
OP07-031.jpg,tcg_identifier,train,one_piece,one_piece,optcgapi.com:OP07-031,optcgapi.com — verify optcgapi.com terms before redistribution,2026-09-10,Bartolomeo
OP07-049.jpg,tcg_identifier,train,one_piece,one_piece,optcgapi.com:OP07-049,optcgapi.com — verify optcgapi.com terms before redistribution,2026-09-10,Buckin
OP07-058.jpg,tcg_identifier,train,one_piece,one_piece,optcgapi.com:OP07-058,optcgapi.com — verify optcgapi.com terms before redistribution,2026-09-10,Island of Women
OP07-069.jpg,tcg_identifier,train,one_piece,one_piece,optcgapi.com:OP07-069,optcgapi.com — verify optcgapi.com terms before redistribution,2026-09-10,Pickles
OP07-076.jpg,tcg_identifier,train,one_piece,one_piece,optcgapi.com:OP07-076,optcgapi.com — verify optcgapi.com terms before redistribution,2026-09-10,Slow-Slow Beam Sword
OP07-094.jpg,tcg_identifier,train,one_piece,one_piece,optcgapi.com:OP07-094,optcgapi.com — verify optcgapi.com terms before redistribution,2026-09-10,Shave
OP07-107.jpg,tcg_identifier,train,one_piece,one_piece,optcgapi.com:OP07-107,optcgapi.com — verify optcgapi.com terms before redistribution,2026-09-10,Franky
OP08-012.jpg,tcg_identifier,train,one_piece,one_piece,optcgapi.com:OP08-012,optcgapi.com — verify optcgapi.com terms before redistribution,2026-09-10,Lapins
OP08-013.jpg,tcg_identifier,train,one_piece,one_piece,optcgapi.com:OP08-013,optcgapi.com — verify optcgapi.com terms before redistribution,2026-09-10,Robson
OP08-017.jpg,tcg_identifier,train,one_piece,one_piece,optcgapi.com:OP08-017,optcgapi.com — verify optcgapi.com terms before redistribution,2026-09-10,I'd Never Shoot You!!!!
OP08-025.jpg,tcg_identifier,train,one_piece,one_piece,optcgapi.com:OP08-025,optcgapi.com — verify optcgapi.com terms before redistribution,2026-09-10,Shishilian
OP08-035.jpg,tcg_identifier,train,one_piece,one_piece,optcgapi.com:OP08-035,optcgapi.com — verify optcgapi.com terms before redistribution,2026-09-10,BB
OP08-043.jpg,tcg_identifier,train,one_piece,one_piece,optcgapi.com:OP08-043,optcgapi.com — verify optcgapi.com terms before redistribution,2026-09-10,Edward.Newgate
OP08-053.jpg,tcg_identifier,train,one_piece,one_piece,optcgapi.com:OP08-053,optcgapi.com — verify optcgapi.com terms before redistribution,2026-09-10,Thank You...for Loving Me!!
OP08-080.jpg,tcg_identifier,train,one_piece,one_piece,optcgapi.com:OP08-080,optcgapi.com — verify optcgapi.com terms before redistribution,2026-09-10,Queen
OP09-049.jpg,tcg_identifier,train,one_piece,one_piece,optcgapi.com:OP09-049,optcgapi.com — verify optcgapi.com terms before redistribution,2026-09-10,Jozu
OP09-056.jpg,tcg_identifier,train,one_piece,one_piece,optcgapi.com:OP09-056,optcgapi.com — verify optcgapi.com terms before redistribution,2026-09-10,Mr.3(Galdino)
OP09-061.jpg,tcg_identifier,train,one_piece,one_piece,optcgapi.com:OP09-061,optcgapi.com — verify optcgapi.com terms before redistribution,2026-09-10,Monkey.D.Luffy (061) (Parallel)
OP09-068.jpg,tcg_identifier,train,one_piece,one_piece,optcgapi.com:OP09-068,optcgapi.com — verify optcgapi.com terms before redistribution,2026-09-10,Tony Tony.Chopper (068)
OP09-071.jpg,tcg_identifier,train,one_piece,one_piece,optcgapi.com:OP09-071,optcgapi.com — verify optcgapi.com terms before redistribution,2026-09-10,Nico Robin (071)
OP09-081.jpg,tcg_identifier,train,one_piece,one_piece,optcgapi.com:OP09-081,optcgapi.com — verify optcgapi.com terms before redistribution,2026-09-10,Marshall.D.Teach (081) (Parallel)
OP09-095.jpg,tcg_identifier,train,one_piece,one_piece,optcgapi.com:OP09-095,optcgapi.com — verify optcgapi.com terms before redistribution,2026-09-10,Laffitte
OP09-101.jpg,tcg_identifier,train,one_piece,one_piece,optcgapi.com:OP09-101,optcgapi.com — verify optcgapi.com terms before redistribution,2026-09-10,Kuzan
OP09-119.jpg,tcg_identifier,train,one_piece,one_piece,optcgapi.com:OP09-119,optcgapi.com — verify optcgapi.com terms before redistribution,2026-09-10,Monkey.D.Luffy (119)
OP10-011.jpg,tcg_identifier,train,one_piece,one_piece,optcgapi.com:OP10-011,optcgapi.com — verify optcgapi.com terms before redistribution,2026-09-10,Tony Tony.Chopper (011)
OP10-035.jpg,tcg_identifier,train,one_piece,one_piece,optcgapi.com:OP10-035,optcgapi.com — verify optcgapi.com terms before redistribution,2026-09-10,Brook (035)
OP10-043.jpg,tcg_identifier,train,one_piece,one_piece,optcgapi.com:OP10-043,optcgapi.com — verify optcgapi.com terms before redistribution,2026-09-10,Moocy
OP10-050.jpg,tcg_identifier,train,one_piece,one_piece,optcgapi.com:OP10-050,optcgapi.com — verify optcgapi.com terms before redistribution,2026-09-10,Hajrudin
OP10-053.jpg,tcg_identifier,train,one_piece,one_piece,optcgapi.com:OP10-053,optcgapi.com — verify optcgapi.com terms before redistribution,2026-09-10,Bian
OP10-061.jpg,tcg_identifier,train,one_piece,one_piece,optcgapi.com:OP10-061,optcgapi.com — verify optcgapi.com terms before redistribution,2026-09-10,Special Long-Range Attack!! Bagworm
OP10-067.jpg,tcg_identifier,train,one_piece,one_piece,optcgapi.com:OP10-067,optcgapi.com — verify optcgapi.com terms before redistribution,2026-09-10,Senor Pink
OP10-070.jpg,tcg_identifier,train,one_piece,one_piece,optcgapi.com:OP10-070,optcgapi.com — verify optcgapi.com terms before redistribution,2026-09-10,Trebol
OP10-086.jpg,tcg_identifier,train,one_piece,one_piece,optcgapi.com:OP10-086,optcgapi.com — verify optcgapi.com terms before redistribution,2026-09-10,Shiryu
OP10-091.jpg,tcg_identifier,train,one_piece,one_piece,optcgapi.com:OP10-091,optcgapi.com — verify optcgapi.com terms before redistribution,2026-09-10,Brook (091)
OP10-101.jpg,tcg_identifier,train,one_piece,one_piece,optcgapi.com:OP10-101,optcgapi.com — verify optcgapi.com terms before redistribution,2026-09-10,Urouge
OP10-110.jpg,tcg_identifier,train,one_piece,one_piece,optcgapi.com:OP10-110,optcgapi.com — verify optcgapi.com terms before redistribution,2026-09-10,Heat & Wire
OP10-117.jpg,tcg_identifier,train,one_piece,one_piece,optcgapi.com:OP10-117,optcgapi.com — verify optcgapi.com terms before redistribution,2026-09-10,ROOM
OP11-008.jpg,tcg_identifier,train,one_piece,one_piece,optcgapi.com:OP11-008,optcgapi.com — verify optcgapi.com terms before redistribution,2026-09-10,Doll
OP11-020.jpg,tcg_identifier,train,one_piece,one_piece,optcgapi.com:OP11-020,optcgapi.com — verify optcgapi.com terms before redistribution,2026-09-10,X Calibur
OP11-023.jpg,tcg_identifier,train,one_piece,one_piece,optcgapi.com:OP11-023,optcgapi.com — verify optcgapi.com terms before redistribution,2026-09-10,Arlong
OP11-027.jpg,tcg_identifier,train,one_piece,one_piece,optcgapi.com:OP11-027,optcgapi.com — verify optcgapi.com terms before redistribution,2026-09-10,Bulge-Eyed Neptunian
OP11-032.jpg,tcg_identifier,train,one_piece,one_piece,optcgapi.com:OP11-032,optcgapi.com — verify optcgapi.com terms before redistribution,2026-09-10,Surume
OP11-036.jpg,tcg_identifier,train,one_piece,one_piece,optcgapi.com:OP11-036,optcgapi.com — verify optcgapi.com terms before redistribution,2026-09-10,Spotted Neptunian
OP11-047.jpg,tcg_identifier,train,one_piece,one_piece,optcgapi.com:OP11-047,optcgapi.com — verify optcgapi.com terms before redistribution,2026-09-10,Vinsmoke Reiju
OP11-055.jpg,tcg_identifier,train,one_piece,one_piece,optcgapi.com:OP11-055,optcgapi.com — verify optcgapi.com terms before redistribution,2026-09-10,Bartolomeo
OP11-093.jpg,tcg_identifier,train,one_piece,one_piece,optcgapi.com:OP11-093,optcgapi.com — verify optcgapi.com terms before redistribution,2026-09-10,Bogard
OP11-101.jpg,tcg_identifier,train,one_piece,one_piece,optcgapi.com:OP11-101,optcgapi.com — verify optcgapi.com terms before redistribution,2026-09-10,"Capone""Gang""Bege (101)"
OP12-012.jpg,tcg_identifier,train,one_piece,one_piece,optcgapi.com:OP12-012,optcgapi.com — verify optcgapi.com terms before redistribution,2026-09-10,Buggy (012)
OP12-018.jpg,tcg_identifier,train,one_piece,one_piece,optcgapi.com:OP12-018,optcgapi.com — verify optcgapi.com terms before redistribution,2026-09-10,Color of the Supreme King Haki
OP12-019.jpg,tcg_identifier,train,one_piece,one_piece,optcgapi.com:OP12-019,optcgapi.com — verify optcgapi.com terms before redistribution,2026-09-10,Color of Arms Haki
OP12-027.jpg,tcg_identifier,train,one_piece,one_piece,optcgapi.com:OP12-027,optcgapi.com — verify optcgapi.com terms before redistribution,2026-09-10,Koushirou
OP12-031.jpg,tcg_identifier,train,one_piece,one_piece,optcgapi.com:OP12-031,optcgapi.com — verify optcgapi.com terms before redistribution,2026-09-10,Tashigi
OP12-036.jpg,tcg_identifier,train,one_piece,one_piece,optcgapi.com:OP12-036,optcgapi.com — verify optcgapi.com terms before redistribution,2026-09-10,Roronoa Zoro (036)
OP12-060.jpg,tcg_identifier,train,one_piece,one_piece,optcgapi.com:OP12-060,optcgapi.com — verify optcgapi.com terms before redistribution,2026-09-10,Boeuf Burst
OP12-075.jpg,tcg_identifier,train,one_piece,one_piece,optcgapi.com:OP12-075,optcgapi.com — verify optcgapi.com terms before redistribution,2026-09-10,Ms. All Sunday
OP12-084.jpg,tcg_identifier,train,one_piece,one_piece,optcgapi.com:OP12-084,optcgapi.com — verify optcgapi.com terms before redistribution,2026-09-10,Emporio.Ivankov (084)
OP12-086.jpg,tcg_identifier,train,one_piece,one_piece,optcgapi.com:OP12-086,optcgapi.com — verify optcgapi.com terms before redistribution,2026-09-10,Koala (086)
OP12-087.jpg,tcg_identifier,train,one_piece,one_piece,optcgapi.com:OP12-087,optcgapi.com — verify optcgapi.com terms before redistribution,2026-09-10,Nico Robin
OP12-088.jpg,tcg_identifier,train,one_piece,one_piece,optcgapi.com:OP12-088,optcgapi.com — verify optcgapi.com terms before redistribution,2026-09-10,Bastille
OP12-089.jpg,tcg_identifier,train,one_piece,one_piece,optcgapi.com:OP12-089,optcgapi.com — verify optcgapi.com terms before redistribution,2026-09-10,Hack
OP13-036.jpg,tcg_identifier,train,one_piece,one_piece,optcgapi.com:OP13-036,optcgapi.com — verify optcgapi.com terms before redistribution,2026-09-10,Helmeppo
OP13-041.jpg,tcg_identifier,train,one_piece,one_piece,optcgapi.com:OP13-041,optcgapi.com — verify optcgapi.com terms before redistribution,2026-09-10,Izo
OP13-045.jpg,tcg_identifier,train,one_piece,one_piece,optcgapi.com:OP13-045,optcgapi.com — verify optcgapi.com terms before redistribution,2026-09-10,Haruta
OP13-046.jpg,tcg_identifier,train,one_piece,one_piece,optcgapi.com:OP13-046,optcgapi.com — verify optcgapi.com terms before redistribution,2026-09-10,Vista
OP13-057.jpg,tcg_identifier,train,one_piece,one_piece,optcgapi.com:OP13-057,optcgapi.com — verify optcgapi.com terms before redistribution,2026-09-10,"If I Bowed Down to Power, What's the Point in Living?"
OP13-096.jpg,tcg_identifier,train,one_piece,one_piece,optcgapi.com:OP13-096,optcgapi.com — verify optcgapi.com terms before redistribution,2026-09-10,The Five Elders Are at Your Service!!!
OP13-097.jpg,tcg_identifier,train,one_piece,one_piece,optcgapi.com:OP13-097,optcgapi.com — verify optcgapi.com terms before redistribution,2026-09-10,The World's Equilibrium Cannot Be Maintained Forever
OP14-013.jpg,tcg_identifier,train,one_piece,one_piece,optcgapi.com:OP14-013,optcgapi.com — verify optcgapi.com terms before redistribution,2026-09-10,Monkey.D.Luffy - OP14-013
OP14-027.jpg,tcg_identifier,train,one_piece,one_piece,optcgapi.com:OP14-027,optcgapi.com — verify optcgapi.com terms before redistribution,2026-09-10,Shanks
OP14-032.jpg,tcg_identifier,train,one_piece,one_piece,optcgapi.com:OP14-032,optcgapi.com — verify optcgapi.com terms before redistribution,2026-09-10,Humandrill
OP14-036.jpg,tcg_identifier,train,one_piece,one_piece,optcgapi.com:OP14-036,optcgapi.com — verify optcgapi.com terms before redistribution,2026-09-10,"Strive to Surpass me, Roronoa Zoro!!!"
OP14-049.jpg,tcg_identifier,train,one_piece,one_piece,optcgapi.com:OP14-049,optcgapi.com — verify optcgapi.com terms before redistribution,2026-09-10,Jinbe - OP14-049
OP14-070.jpg,tcg_identifier,train,one_piece,one_piece,optcgapi.com:OP14-070,optcgapi.com — verify optcgapi.com terms before redistribution,2026-09-10,Buffalo
OP14-086.jpg,tcg_identifier,train,one_piece,one_piece,optcgapi.com:OP14-086,optcgapi.com — verify optcgapi.com terms before redistribution,2026-09-10,Miss Doublefinger(Zala)
OP14-087.jpg,tcg_identifier,train,one_piece,one_piece,optcgapi.com:OP14-087,optcgapi.com — verify optcgapi.com terms before redistribution,2026-09-10,Miss.Valentine(Mikita) (Dash Pack)
OP14-088.jpg,tcg_identifier,train,one_piece,one_piece,optcgapi.com:OP14-088,optcgapi.com — verify optcgapi.com terms before redistribution,2026-09-10,Miss.MerryChristmas(Drophy)
OP14-094.jpg,tcg_identifier,train,one_piece,one_piece,optcgapi.com:OP14-094,optcgapi.com — verify optcgapi.com terms before redistribution,2026-09-10,Mr.5(Gem)
OP14-095.jpg,tcg_identifier,train,one_piece,one_piece,optcgapi.com:OP14-095,optcgapi.com — verify optcgapi.com terms before redistribution,2026-09-10,Mr.9
OP14-108.jpg,tcg_identifier,train,one_piece,one_piece,optcgapi.com:OP14-108,optcgapi.com — verify optcgapi.com terms before redistribution,2026-09-10,Silvers Rayleigh
OP14-112.jpg,tcg_identifier,train,one_piece,one_piece,optcgapi.com:OP14-112,optcgapi.com — verify optcgapi.com terms before redistribution,2026-09-10,Boa Hancock - OP14-112
OP14-114.jpg,tcg_identifier,train,one_piece,one_piece,optcgapi.com:OP14-114,optcgapi.com — verify optcgapi.com terms before redistribution,2026-09-10,Ran
OP15-027.jpg,tcg_identifier,train,one_piece,one_piece,optcgapi.com:OP15-027,optcgapi.com — verify optcgapi.com terms before redistribution,2026-09-10,Dracule Mihawk
OP15-035.jpg,tcg_identifier,train,one_piece,one_piece,optcgapi.com:OP15-035,optcgapi.com — verify optcgapi.com terms before redistribution,2026-09-10,Laboon
OP15-048.jpg,tcg_identifier,train,one_piece,one_piece,optcgapi.com:OP15-048,optcgapi.com — verify optcgapi.com terms before redistribution,2026-09-10,Chinjao
OP15-073.jpg,tcg_identifier,train,one_piece,one_piece,optcgapi.com:OP15-073,optcgapi.com — verify optcgapi.com terms before redistribution,2026-09-10,Yama
OP15-076.jpg,tcg_identifier,train,one_piece,one_piece,optcgapi.com:OP15-076,optcgapi.com — verify optcgapi.com terms before redistribution,2026-09-10,Lightning Beast Kiten
OP15-089.jpg,tcg_identifier,train,one_piece,one_piece,optcgapi.com:OP15-089,optcgapi.com — verify optcgapi.com terms before redistribution,2026-09-10,Franky
OP15-092.jpg,tcg_identifier,train,one_piece,one_piece,optcgapi.com:OP15-092,optcgapi.com — verify optcgapi.com terms before redistribution,2026-09-10,Monkey.D.Luffy (OP15-092)
OP15-096.jpg,tcg_identifier,train,one_piece,one_piece,optcgapi.com:OP15-096,optcgapi.com — verify optcgapi.com terms before redistribution,2026-09-10,Swallow Bond en Avant
OP15-105.jpg,tcg_identifier,train,one_piece,one_piece,optcgapi.com:OP15-105,optcgapi.com — verify optcgapi.com terms before redistribution,2026-09-10,Jewelry Bonney (OP15-105)
OP15-118.jpg,tcg_identifier,train,one_piece,one_piece,optcgapi.com:OP15-118,optcgapi.com — verify optcgapi.com terms before redistribution,2026-09-10,Enel (OP15-118)
OP16-012.jpg,tcg_identifier,train,one_piece,one_piece,optcgapi.com:OP16-012,optcgapi.com — verify optcgapi.com terms before redistribution,2026-09-10,Benn.Beckman
OP16-013.jpg,tcg_identifier,train,one_piece,one_piece,optcgapi.com:OP16-013,optcgapi.com — verify optcgapi.com terms before redistribution,2026-09-10,McGuy
OP16-015.jpg,tcg_identifier,train,one_piece,one_piece,optcgapi.com:OP16-015,optcgapi.com — verify optcgapi.com terms before redistribution,2026-09-10,Monkey.D.Luffy (Alternate Art)
OP16-020.jpg,tcg_identifier,train,one_piece,one_piece,optcgapi.com:OP16-020,optcgapi.com — verify optcgapi.com terms before redistribution,2026-09-10,If You're Coming with Me...Kiss Your Lives Goodbye!!
OP16-040.jpg,tcg_identifier,train,one_piece,one_piece,optcgapi.com:OP16-040,optcgapi.com — verify optcgapi.com terms before redistribution,2026-09-10,Gum-Gum Hammer Rifle
OP16-056.jpg,tcg_identifier,train,one_piece,one_piece,optcgapi.com:OP16-056,optcgapi.com — verify optcgapi.com terms before redistribution,2026-09-10,Mr.3(Galdino) (056)
OP16-092.jpg,tcg_identifier,train,one_piece,one_piece,optcgapi.com:OP16-092,optcgapi.com — verify optcgapi.com terms before redistribution,2026-09-10,Nico Robin
OP16-094.jpg,tcg_identifier,train,one_piece,one_piece,optcgapi.com:OP16-094,optcgapi.com — verify optcgapi.com terms before redistribution,2026-09-10,Portgas.D.Ace (094)
OP16-097.jpg,tcg_identifier,train,one_piece,one_piece,optcgapi.com:OP16-097,optcgapi.com — verify optcgapi.com terms before redistribution,2026-09-10,Yamato (097)
OP16-107.jpg,tcg_identifier,train,one_piece,one_piece,optcgapi.com:OP16-107,optcgapi.com — verify optcgapi.com terms before redistribution,2026-09-10,Jesus Burgess
OP16-113.jpg,tcg_identifier,train,one_piece,one_piece,optcgapi.com:OP16-113,optcgapi.com — verify optcgapi.com terms before redistribution,2026-09-10,Boa Marigold
OP16-119.jpg,tcg_identifier,train,one_piece,one_piece,optcgapi.com:OP16-119,optcgapi.com — verify optcgapi.com terms before redistribution,2026-09-10,Marshall.D.Teach (119)
OP17-005.jpg,tcg_identifier,train,one_piece,one_piece,optcgapi.com:OP17-005,optcgapi.com — verify optcgapi.com terms before redistribution,2026-09-10,Edward.Newgate (005)
OP17-014.jpg,tcg_identifier,train,one_piece,one_piece,optcgapi.com:OP17-014,optcgapi.com — verify optcgapi.com terms before redistribution,2026-09-10,Whitey Bay
OP17-016.jpg,tcg_identifier,train,one_piece,one_piece,optcgapi.com:OP17-016,optcgapi.com — verify optcgapi.com terms before redistribution,2026-09-10,Rakuyo
OP17-033.jpg,tcg_identifier,train,one_piece,one_piece,optcgapi.com:OP17-033,optcgapi.com — verify optcgapi.com terms before redistribution,2026-09-10,Lucky.Roux
OP17-045.jpg,tcg_identifier,train,one_piece,one_piece,optcgapi.com:OP17-045,optcgapi.com — verify optcgapi.com terms before redistribution,2026-09-10,Kyo
OP17-054.jpg,tcg_identifier,train,one_piece,one_piece,optcgapi.com:OP17-054,optcgapi.com — verify optcgapi.com terms before redistribution,2026-09-10,Miss Buckingham Stussy
OP17-057.jpg,tcg_identifier,train,one_piece,one_piece,optcgapi.com:OP17-057,optcgapi.com — verify optcgapi.com terms before redistribution,2026-09-10,Fullalead
OP17-058.jpg,tcg_identifier,train,one_piece,one_piece,optcgapi.com:OP17-058,optcgapi.com — verify optcgapi.com terms before redistribution,2026-09-10,Kaido (058)
OP17-084.jpg,tcg_identifier,train,one_piece,one_piece,optcgapi.com:OP17-084,optcgapi.com — verify optcgapi.com terms before redistribution,2026-09-10,Tony Tony.Chopper
OP17-094.jpg,tcg_identifier,train,one_piece,one_piece,optcgapi.com:OP17-094,optcgapi.com — verify optcgapi.com terms before redistribution,2026-09-10,Rodo
OP17-095.jpg,tcg_identifier,train,one_piece,one_piece,optcgapi.com:OP17-095,optcgapi.com — verify optcgapi.com terms before redistribution,2026-09-10,Roronoa Zoro (095)
OP17-110.jpg,tcg_identifier,train,one_piece,one_piece,optcgapi.com:OP17-110,optcgapi.com — verify optcgapi.com terms before redistribution,2026-09-10,Charlotte Perospero
OP17-115.jpg,tcg_identifier,train,one_piece,one_piece,optcgapi.com:OP17-115,optcgapi.com — verify optcgapi.com terms before redistribution,2026-09-10,Don't you know that even in the cruel world of pirates there's still a code of honor?!!
OP17-117.jpg,tcg_identifier,train,one_piece,one_piece,optcgapi.com:OP17-117,optcgapi.com — verify optcgapi.com terms before redistribution,2026-09-10,Maser Saber
P-014.jpg,tcg_identifier,train,one_piece,one_piece,optcgapi.com:P-014,optcgapi.com — verify optcgapi.com terms before redistribution,2026-09-10,Koby (Jolly Roger Foil)
P-053.jpg,tcg_identifier,train,one_piece,one_piece,optcgapi.com:P-053,optcgapi.com — verify optcgapi.com terms before redistribution,2026-09-10,Nami (P-053) (Full Art)
P-085.jpg,tcg_identifier,train,one_piece,one_piece,optcgapi.com:P-085,optcgapi.com — verify optcgapi.com terms before redistribution,2026-09-10,Jewelry Bonney - P-085 (Pirate Foil)
P-105.jpg,tcg_identifier,train,one_piece,one_piece,optcgapi.com:P-105,optcgapi.com — verify optcgapi.com terms before redistribution,2026-09-10,Sabo (P-105) (SP)
PRB02-011.jpg,tcg_identifier,train,one_piece,one_piece,optcgapi.com:PRB02-011,optcgapi.com — verify optcgapi.com terms before redistribution,2026-09-10,Donquixote Doflamingo
PRB02-015.jpg,tcg_identifier,train,one_piece,one_piece,optcgapi.com:PRB02-015,optcgapi.com — verify optcgapi.com terms before redistribution,2026-09-10,Shiryu
PRB02-017.jpg,tcg_identifier,train,one_piece,one_piece,optcgapi.com:PRB02-017,optcgapi.com — verify optcgapi.com terms before redistribution,2026-09-10,Boa Hancock
ST14-017.jpg,tcg_identifier,train,one_piece,one_piece,optcgapi.com:ST14-017,optcgapi.com — verify optcgapi.com terms before redistribution,2026-09-13,Thousand Sunny (Pirate Foil)
ST26-005.jpg,tcg_identifier,train,one_piece,one_piece,optcgapi.com:ST26-005,optcgapi.com — verify optcgapi.com terms before redistribution,2026-09-13,Monkey.D.Luffy (SP)
grand_archive_aenean-swelling-tides-prd.jpg,tcg_identifier,test,other_tcg,grand_archive,grand_archive:aenean-swelling-tides-prd,grand_archive public card API — verify each source's terms before redistribution,2026-09-10,grand_archive
grand_archive_cato-meadows-channeler-prd.jpg,tcg_identifier,test,other_tcg,grand_archive,grand_archive:cato-meadows-channeler-prd,grand_archive public card API — verify each source's terms before redistribution,2026-09-10,grand_archive
grand_archive_enervating-decay-hvn.jpg,tcg_identifier,test,other_tcg,grand_archive,grand_archive:enervating-decay-hvn,grand_archive public card API — verify each source's terms before redistribution,2026-09-10,grand_archive
grand_archive_equip-with-courage-prd.jpg,tcg_identifier,test,other_tcg,grand_archive,grand_archive:equip-with-courage-prd,grand_archive public card API — verify each source's terms before redistribution,2026-09-10,grand_archive
grand_archive_grim-foreboding-rec-shd.jpg,tcg_identifier,test,other_tcg,grand_archive,grand_archive:grim-foreboding-rec-shd,grand_archive public card API — verify each source's terms before redistribution,2026-09-10,grand_archive
grand_archive_hidden-enclave-mrc.jpg,tcg_identifier,test,other_tcg,grand_archive,grand_archive:hidden-enclave-mrc,grand_archive public card API — verify each source's terms before redistribution,2026-09-10,grand_archive
grand_archive_icebound-slam-mrc.jpg,tcg_identifier,test,other_tcg,grand_archive,grand_archive:icebound-slam-mrc,grand_archive public card API — verify each source's terms before redistribution,2026-09-10,grand_archive
grand_archive_lesser-boon-of-virelai-prdp.jpg,tcg_identifier,test,other_tcg,grand_archive,grand_archive:lesser-boon-of-virelai-prdp,grand_archive public card API — verify each source's terms before redistribution,2026-09-10,grand_archive
grand_archive_meiren-of-verdancy-rdo.jpg,tcg_identifier,test,other_tcg,grand_archive,grand_archive:meiren-of-verdancy-rdo,grand_archive public card API — verify each source's terms before redistribution,2026-09-10,grand_archive
grand_archive_perfect-repulsion-alc.jpg,tcg_identifier,test,other_tcg,grand_archive,grand_archive:perfect-repulsion-alc,grand_archive public card API — verify each source's terms before redistribution,2026-09-10,grand_archive
grand_archive_prima-materia-mrc.jpg,tcg_identifier,test,other_tcg,grand_archive,grand_archive:prima-materia-mrc,grand_archive public card API — verify each source's terms before redistribution,2026-09-10,grand_archive
grand_archive_promising-recruit-amb.jpg,tcg_identifier,test,other_tcg,grand_archive,grand_archive:promising-recruit-amb,grand_archive public card API — verify each source's terms before redistribution,2026-09-10,grand_archive
grand_archive_relic-of-sunken-past-amb.jpg,tcg_identifier,test,other_tcg,grand_archive,grand_archive:relic-of-sunken-past-amb,grand_archive public card API — verify each source's terms before redistribution,2026-09-10,grand_archive
grand_archive_rhesus-eradication-prd.jpg,tcg_identifier,test,other_tcg,grand_archive,grand_archive:rhesus-eradication-prd,grand_archive public card API — verify each source's terms before redistribution,2026-09-10,grand_archive
grand_archive_slime-king-rec-slm.jpg,tcg_identifier,test,other_tcg,grand_archive,grand_archive:slime-king-rec-slm,grand_archive public card API — verify each source's terms before redistribution,2026-09-10,grand_archive
grand_archive_tidewall-sentinel-prd.jpg,tcg_identifier,test,other_tcg,grand_archive,grand_archive:tidewall-sentinel-prd,grand_archive public card API — verify each source's terms before redistribution,2026-09-10,grand_archive
grand_archive_young-beastbonder-doa-alter.jpg,tcg_identifier,test,other_tcg,grand_archive,grand_archive:young-beastbonder-doa-alter,grand_archive public card API — verify each source's terms before redistribution,2026-09-10,grand_archive
marvel_champions_01037.png,tcg_identifier,test,other_tcg,marvel_champions,marvel_champions:01037,marvel_champions public card API — verify each source's terms before redistribution,2026-09-10,marvel_champions
marvel_champions_10009.png,tcg_identifier,test,other_tcg,marvel_champions,marvel_champions:10009,marvel_champions public card API — verify each source's terms before redistribution,2026-09-10,marvel_champions
marvel_champions_12015.png,tcg_identifier,test,other_tcg,marvel_champions,marvel_champions:12015,marvel_champions public card API — verify each source's terms before redistribution,2026-09-10,marvel_champions
marvel_champions_16035.png,tcg_identifier,test,other_tcg,marvel_champions,marvel_champions:16035,marvel_champions public card API — verify each source's terms before redistribution,2026-09-10,marvel_champions
marvel_champions_16173.png,tcg_identifier,test,other_tcg,marvel_champions,marvel_champions:16173,marvel_champions public card API — verify each source's terms before redistribution,2026-09-10,marvel_champions
marvel_champions_21015.png,tcg_identifier,test,other_tcg,marvel_champions,marvel_champions:21015,marvel_champions public card API — verify each source's terms before redistribution,2026-09-10,marvel_champions
marvel_champions_21040.png,tcg_identifier,test,other_tcg,marvel_champions,marvel_champions:21040,marvel_champions public card API — verify each source's terms before redistribution,2026-09-10,marvel_champions
marvel_champions_21181.png,tcg_identifier,test,other_tcg,marvel_champions,marvel_champions:21181,marvel_champions public card API — verify each source's terms before redistribution,2026-09-10,marvel_champions
marvel_champions_23001b.png,tcg_identifier,test,other_tcg,marvel_champions,marvel_champions:23001b,marvel_champions public card API — verify each source's terms before redistribution,2026-09-10,marvel_champions
marvel_champions_27035.png,tcg_identifier,test,other_tcg,marvel_champions,marvel_champions:27035,marvel_champions public card API — verify each source's terms before redistribution,2026-09-10,marvel_champions
marvel_champions_31009.png,tcg_identifier,test,other_tcg,marvel_champions,marvel_champions:31009,marvel_champions public card API — verify each source's terms before redistribution,2026-09-10,marvel_champions
marvel_champions_31021.png,tcg_identifier,test,other_tcg,marvel_champions,marvel_champions:31021,marvel_champions public card API — verify each source's terms before redistribution,2026-09-10,marvel_champions
marvel_champions_32005.png,tcg_identifier,test,other_tcg,marvel_champions,marvel_champions:32005,marvel_champions public card API — verify each source's terms before redistribution,2026-09-10,marvel_champions
marvel_champions_34011.png,tcg_identifier,test,other_tcg,marvel_champions,marvel_champions:34011,marvel_champions public card API — verify each source's terms before redistribution,2026-09-10,marvel_champions
marvel_champions_34033.png,tcg_identifier,test,other_tcg,marvel_champions,marvel_champions:34033,marvel_champions public card API — verify each source's terms before redistribution,2026-09-10,marvel_champions
marvel_champions_41001b.png,tcg_identifier,test,other_tcg,marvel_champions,marvel_champions:41001b,marvel_champions public card API — verify each source's terms before redistribution,2026-09-10,marvel_champions
marvel_champions_43018.png,tcg_identifier,test,other_tcg,marvel_champions,marvel_champions:43018,marvel_champions public card API — verify each source's terms before redistribution,2026-09-10,marvel_champions
marvel_champions_44013.png,tcg_identifier,test,other_tcg,marvel_champions,marvel_champions:44013,marvel_champions public card API — verify each source's terms before redistribution,2026-09-10,marvel_champions
marvel_champions_45020.jpg,tcg_identifier,test,other_tcg,marvel_champions,marvel_champions:45020,marvel_champions public card API — verify each source's terms before redistribution,2026-09-10,marvel_champions
marvel_champions_59001a.png,tcg_identifier,test,other_tcg,marvel_champions,marvel_champions:59001a,marvel_champions public card API — verify each source's terms before redistribution,2026-09-10,marvel_champions
netrunner_01091.jpg,tcg_identifier,test,other_tcg,netrunner,netrunner:01091,netrunner public card API — verify each source's terms before redistribution,2026-09-10,netrunner
netrunner_04022.jpg,tcg_identifier,test,other_tcg,netrunner,netrunner:04022,netrunner public card API — verify each source's terms before redistribution,2026-09-10,netrunner
netrunner_04116.jpg,tcg_identifier,test,other_tcg,netrunner,netrunner:04116,netrunner public card API — verify each source's terms before redistribution,2026-09-10,netrunner
netrunner_05015.jpg,tcg_identifier,test,other_tcg,netrunner,netrunner:05015,netrunner public card API — verify each source's terms before redistribution,2026-09-10,netrunner
netrunner_07008.jpg,tcg_identifier,test,other_tcg,netrunner,netrunner:07008,netrunner public card API — verify each source's terms before redistribution,2026-09-10,netrunner
netrunner_08032.jpg,tcg_identifier,test,other_tcg,netrunner,netrunner:08032,netrunner public card API — verify each source's terms before redistribution,2026-09-10,netrunner
netrunner_08071.jpg,tcg_identifier,test,other_tcg,netrunner,netrunner:08071,netrunner public card API — verify each source's terms before redistribution,2026-09-10,netrunner
netrunner_09008.jpg,tcg_identifier,test,other_tcg,netrunner,netrunner:09008,netrunner public card API — verify each source's terms before redistribution,2026-09-10,netrunner
netrunner_10023.jpg,tcg_identifier,test,other_tcg,netrunner,netrunner:10023,netrunner public card API — verify each source's terms before redistribution,2026-09-10,netrunner
netrunner_10095.jpg,tcg_identifier,test,other_tcg,netrunner,netrunner:10095,netrunner public card API — verify each source's terms before redistribution,2026-09-10,netrunner
netrunner_13007.jpg,tcg_identifier,test,other_tcg,netrunner,netrunner:13007,netrunner public card API — verify each source's terms before redistribution,2026-09-10,netrunner
netrunner_20007.jpg,tcg_identifier,test,other_tcg,netrunner,netrunner:20007,netrunner public card API — verify each source's terms before redistribution,2026-09-10,netrunner
netrunner_20073.jpg,tcg_identifier,test,other_tcg,netrunner,netrunner:20073,netrunner public card API — verify each source's terms before redistribution,2026-09-10,netrunner
netrunner_21027.jpg,tcg_identifier,test,other_tcg,netrunner,netrunner:21027,netrunner public card API — verify each source's terms before redistribution,2026-09-10,netrunner
netrunner_23101.jpg,tcg_identifier,test,other_tcg,netrunner,netrunner:23101,netrunner public card API — verify each source's terms before redistribution,2026-09-10,netrunner
netrunner_25069.jpg,tcg_identifier,test,other_tcg,netrunner,netrunner:25069,netrunner public card API — verify each source's terms before redistribution,2026-09-10,netrunner
netrunner_25106.jpg,tcg_identifier,test,other_tcg,netrunner,netrunner:25106,netrunner public card API — verify each source's terms before redistribution,2026-09-13,netrunner
netrunner_26079.jpg,tcg_identifier,test,other_tcg,netrunner,netrunner:26079,netrunner public card API — verify each source's terms before redistribution,2026-09-13,netrunner
netrunner_31004.jpg,tcg_identifier,test,other_tcg,netrunner,netrunner:31004,netrunner public card API — verify each source's terms before redistribution,2026-09-13,netrunner
netrunner_31065.jpg,tcg_identifier,test,other_tcg,netrunner,netrunner:31065,netrunner public card API — verify each source's terms before redistribution,2026-09-13,netrunner
netrunner_34032.jpg,tcg_identifier,test,other_tcg,netrunner,netrunner:34032,netrunner public card API — verify each source's terms before redistribution,2026-09-13,netrunner
netrunner_34034.jpg,tcg_identifier,test,other_tcg,netrunner,netrunner:34034,netrunner public card API — verify each source's terms before redistribution,2026-09-13,netrunner
netrunner_35032.jpg,tcg_identifier,test,other_tcg,netrunner,netrunner:35032,netrunner public card API — verify each source's terms before redistribution,2026-09-13,netrunner
grand_archive_abnegation-ptm.jpg,tcg_identifier,train,other_tcg,grand_archive,grand_archive:abnegation-ptm,grand_archive public card API — verify each source's terms before redistribution,2026-09-10,grand_archive
grand_archive_absolving-flames-amb.jpg,tcg_identifier,train,other_tcg,grand_archive,grand_archive:absolving-flames-amb,grand_archive public card API — verify each source's terms before redistribution,2026-09-10,grand_archive
grand_archive_aithne-spirit-of-fire-p23-cpr.jpg,tcg_identifier,train,other_tcg,grand_archive,grand_archive:aithne-spirit-of-fire-p23-cpr,grand_archive public card API — verify each source's terms before redistribution,2026-09-10,grand_archive
grand_archive_alizarin-longbowman-ptm.jpg,tcg_identifier,train,other_tcg,grand_archive,grand_archive:alizarin-longbowman-ptm,grand_archive public card API — verify each source's terms before redistribution,2026-09-10,grand_archive
grand_archive_annul-spell-hvn.jpg,tcg_identifier,train,other_tcg,grand_archive,grand_archive:annul-spell-hvn,grand_archive public card API — verify each source's terms before redistribution,2026-09-10,grand_archive
grand_archive_ashen-riffle-dtr.jpg,tcg_identifier,train,other_tcg,grand_archive,grand_archive:ashen-riffle-dtr,grand_archive public card API — verify each source's terms before redistribution,2026-09-10,grand_archive
grand_archive_auspicious-manifestation-rdo1e.jpg,tcg_identifier,train,other_tcg,grand_archive,grand_archive:auspicious-manifestation-rdo1e,grand_archive public card API — verify each source's terms before redistribution,2026-09-10,grand_archive
grand_archive_balmshot-nurse-ptm.jpg,tcg_identifier,train,other_tcg,grand_archive,grand_archive:balmshot-nurse-ptm,grand_archive public card API — verify each source's terms before redistribution,2026-09-10,grand_archive
grand_archive_berserker-plate-ambsd.jpg,tcg_identifier,train,other_tcg,grand_archive,grand_archive:berserker-plate-ambsd,grand_archive public card API — verify each source's terms before redistribution,2026-09-10,grand_archive
grand_archive_blightheart-penitent-prd.jpg,tcg_identifier,train,other_tcg,grand_archive,grand_archive:blightheart-penitent-prd,grand_archive public card API — verify each source's terms before redistribution,2026-09-10,grand_archive
grand_archive_bloom-autumns-fall-hvn.jpg,tcg_identifier,train,other_tcg,grand_archive,grand_archive:bloom-autumns-fall-hvn,grand_archive public card API — verify each source's terms before redistribution,2026-09-10,grand_archive
grand_archive_chilling-touch-doa-alter.jpg,tcg_identifier,train,other_tcg,grand_archive,grand_archive:chilling-touch-doa-alter,grand_archive public card API — verify each source's terms before redistribution,2026-09-10,grand_archive
grand_archive_clean-cut-doa-alter.jpg,tcg_identifier,train,other_tcg,grand_archive,grand_archive:clean-cut-doa-alter,grand_archive public card API — verify each source's terms before redistribution,2026-09-10,grand_archive
grand_archive_confidants-oath-dtr.jpg,tcg_identifier,train,other_tcg,grand_archive,grand_archive:confidants-oath-dtr,grand_archive public card API — verify each source's terms before redistribution,2026-09-10,grand_archive
grand_archive_cooktech-mixer-prd.jpg,tcg_identifier,train,other_tcg,grand_archive,grand_archive:cooktech-mixer-prd,grand_archive public card API — verify each source's terms before redistribution,2026-09-10,grand_archive
grand_archive_cordelia-aurous-kaiser-mrc.jpg,tcg_identifier,train,other_tcg,grand_archive,grand_archive:cordelia-aurous-kaiser-mrc,grand_archive public card API — verify each source's terms before redistribution,2026-09-10,grand_archive
grand_archive_crystalline-reality-rec-brv.jpg,tcg_identifier,train,other_tcg,grand_archive,grand_archive:crystalline-reality-rec-brv,grand_archive public card API — verify each source's terms before redistribution,2026-09-10,grand_archive
grand_archive_crystallized-anthem-ptm.jpg,tcg_identifier,train,other_tcg,grand_archive,grand_archive:crystallized-anthem-ptm,grand_archive public card API — verify each source's terms before redistribution,2026-09-10,grand_archive
grand_archive_diana-moonpiercer-dtr.jpg,tcg_identifier,train,other_tcg,grand_archive,grand_archive:diana-moonpiercer-dtr,grand_archive public card API — verify each source's terms before redistribution,2026-09-10,grand_archive
grand_archive_embershield-keeper-mrc.jpg,tcg_identifier,train,other_tcg,grand_archive,grand_archive:embershield-keeper-mrc,grand_archive public card API — verify each source's terms before redistribution,2026-09-10,grand_archive
grand_archive_embersong-doa-alter.jpg,tcg_identifier,train,other_tcg,grand_archive,grand_archive:embersong-doa-alter,grand_archive public card API — verify each source's terms before redistribution,2026-09-10,grand_archive
grand_archive_entrenched-fortress-rdo.jpg,tcg_identifier,train,other_tcg,grand_archive,grand_archive:entrenched-fortress-rdo,grand_archive public card API — verify each source's terms before redistribution,2026-09-10,grand_archive
grand_archive_evasive-maneuvers-alcsd.jpg,tcg_identifier,train,other_tcg,grand_archive,grand_archive:evasive-maneuvers-alcsd,grand_archive public card API — verify each source's terms before redistribution,2026-09-10,grand_archive
grand_archive_exhilarating-plume-prd.jpg,tcg_identifier,train,other_tcg,grand_archive,grand_archive:exhilarating-plume-prd,grand_archive public card API — verify each source's terms before redistribution,2026-09-10,grand_archive
grand_archive_feathery-tune-hvn.jpg,tcg_identifier,train,other_tcg,grand_archive,grand_archive:feathery-tune-hvn,grand_archive public card API — verify each source's terms before redistribution,2026-09-10,grand_archive
grand_archive_flowing-oubli-dtr.jpg,tcg_identifier,train,other_tcg,grand_archive,grand_archive:flowing-oubli-dtr,grand_archive public card API — verify each source's terms before redistribution,2026-09-10,grand_archive
grand_archive_forest-cake-prdevp.jpg,tcg_identifier,train,other_tcg,grand_archive,grand_archive:forest-cake-prdevp,grand_archive public card API — verify each source's terms before redistribution,2026-09-10,grand_archive
grand_archive_fountain-bladehand-prd.jpg,tcg_identifier,train,other_tcg,grand_archive,grand_archive:fountain-bladehand-prd,grand_archive public card API — verify each source's terms before redistribution,2026-09-10,grand_archive
grand_archive_fractal-of-sparks-amb.jpg,tcg_identifier,train,other_tcg,grand_archive,grand_archive:fractal-of-sparks-amb,grand_archive public card API — verify each source's terms before redistribution,2026-09-10,grand_archive
grand_archive_frostbinder-apostle-ftc.jpg,tcg_identifier,train,other_tcg,grand_archive,grand_archive:frostbinder-apostle-ftc,grand_archive public card API — verify each source's terms before redistribution,2026-09-10,grand_archive
grand_archive_gales-mare-rdo.jpg,tcg_identifier,train,other_tcg,grand_archive,grand_archive:gales-mare-rdo,grand_archive public card API — verify each source's terms before redistribution,2026-09-10,grand_archive
grand_archive_golden-measure-patisserie-prd.jpg,tcg_identifier,train,other_tcg,grand_archive,grand_archive:golden-measure-patisserie-prd,grand_archive public card API — verify each source's terms before redistribution,2026-09-10,grand_archive
grand_archive_greater-boon-of-dux-rdop.jpg,tcg_identifier,train,other_tcg,grand_archive,grand_archive:greater-boon-of-dux-rdop,grand_archive public card API — verify each source's terms before redistribution,2026-09-10,grand_archive
grand_archive_guided-starlight-dtrsd.jpg,tcg_identifier,train,other_tcg,grand_archive,grand_archive:guided-starlight-dtrsd,grand_archive public card API — verify each source's terms before redistribution,2026-09-10,grand_archive
grand_archive_hymn-of-gaias-grace-doa-alter.jpg,tcg_identifier,train,other_tcg,grand_archive,grand_archive:hymn-of-gaias-grace-doa-alter,grand_archive public card API — verify each source's terms before redistribution,2026-09-10,grand_archive
grand_archive_inspiring-call-doa-alter.jpg,tcg_identifier,train,other_tcg,grand_archive,grand_archive:inspiring-call-doa-alter,grand_archive public card API — verify each source's terms before redistribution,2026-09-10,grand_archive
grand_archive_lead-with-force-amb.jpg,tcg_identifier,train,other_tcg,grand_archive,grand_archive:lead-with-force-amb,grand_archive public card API — verify each source's terms before redistribution,2026-09-10,grand_archive
grand_archive_leading-charge-amb-alter.jpg,tcg_identifier,train,other_tcg,grand_archive,grand_archive:leading-charge-amb-alter,grand_archive public card API — verify each source's terms before redistribution,2026-09-10,grand_archive
grand_archive_lesser-boon-of-awilix-rdop.jpg,tcg_identifier,train,other_tcg,grand_archive,grand_archive:lesser-boon-of-awilix-rdop,grand_archive public card API — verify each source's terms before redistribution,2026-09-10,grand_archive
grand_archive_lesser-boon-of-veilara-rdop.jpg,tcg_identifier,train,other_tcg,grand_archive,grand_archive:lesser-boon-of-veilara-rdop,grand_archive public card API — verify each source's terms before redistribution,2026-09-10,grand_archive
grand_archive_library-witch-doa-alter.jpg,tcg_identifier,train,other_tcg,grand_archive,grand_archive:library-witch-doa-alter,grand_archive public card API — verify each source's terms before redistribution,2026-09-10,grand_archive
grand_archive_liquidation-rdo.jpg,tcg_identifier,train,other_tcg,grand_archive,grand_archive:liquidation-rdo,grand_archive public card API — verify each source's terms before redistribution,2026-09-10,grand_archive
grand_archive_lost-being-ptm.jpg,tcg_identifier,train,other_tcg,grand_archive,grand_archive:lost-being-ptm,grand_archive public card API — verify each source's terms before redistribution,2026-09-10,grand_archive
grand_archive_lure-the-abyss-dtr.jpg,tcg_identifier,train,other_tcg,grand_archive,grand_archive:lure-the-abyss-dtr,grand_archive public card API — verify each source's terms before redistribution,2026-09-10,grand_archive
grand_archive_maiden-of-glimmers-dusk-hvn.jpg,tcg_identifier,train,other_tcg,grand_archive,grand_archive:maiden-of-glimmers-dusk-hvn,grand_archive public card API — verify each source's terms before redistribution,2026-09-10,grand_archive
grand_archive_materialize-polearm-amb.jpg,tcg_identifier,train,other_tcg,grand_archive,grand_archive:materialize-polearm-amb,grand_archive public card API — verify each source's terms before redistribution,2026-09-10,grand_archive
grand_archive_miasmic-fog-rdo.jpg,tcg_identifier,train,other_tcg,grand_archive,grand_archive:miasmic-fog-rdo,grand_archive public card API — verify each source's terms before redistribution,2026-09-10,grand_archive
grand_archive_nameless-champion-cg-ambdp.jpg,tcg_identifier,train,other_tcg,grand_archive,grand_archive:nameless-champion-cg-ambdp,grand_archive public card API — verify each source's terms before redistribution,2026-09-10,grand_archive
grand_archive_nocturnal-blossom-dtr.jpg,tcg_identifier,train,other_tcg,grand_archive,grand_archive:nocturnal-blossom-dtr,grand_archive public card API — verify each source's terms before redistribution,2026-09-10,grand_archive
grand_archive_ornamental-greatsword-doa-alter.jpg,tcg_identifier,train,other_tcg,grand_archive,grand_archive:ornamental-greatsword-doa-alter,grand_archive public card API — verify each source's terms before redistribution,2026-09-10,grand_archive
grand_archive_overcharged-droid-prd.jpg,tcg_identifier,train,other_tcg,grand_archive,grand_archive:overcharged-droid-prd,grand_archive public card API — verify each source's terms before redistribution,2026-09-10,grand_archive
grand_archive_package-courier-prd.jpg,tcg_identifier,train,other_tcg,grand_archive,grand_archive:package-courier-prd,grand_archive public card API — verify each source's terms before redistribution,2026-09-10,grand_archive
grand_archive_peer-beyond-ptm.jpg,tcg_identifier,train,other_tcg,grand_archive,grand_archive:peer-beyond-ptm,grand_archive public card API — verify each source's terms before redistribution,2026-09-10,grand_archive
grand_archive_piccarda-night-rider-prd.jpg,tcg_identifier,train,other_tcg,grand_archive,grand_archive:piccarda-night-rider-prd,grand_archive public card API — verify each source's terms before redistribution,2026-09-10,grand_archive
grand_archive_plated-bullet-alcsd.jpg,tcg_identifier,train,other_tcg,grand_archive,grand_archive:plated-bullet-alcsd,grand_archive public card API — verify each source's terms before redistribution,2026-09-10,grand_archive
grand_archive_poisoned-coating-oil-doa-alter.jpg,tcg_identifier,train,other_tcg,grand_archive,grand_archive:poisoned-coating-oil-doa-alter,grand_archive public card API — verify each source's terms before redistribution,2026-09-10,grand_archive
grand_archive_powercell-prd.jpg,tcg_identifier,train,other_tcg,grand_archive,grand_archive:powercell-prd,grand_archive public card API — verify each source's terms before redistribution,2026-09-10,grand_archive
grand_archive_prides-smith-dtr.jpg,tcg_identifier,train,other_tcg,grand_archive,grand_archive:prides-smith-dtr,grand_archive public card API — verify each source's terms before redistribution,2026-09-10,grand_archive
grand_archive_prismatic-edge-doap.jpg,tcg_identifier,train,other_tcg,grand_archive,grand_archive:prismatic-edge-doap,grand_archive public card API — verify each source's terms before redistribution,2026-09-10,grand_archive
grand_archive_protector-raccoon-rdo.jpg,tcg_identifier,train,other_tcg,grand_archive,grand_archive:protector-raccoon-rdo,grand_archive public card API — verify each source's terms before redistribution,2026-09-10,grand_archive
grand_archive_pyroclastic-flow-mrc.jpg,tcg_identifier,train,other_tcg,grand_archive,grand_archive:pyroclastic-flow-mrc,grand_archive public card API — verify each source's terms before redistribution,2026-09-10,grand_archive
grand_archive_rafales-slash-dtr.jpg,tcg_identifier,train,other_tcg,grand_archive,grand_archive:rafales-slash-dtr,grand_archive public card API — verify each source's terms before redistribution,2026-09-10,grand_archive
grand_archive_razorgale-calling-amb.jpg,tcg_identifier,train,other_tcg,grand_archive,grand_archive:razorgale-calling-amb,grand_archive public card API — verify each source's terms before redistribution,2026-09-10,grand_archive
grand_archive_restorative-slash-doa-alter.jpg,tcg_identifier,train,other_tcg,grand_archive,grand_archive:restorative-slash-doa-alter,grand_archive public card API — verify each source's terms before redistribution,2026-09-10,grand_archive
grand_archive_rouge-ace-of-hearts-prdevp.jpg,tcg_identifier,train,other_tcg,grand_archive,grand_archive:rouge-ace-of-hearts-prdevp,grand_archive public card API — verify each source's terms before redistribution,2026-09-10,grand_archive
grand_archive_seed-of-empowerment-prd.jpg,tcg_identifier,train,other_tcg,grand_archive,grand_archive:seed-of-empowerment-prd,grand_archive public card API — verify each source's terms before redistribution,2026-09-10,grand_archive
grand_archive_silver-soldier-rdo.jpg,tcg_identifier,train,other_tcg,grand_archive,grand_archive:silver-soldier-rdo,grand_archive public card API — verify each source's terms before redistribution,2026-09-10,grand_archive
grand_archive_smoke-bombs-doa-alter.jpg,tcg_identifier,train,other_tcg,grand_archive,grand_archive:smoke-bombs-doa-alter,grand_archive public card API — verify each source's terms before redistribution,2026-09-10,grand_archive
grand_archive_smoldering-cook-prd.jpg,tcg_identifier,train,other_tcg,grand_archive,grand_archive:smoldering-cook-prd,grand_archive public card API — verify each source's terms before redistribution,2026-09-10,grand_archive
grand_archive_soaked-slash-prd.jpg,tcg_identifier,train,other_tcg,grand_archive,grand_archive:soaked-slash-prd,grand_archive public card API — verify each source's terms before redistribution,2026-09-10,grand_archive
grand_archive_spellshield-arcane-doa-alter.jpg,tcg_identifier,train,other_tcg,grand_archive,grand_archive:spellshield-arcane-doa-alter,grand_archive public card API — verify each source's terms before redistribution,2026-09-10,grand_archive
grand_archive_spirit-blade-terminus-rec-brv.jpg,tcg_identifier,train,other_tcg,grand_archive,grand_archive:spirit-blade-terminus-rec-brv,grand_archive public card API — verify each source's terms before redistribution,2026-09-10,grand_archive
grand_archive_the-duchesss-thornes-prxy.jpg,tcg_identifier,train,other_tcg,grand_archive,grand_archive:the-duchesss-thornes-prxy,grand_archive public card API — verify each source's terms before redistribution,2026-09-10,grand_archive
grand_archive_tidal-lock-amb.jpg,tcg_identifier,train,other_tcg,grand_archive,grand_archive:tidal-lock-amb,grand_archive public card API — verify each source's terms before redistribution,2026-09-10,grand_archive
grand_archive_tidal-sweep-doa-alter.jpg,tcg_identifier,train,other_tcg,grand_archive,grand_archive:tidal-sweep-doa-alter,grand_archive public card API — verify each source's terms before redistribution,2026-09-10,grand_archive
grand_archive_tribute-singer-prd.jpg,tcg_identifier,train,other_tcg,grand_archive,grand_archive:tribute-singer-prd,grand_archive public card API — verify each source's terms before redistribution,2026-09-10,grand_archive
grand_archive_undeniable-truth-rec-brv.jpg,tcg_identifier,train,other_tcg,grand_archive,grand_archive:undeniable-truth-rec-brv,grand_archive public card API — verify each source's terms before redistribution,2026-09-10,grand_archive
grand_archive_uther-illustrious-king-ftc.jpg,tcg_identifier,train,other_tcg,grand_archive,grand_archive:uther-illustrious-king-ftc,grand_archive public card API — verify each source's terms before redistribution,2026-09-10,grand_archive
grand_archive_velocity-punch-prd.jpg,tcg_identifier,train,other_tcg,grand_archive,grand_archive:velocity-punch-prd,grand_archive public card API — verify each source's terms before redistribution,2026-09-10,grand_archive
grand_archive_winbless-rangefinder-mrc.jpg,tcg_identifier,train,other_tcg,grand_archive,grand_archive:winbless-rangefinder-mrc,grand_archive public card API — verify each source's terms before redistribution,2026-09-10,grand_archive
grand_archive_wind-resonance-bauble-doa-alter.jpg,tcg_identifier,train,other_tcg,grand_archive,grand_archive:wind-resonance-bauble-doa-alter,grand_archive public card API — verify each source's terms before redistribution,2026-09-10,grand_archive
grand_archive_wisps-protection-rdo.jpg,tcg_identifier,train,other_tcg,grand_archive,grand_archive:wisps-protection-rdo,grand_archive public card API — verify each source's terms before redistribution,2026-09-10,grand_archive
grand_archive_xia-hou-dun-gloryseeker-amb.jpg,tcg_identifier,train,other_tcg,grand_archive,grand_archive:xia-hou-dun-gloryseeker-amb,grand_archive public card API — verify each source's terms before redistribution,2026-09-10,grand_archive
marvel_champions_01001b.png,tcg_identifier,train,other_tcg,marvel_champions,marvel_champions:01001b,marvel_champions public card API — verify each source's terms before redistribution,2026-09-10,marvel_champions
marvel_champions_01043d.png,tcg_identifier,train,other_tcg,marvel_champions,marvel_champions:01043d,marvel_champions public card API — verify each source's terms before redistribution,2026-09-10,marvel_champions
marvel_champions_01051.png,tcg_identifier,train,other_tcg,marvel_champions,marvel_champions:01051,marvel_champions public card API — verify each source's terms before redistribution,2026-09-10,marvel_champions
marvel_champions_01075.png,tcg_identifier,train,other_tcg,marvel_champions,marvel_champions:01075,marvel_champions public card API — verify each source's terms before redistribution,2026-09-10,marvel_champions
marvel_champions_03002.png,tcg_identifier,train,other_tcg,marvel_champions,marvel_champions:03002,marvel_champions public card API — verify each source's terms before redistribution,2026-09-10,marvel_champions
marvel_champions_04039.png,tcg_identifier,train,other_tcg,marvel_champions,marvel_champions:04039,marvel_champions public card API — verify each source's terms before redistribution,2026-09-10,marvel_champions
marvel_champions_04047.png,tcg_identifier,train,other_tcg,marvel_champions,marvel_champions:04047,marvel_champions public card API — verify each source's terms before redistribution,2026-09-10,marvel_champions
marvel_champions_05004.png,tcg_identifier,train,other_tcg,marvel_champions,marvel_champions:05004,marvel_champions public card API — verify each source's terms before redistribution,2026-09-10,marvel_champions
marvel_champions_08003.png,tcg_identifier,train,other_tcg,marvel_champions,marvel_champions:08003,marvel_champions public card API — verify each source's terms before redistribution,2026-09-10,marvel_champions
marvel_champions_09006.png,tcg_identifier,train,other_tcg,marvel_champions,marvel_champions:09006,marvel_champions public card API — verify each source's terms before redistribution,2026-09-10,marvel_champions
marvel_champions_09035.png,tcg_identifier,train,other_tcg,marvel_champions,marvel_champions:09035,marvel_champions public card API — verify each source's terms before redistribution,2026-09-10,marvel_champions
marvel_champions_10016.png,tcg_identifier,train,other_tcg,marvel_champions,marvel_champions:10016,marvel_champions public card API — verify each source's terms before redistribution,2026-09-10,marvel_champions
marvel_champions_12007.png,tcg_identifier,train,other_tcg,marvel_champions,marvel_champions:12007,marvel_champions public card API — verify each source's terms before redistribution,2026-09-10,marvel_champions
marvel_champions_12018.png,tcg_identifier,train,other_tcg,marvel_champions,marvel_champions:12018,marvel_champions public card API — verify each source's terms before redistribution,2026-09-10,marvel_champions
marvel_champions_14011.png,tcg_identifier,train,other_tcg,marvel_champions,marvel_champions:14011,marvel_champions public card API — verify each source's terms before redistribution,2026-09-10,marvel_champions
marvel_champions_15001a.png,tcg_identifier,train,other_tcg,marvel_champions,marvel_champions:15001a,marvel_champions public card API — verify each source's terms before redistribution,2026-09-10,marvel_champions
marvel_champions_16006.png,tcg_identifier,train,other_tcg,marvel_champions,marvel_champions:16006,marvel_champions public card API — verify each source's terms before redistribution,2026-09-10,marvel_champions
marvel_champions_16171.png,tcg_identifier,train,other_tcg,marvel_champions,marvel_champions:16171,marvel_champions public card API — verify each source's terms before redistribution,2026-09-10,marvel_champions
marvel_champions_19001a.png,tcg_identifier,train,other_tcg,marvel_champions,marvel_champions:19001a,marvel_champions public card API — verify each source's terms before redistribution,2026-09-10,marvel_champions
marvel_champions_27013.png,tcg_identifier,train,other_tcg,marvel_champions,marvel_champions:27013,marvel_champions public card API — verify each source's terms before redistribution,2026-09-10,marvel_champions
marvel_champions_27018.png,tcg_identifier,train,other_tcg,marvel_champions,marvel_champions:27018,marvel_champions public card API — verify each source's terms before redistribution,2026-09-10,marvel_champions
marvel_champions_27023.png,tcg_identifier,train,other_tcg,marvel_champions,marvel_champions:27023,marvel_champions public card API — verify each source's terms before redistribution,2026-09-10,marvel_champions
marvel_champions_27030a.png,tcg_identifier,train,other_tcg,marvel_champions,marvel_champions:27030a,marvel_champions public card API — verify each source's terms before redistribution,2026-09-10,marvel_champions
marvel_champions_27038.png,tcg_identifier,train,other_tcg,marvel_champions,marvel_champions:27038,marvel_champions public card API — verify each source's terms before redistribution,2026-09-10,marvel_champions
marvel_champions_28005.png,tcg_identifier,train,other_tcg,marvel_champions,marvel_champions:28005,marvel_champions public card API — verify each source's terms before redistribution,2026-09-10,marvel_champions
marvel_champions_28027.png,tcg_identifier,train,other_tcg,marvel_champions,marvel_champions:28027,marvel_champions public card API — verify each source's terms before redistribution,2026-09-10,marvel_champions
marvel_champions_29035.png,tcg_identifier,train,other_tcg,marvel_champions,marvel_champions:29035,marvel_champions public card API — verify each source's terms before redistribution,2026-09-10,marvel_champions
marvel_champions_30004.png,tcg_identifier,train,other_tcg,marvel_champions,marvel_champions:30004,marvel_champions public card API — verify each source's terms before redistribution,2026-09-10,marvel_champions
marvel_champions_31003.png,tcg_identifier,train,other_tcg,marvel_champions,marvel_champions:31003,marvel_champions public card API — verify each source's terms before redistribution,2026-09-10,marvel_champions
marvel_champions_32018.png,tcg_identifier,train,other_tcg,marvel_champions,marvel_champions:32018,marvel_champions public card API — verify each source's terms before redistribution,2026-09-10,marvel_champions
marvel_champions_33001b.png,tcg_identifier,train,other_tcg,marvel_champions,marvel_champions:33001b,marvel_champions public card API — verify each source's terms before redistribution,2026-09-10,marvel_champions
marvel_champions_33009.png,tcg_identifier,train,other_tcg,marvel_champions,marvel_champions:33009,marvel_champions public card API — verify each source's terms before redistribution,2026-09-10,marvel_champions
marvel_champions_37001a.png,tcg_identifier,train,other_tcg,marvel_champions,marvel_champions:37001a,marvel_champions public card API — verify each source's terms before redistribution,2026-09-10,marvel_champions
marvel_champions_37009.png,tcg_identifier,train,other_tcg,marvel_champions,marvel_champions:37009,marvel_champions public card API — verify each source's terms before redistribution,2026-09-10,marvel_champions
marvel_champions_37014.png,tcg_identifier,train,other_tcg,marvel_champions,marvel_champions:37014,marvel_champions public card API — verify each source's terms before redistribution,2026-09-10,marvel_champions
marvel_champions_37015.png,tcg_identifier,train,other_tcg,marvel_champions,marvel_champions:37015,marvel_champions public card API — verify each source's terms before redistribution,2026-09-10,marvel_champions
marvel_champions_37031.png,tcg_identifier,train,other_tcg,marvel_champions,marvel_champions:37031,marvel_champions public card API — verify each source's terms before redistribution,2026-09-10,marvel_champions
marvel_champions_40014.png,tcg_identifier,train,other_tcg,marvel_champions,marvel_champions:40014,marvel_champions public card API — verify each source's terms before redistribution,2026-09-10,marvel_champions
marvel_champions_40037b.png,tcg_identifier,train,other_tcg,marvel_champions,marvel_champions:40037b,marvel_champions public card API — verify each source's terms before redistribution,2026-09-10,marvel_champions
marvel_champions_40043.png,tcg_identifier,train,other_tcg,marvel_champions,marvel_champions:40043,marvel_champions public card API — verify each source's terms before redistribution,2026-09-10,marvel_champions
marvel_champions_40044.png,tcg_identifier,train,other_tcg,marvel_champions,marvel_champions:40044,marvel_champions public card API — verify each source's terms before redistribution,2026-09-10,marvel_champions
marvel_champions_40059.png,tcg_identifier,train,other_tcg,marvel_champions,marvel_champions:40059,marvel_champions public card API — verify each source's terms before redistribution,2026-09-10,marvel_champions
marvel_champions_40204.png,tcg_identifier,train,other_tcg,marvel_champions,marvel_champions:40204,marvel_champions public card API — verify each source's terms before redistribution,2026-09-10,marvel_champions
marvel_champions_41005.png,tcg_identifier,train,other_tcg,marvel_champions,marvel_champions:41005,marvel_champions public card API — verify each source's terms before redistribution,2026-09-10,marvel_champions
marvel_champions_41031.png,tcg_identifier,train,other_tcg,marvel_champions,marvel_champions:41031,marvel_champions public card API — verify each source's terms before redistribution,2026-09-10,marvel_champions
marvel_champions_43011.png,tcg_identifier,train,other_tcg,marvel_champions,marvel_champions:43011,marvel_champions public card API — verify each source's terms before redistribution,2026-09-10,marvel_champions
marvel_champions_44015.png,tcg_identifier,train,other_tcg,marvel_champions,marvel_champions:44015,marvel_champions public card API — verify each source's terms before redistribution,2026-09-10,marvel_champions
marvel_champions_44022.png,tcg_identifier,train,other_tcg,marvel_champions,marvel_champions:44022,marvel_champions public card API — verify each source's terms before redistribution,2026-09-10,marvel_champions
marvel_champions_44023.png,tcg_identifier,train,other_tcg,marvel_champions,marvel_champions:44023,marvel_champions public card API — verify each source's terms before redistribution,2026-09-10,marvel_champions
marvel_champions_44026.png,tcg_identifier,train,other_tcg,marvel_champions,marvel_champions:44026,marvel_champions public card API — verify each source's terms before redistribution,2026-09-10,marvel_champions
marvel_champions_44051.png,tcg_identifier,train,other_tcg,marvel_champions,marvel_champions:44051,marvel_champions public card API — verify each source's terms before redistribution,2026-09-10,marvel_champions
marvel_champions_44054.png,tcg_identifier,train,other_tcg,marvel_champions,marvel_champions:44054,marvel_champions public card API — verify each source's terms before redistribution,2026-09-10,marvel_champions
marvel_champions_45007.jpg,tcg_identifier,train,other_tcg,marvel_champions,marvel_champions:45007,marvel_champions public card API — verify each source's terms before redistribution,2026-09-10,marvel_champions
marvel_champions_45031.jpg,tcg_identifier,train,other_tcg,marvel_champions,marvel_champions:45031,marvel_champions public card API — verify each source's terms before redistribution,2026-09-10,marvel_champions
marvel_champions_45037.jpg,tcg_identifier,train,other_tcg,marvel_champions,marvel_champions:45037,marvel_champions public card API — verify each source's terms before redistribution,2026-09-10,marvel_champions
marvel_champions_47013.jpg,tcg_identifier,train,other_tcg,marvel_champions,marvel_champions:47013,marvel_champions public card API — verify each source's terms before redistribution,2026-09-10,marvel_champions
marvel_champions_47029.jpg,tcg_identifier,train,other_tcg,marvel_champions,marvel_champions:47029,marvel_champions public card API — verify each source's terms before redistribution,2026-09-10,marvel_champions
marvel_champions_48031.jpg,tcg_identifier,train,other_tcg,marvel_champions,marvel_champions:48031,marvel_champions public card API — verify each source's terms before redistribution,2026-09-10,marvel_champions
marvel_champions_49001b.png,tcg_identifier,train,other_tcg,marvel_champions,marvel_champions:49001b,marvel_champions public card API — verify each source's terms before redistribution,2026-09-10,marvel_champions
marvel_champions_49008.jpg,tcg_identifier,train,other_tcg,marvel_champions,marvel_champions:49008,marvel_champions public card API — verify each source's terms before redistribution,2026-09-10,marvel_champions
marvel_champions_49035.jpg,tcg_identifier,train,other_tcg,marvel_champions,marvel_champions:49035,marvel_champions public card API — verify each source's terms before redistribution,2026-09-10,marvel_champions
marvel_champions_50007.jpg,tcg_identifier,train,other_tcg,marvel_champions,marvel_champions:50007,marvel_champions public card API — verify each source's terms before redistribution,2026-09-10,marvel_champions
marvel_champions_50008.jpg,tcg_identifier,train,other_tcg,marvel_champions,marvel_champions:50008,marvel_champions public card API — verify each source's terms before redistribution,2026-09-10,marvel_champions
marvel_champions_50009.jpg,tcg_identifier,train,other_tcg,marvel_champions,marvel_champions:50009,marvel_champions public card API — verify each source's terms before redistribution,2026-09-10,marvel_champions
marvel_champions_50024.jpg,tcg_identifier,train,other_tcg,marvel_champions,marvel_champions:50024,marvel_champions public card API — verify each source's terms before redistribution,2026-09-10,marvel_champions
marvel_champions_51005.jpg,tcg_identifier,train,other_tcg,marvel_champions,marvel_champions:51005,marvel_champions public card API — verify each source's terms before redistribution,2026-09-10,marvel_champions
marvel_champions_51014.jpg,tcg_identifier,train,other_tcg,marvel_champions,marvel_champions:51014,marvel_champions public card API — verify each source's terms before redistribution,2026-09-10,marvel_champions
marvel_champions_51026.jpg,tcg_identifier,train,other_tcg,marvel_champions,marvel_champions:51026,marvel_champions public card API — verify each source's terms before redistribution,2026-09-10,marvel_champions
marvel_champions_53021.jpg,tcg_identifier,train,other_tcg,marvel_champions,marvel_champions:53021,marvel_champions public card API — verify each source's terms before redistribution,2026-09-10,marvel_champions
marvel_champions_53024.jpg,tcg_identifier,train,other_tcg,marvel_champions,marvel_champions:53024,marvel_champions public card API — verify each source's terms before redistribution,2026-09-10,marvel_champions
marvel_champions_54010.jpg,tcg_identifier,train,other_tcg,marvel_champions,marvel_champions:54010,marvel_champions public card API — verify each source's terms before redistribution,2026-09-10,marvel_champions
marvel_champions_54016.jpg,tcg_identifier,train,other_tcg,marvel_champions,marvel_champions:54016,marvel_champions public card API — verify each source's terms before redistribution,2026-09-10,marvel_champions
marvel_champions_54017.jpg,tcg_identifier,train,other_tcg,marvel_champions,marvel_champions:54017,marvel_champions public card API — verify each source's terms before redistribution,2026-09-10,marvel_champions
marvel_champions_56131.jpg,tcg_identifier,train,other_tcg,marvel_champions,marvel_champions:56131,marvel_champions public card API — verify each source's terms before redistribution,2026-09-10,marvel_champions
marvel_champions_58010.jpg,tcg_identifier,train,other_tcg,marvel_champions,marvel_champions:58010,marvel_champions public card API — verify each source's terms before redistribution,2026-09-10,marvel_champions
marvel_champions_58015.jpg,tcg_identifier,train,other_tcg,marvel_champions,marvel_champions:58015,marvel_champions public card API — verify each source's terms before redistribution,2026-09-10,marvel_champions
marvel_champions_58016.jpg,tcg_identifier,train,other_tcg,marvel_champions,marvel_champions:58016,marvel_champions public card API — verify each source's terms before redistribution,2026-09-10,marvel_champions
marvel_champions_59023.jpg,tcg_identifier,train,other_tcg,marvel_champions,marvel_champions:59023,marvel_champions public card API — verify each source's terms before redistribution,2026-09-10,marvel_champions
marvel_champions_60011.jpg,tcg_identifier,train,other_tcg,marvel_champions,marvel_champions:60011,marvel_champions public card API — verify each source's terms before redistribution,2026-09-10,marvel_champions
marvel_champions_61001a.png,tcg_identifier,train,other_tcg,marvel_champions,marvel_champions:61001a,marvel_champions public card API — verify each source's terms before redistribution,2026-09-10,marvel_champions
netrunner_00008.jpg,tcg_identifier,train,other_tcg,netrunner,netrunner:00008,netrunner public card API — verify each source's terms before redistribution,2026-09-10,netrunner
netrunner_00009.jpg,tcg_identifier,train,other_tcg,netrunner,netrunner:00009,netrunner public card API — verify each source's terms before redistribution,2026-09-10,netrunner
netrunner_01037.jpg,tcg_identifier,train,other_tcg,netrunner,netrunner:01037,netrunner public card API — verify each source's terms before redistribution,2026-09-10,netrunner
netrunner_01083.jpg,tcg_identifier,train,other_tcg,netrunner,netrunner:01083,netrunner public card API — verify each source's terms before redistribution,2026-09-10,netrunner
netrunner_02017.jpg,tcg_identifier,train,other_tcg,netrunner,netrunner:02017,netrunner public card API — verify each source's terms before redistribution,2026-09-10,netrunner
netrunner_02049.jpg,tcg_identifier,train,other_tcg,netrunner,netrunner:02049,netrunner public card API — verify each source's terms before redistribution,2026-09-10,netrunner
netrunner_02057.jpg,tcg_identifier,train,other_tcg,netrunner,netrunner:02057,netrunner public card API — verify each source's terms before redistribution,2026-09-10,netrunner
netrunner_02072.jpg,tcg_identifier,train,other_tcg,netrunner,netrunner:02072,netrunner public card API — verify each source's terms before redistribution,2026-09-10,netrunner
netrunner_04003.jpg,tcg_identifier,train,other_tcg,netrunner,netrunner:04003,netrunner public card API — verify each source's terms before redistribution,2026-09-10,netrunner
netrunner_04010.jpg,tcg_identifier,train,other_tcg,netrunner,netrunner:04010,netrunner public card API — verify each source's terms before redistribution,2026-09-10,netrunner
netrunner_04011.jpg,tcg_identifier,train,other_tcg,netrunner,netrunner:04011,netrunner public card API — verify each source's terms before redistribution,2026-09-10,netrunner
netrunner_04049.jpg,tcg_identifier,train,other_tcg,netrunner,netrunner:04049,netrunner public card API — verify each source's terms before redistribution,2026-09-10,netrunner
netrunner_04068.jpg,tcg_identifier,train,other_tcg,netrunner,netrunner:04068,netrunner public card API — verify each source's terms before redistribution,2026-09-10,netrunner
netrunner_04104.jpg,tcg_identifier,train,other_tcg,netrunner,netrunner:04104,netrunner public card API — verify each source's terms before redistribution,2026-09-10,netrunner
netrunner_04106.jpg,tcg_identifier,train,other_tcg,netrunner,netrunner:04106,netrunner public card API — verify each source's terms before redistribution,2026-09-10,netrunner
netrunner_05050.jpg,tcg_identifier,train,other_tcg,netrunner,netrunner:05050,netrunner public card API — verify each source's terms before redistribution,2026-09-10,netrunner
netrunner_06032.jpg,tcg_identifier,train,other_tcg,netrunner,netrunner:06032,netrunner public card API — verify each source's terms before redistribution,2026-09-10,netrunner
netrunner_06060.jpg,tcg_identifier,train,other_tcg,netrunner,netrunner:06060,netrunner public card API — verify each source's terms before redistribution,2026-09-10,netrunner
netrunner_06109.jpg,tcg_identifier,train,other_tcg,netrunner,netrunner:06109,netrunner public card API — verify each source's terms before redistribution,2026-09-10,netrunner
netrunner_06112.jpg,tcg_identifier,train,other_tcg,netrunner,netrunner:06112,netrunner public card API — verify each source's terms before redistribution,2026-09-10,netrunner
netrunner_07001.jpg,tcg_identifier,train,other_tcg,netrunner,netrunner:07001,netrunner public card API — verify each source's terms before redistribution,2026-09-10,netrunner
netrunner_08043.jpg,tcg_identifier,train,other_tcg,netrunner,netrunner:08043,netrunner public card API — verify each source's terms before redistribution,2026-09-10,netrunner
netrunner_08091.jpg,tcg_identifier,train,other_tcg,netrunner,netrunner:08091,netrunner public card API — verify each source's terms before redistribution,2026-09-10,netrunner
netrunner_09037.jpg,tcg_identifier,train,other_tcg,netrunner,netrunner:09037,netrunner public card API — verify each source's terms before redistribution,2026-09-10,netrunner
netrunner_10008.jpg,tcg_identifier,train,other_tcg,netrunner,netrunner:10008,netrunner public card API — verify each source's terms before redistribution,2026-09-10,netrunner
netrunner_10032.jpg,tcg_identifier,train,other_tcg,netrunner,netrunner:10032,netrunner public card API — verify each source's terms before redistribution,2026-09-10,netrunner
netrunner_10051.jpg,tcg_identifier,train,other_tcg,netrunner,netrunner:10051,netrunner public card API — verify each source's terms before redistribution,2026-09-10,netrunner
netrunner_10055.jpg,tcg_identifier,train,other_tcg,netrunner,netrunner:10055,netrunner public card API — verify each source's terms before redistribution,2026-09-10,netrunner
netrunner_11112.jpg,tcg_identifier,train,other_tcg,netrunner,netrunner:11112,netrunner public card API — verify each source's terms before redistribution,2026-09-10,netrunner
netrunner_12011.jpg,tcg_identifier,train,other_tcg,netrunner,netrunner:12011,netrunner public card API — verify each source's terms before redistribution,2026-09-10,netrunner
netrunner_12035.jpg,tcg_identifier,train,other_tcg,netrunner,netrunner:12035,netrunner public card API — verify each source's terms before redistribution,2026-09-10,netrunner
netrunner_12098.jpg,tcg_identifier,train,other_tcg,netrunner,netrunner:12098,netrunner public card API — verify each source's terms before redistribution,2026-09-10,netrunner
netrunner_12105.jpg,tcg_identifier,train,other_tcg,netrunner,netrunner:12105,netrunner public card API — verify each source's terms before redistribution,2026-09-10,netrunner
netrunner_13022.jpg,tcg_identifier,train,other_tcg,netrunner,netrunner:13022,netrunner public card API — verify each source's terms before redistribution,2026-09-10,netrunner
netrunner_13042.jpg,tcg_identifier,train,other_tcg,netrunner,netrunner:13042,netrunner public card API — verify each source's terms before redistribution,2026-09-10,netrunner
netrunner_13057.jpg,tcg_identifier,train,other_tcg,netrunner,netrunner:13057,netrunner public card API — verify each source's terms before redistribution,2026-09-10,netrunner
netrunner_14025.jpg,tcg_identifier,train,other_tcg,netrunner,netrunner:14025,netrunner public card API — verify each source's terms before redistribution,2026-09-10,netrunner
netrunner_20022.jpg,tcg_identifier,train,other_tcg,netrunner,netrunner:20022,netrunner public card API — verify each source's terms before redistribution,2026-09-10,netrunner
netrunner_20048.jpg,tcg_identifier,train,other_tcg,netrunner,netrunner:20048,netrunner public card API — verify each source's terms before redistribution,2026-09-10,netrunner
netrunner_20057.jpg,tcg_identifier,train,other_tcg,netrunner,netrunner:20057,netrunner public card API — verify each source's terms before redistribution,2026-09-10,netrunner
netrunner_20064.jpg,tcg_identifier,train,other_tcg,netrunner,netrunner:20064,netrunner public card API — verify each source's terms before redistribution,2026-09-10,netrunner
netrunner_20102.jpg,tcg_identifier,train,other_tcg,netrunner,netrunner:20102,netrunner public card API — verify each source's terms before redistribution,2026-09-10,netrunner
netrunner_20119.jpg,tcg_identifier,train,other_tcg,netrunner,netrunner:20119,netrunner public card API — verify each source's terms before redistribution,2026-09-10,netrunner
netrunner_20132.jpg,tcg_identifier,train,other_tcg,netrunner,netrunner:20132,netrunner public card API — verify each source's terms before redistribution,2026-09-10,netrunner
netrunner_21026.jpg,tcg_identifier,train,other_tcg,netrunner,netrunner:21026,netrunner public card API — verify each source's terms before redistribution,2026-09-10,netrunner
netrunner_21045.jpg,tcg_identifier,train,other_tcg,netrunner,netrunner:21045,netrunner public card API — verify each source's terms before redistribution,2026-09-10,netrunner
netrunner_21049.jpg,tcg_identifier,train,other_tcg,netrunner,netrunner:21049,netrunner public card API — verify each source's terms before redistribution,2026-09-10,netrunner
netrunner_21113.jpg,tcg_identifier,train,other_tcg,netrunner,netrunner:21113,netrunner public card API — verify each source's terms before redistribution,2026-09-10,netrunner
netrunner_22014.jpg,tcg_identifier,train,other_tcg,netrunner,netrunner:22014,netrunner public card API — verify each source's terms before redistribution,2026-09-10,netrunner
netrunner_25017.jpg,tcg_identifier,train,other_tcg,netrunner,netrunner:25017,netrunner public card API — verify each source's terms before redistribution,2026-09-10,netrunner
netrunner_25147.jpg,tcg_identifier,train,other_tcg,netrunner,netrunner:25147,netrunner public card API — verify each source's terms before redistribution,2026-09-13,netrunner
netrunner_26027.jpg,tcg_identifier,train,other_tcg,netrunner,netrunner:26027,netrunner public card API — verify each source's terms before redistribution,2026-09-13,netrunner
netrunner_26037.jpg,tcg_identifier,train,other_tcg,netrunner,netrunner:26037,netrunner public card API — verify each source's terms before redistribution,2026-09-13,netrunner
netrunner_26064.jpg,tcg_identifier,train,other_tcg,netrunner,netrunner:26064,netrunner public card API — verify each source's terms before redistribution,2026-09-13,netrunner
netrunner_29017.jpg,tcg_identifier,train,other_tcg,netrunner,netrunner:29017,netrunner public card API — verify each source's terms before redistribution,2026-09-13,netrunner
netrunner_30029.jpg,tcg_identifier,train,other_tcg,netrunner,netrunner:30029,netrunner public card API — verify each source's terms before redistribution,2026-09-13,netrunner
netrunner_30036.jpg,tcg_identifier,train,other_tcg,netrunner,netrunner:30036,netrunner public card API — verify each source's terms before redistribution,2026-09-13,netrunner
netrunner_30056.jpg,tcg_identifier,train,other_tcg,netrunner,netrunner:30056,netrunner public card API — verify each source's terms before redistribution,2026-09-13,netrunner
netrunner_31019.jpg,tcg_identifier,train,other_tcg,netrunner,netrunner:31019,netrunner public card API — verify each source's terms before redistribution,2026-09-13,netrunner
netrunner_31051.jpg,tcg_identifier,train,other_tcg,netrunner,netrunner:31051,netrunner public card API — verify each source's terms before redistribution,2026-09-13,netrunner
netrunner_31064.jpg,tcg_identifier,train,other_tcg,netrunner,netrunner:31064,netrunner public card API — verify each source's terms before redistribution,2026-09-13,netrunner
netrunner_33001.jpg,tcg_identifier,train,other_tcg,netrunner,netrunner:33001,netrunner public card API — verify each source's terms before redistribution,2026-09-13,netrunner
netrunner_33035.jpg,tcg_identifier,train,other_tcg,netrunner,netrunner:33035,netrunner public card API — verify each source's terms before redistribution,2026-09-13,netrunner
netrunner_33111.jpg,tcg_identifier,train,other_tcg,netrunner,netrunner:33111,netrunner public card API — verify each source's terms before redistribution,2026-09-13,netrunner
netrunner_33120.jpg,tcg_identifier,train,other_tcg,netrunner,netrunner:33120,netrunner public card API — verify each source's terms before redistribution,2026-09-13,netrunner
netrunner_34053.jpg,tcg_identifier,train,other_tcg,netrunner,netrunner:34053,netrunner public card API — verify each source's terms before redistribution,2026-09-13,netrunner
netrunner_34054.jpg,tcg_identifier,train,other_tcg,netrunner,netrunner:34054,netrunner public card API — verify each source's terms before redistribution,2026-09-13,netrunner
netrunner_34096.jpg,tcg_identifier,train,other_tcg,netrunner,netrunner:34096,netrunner public card API — verify each source's terms before redistribution,2026-09-13,netrunner
netrunner_35009.jpg,tcg_identifier,train,other_tcg,netrunner,netrunner:35009,netrunner public card API — verify each source's terms before redistribution,2026-09-13,netrunner
netrunner_35020.jpg,tcg_identifier,train,other_tcg,netrunner,netrunner:35020,netrunner public card API — verify each source's terms before redistribution,2026-09-13,netrunner
netrunner_35024.jpg,tcg_identifier,train,other_tcg,netrunner,netrunner:35024,netrunner public card API — verify each source's terms before redistribution,2026-09-13,netrunner
netrunner_35027.jpg,tcg_identifier,train,other_tcg,netrunner,netrunner:35027,netrunner public card API — verify each source's terms before redistribution,2026-09-13,netrunner
netrunner_35046.jpg,tcg_identifier,train,other_tcg,netrunner,netrunner:35046,netrunner public card API — verify each source's terms before redistribution,2026-09-13,netrunner
netrunner_35066.jpg,tcg_identifier,train,other_tcg,netrunner,netrunner:35066,netrunner public card API — verify each source's terms before redistribution,2026-09-13,netrunner
netrunner_35079.jpg,tcg_identifier,train,other_tcg,netrunner,netrunner:35079,netrunner public card API — verify each source's terms before redistribution,2026-09-13,netrunner
netrunner_36008.jpg,tcg_identifier,train,other_tcg,netrunner,netrunner:36008,netrunner public card API — verify each source's terms before redistribution,2026-09-13,netrunner
netrunner_36009.jpg,tcg_identifier,train,other_tcg,netrunner,netrunner:36009,netrunner public card API — verify each source's terms before redistribution,2026-09-13,netrunner
bwp-BW07.png,tcg_identifier,test,pokemon,pokemon,tcgdex.net:bwp-BW07,TCGdex — verify tcgdex.dev terms before redistribution,2026-09-13,Tepig
bwp-BW11.png,tcg_identifier,test,pokemon,pokemon,tcgdex.net:bwp-BW11,TCGdex — verify tcgdex.dev terms before redistribution,2026-09-13,Pansage
bwp-BW12.png,tcg_identifier,test,pokemon,pokemon,tcgdex.net:bwp-BW12,TCGdex — verify tcgdex.dev terms before redistribution,2026-09-13,Zorua
bwp-BW15.png,tcg_identifier,test,pokemon,pokemon,tcgdex.net:bwp-BW15,TCGdex — verify tcgdex.dev terms before redistribution,2026-09-13,Pidove
bwp-BW16.png,tcg_identifier,test,pokemon,pokemon,tcgdex.net:bwp-BW16,TCGdex — verify tcgdex.dev terms before redistribution,2026-09-13,Axew
bwp-BW27.png,tcg_identifier,test,pokemon,pokemon,tcgdex.net:bwp-BW27,TCGdex — verify tcgdex.dev terms before redistribution,2026-09-13,Litwick
bwp-BW28.png,tcg_identifier,test,pokemon,pokemon,tcgdex.net:bwp-BW28,TCGdex — verify tcgdex.dev terms before redistribution,2026-09-13,Tropical Beach
bwp-BW33.png,tcg_identifier,test,pokemon,pokemon,tcgdex.net:bwp-BW33,TCGdex — verify tcgdex.dev terms before redistribution,2026-09-13,Riolu
bwp-BW34.png,tcg_identifier,test,pokemon,pokemon,tcgdex.net:bwp-BW34,TCGdex — verify tcgdex.dev terms before redistribution,2026-09-13,Luxio
bwp-BW37.png,tcg_identifier,test,pokemon,pokemon,tcgdex.net:bwp-BW37,TCGdex — verify tcgdex.dev terms before redistribution,2026-09-13,Kyurem-EX
bwp-BW43.png,tcg_identifier,test,pokemon,pokemon,tcgdex.net:bwp-BW43,TCGdex — verify tcgdex.dev terms before redistribution,2026-09-13,Landorus
bwp-BW44.png,tcg_identifier,test,pokemon,pokemon,tcgdex.net:bwp-BW44,TCGdex — verify tcgdex.dev terms before redistribution,2026-09-13,Kyurem
bwp-BW67.png,tcg_identifier,test,pokemon,pokemon,tcgdex.net:bwp-BW67,TCGdex — verify tcgdex.dev terms before redistribution,2026-09-13,Ampharos
bwp-BW71.png,tcg_identifier,test,pokemon,pokemon,tcgdex.net:bwp-BW71,TCGdex — verify tcgdex.dev terms before redistribution,2026-09-13,Terrakion
bwp-BW80.png,tcg_identifier,test,pokemon,pokemon,tcgdex.net:bwp-BW80,TCGdex — verify tcgdex.dev terms before redistribution,2026-09-13,Druddigon
bwp-BW87.png,tcg_identifier,test,pokemon,pokemon,tcgdex.net:bwp-BW87,TCGdex — verify tcgdex.dev terms before redistribution,2026-09-13,Leafeon
bwp-BW99.png,tcg_identifier,test,pokemon,pokemon,tcgdex.net:bwp-BW99,TCGdex — verify tcgdex.dev terms before redistribution,2026-09-13,Genesect
swsh12-012.png,tcg_identifier,test,pokemon,pokemon,tcgdex.net:swsh12-012,TCGdex — verify tcgdex.dev terms before redistribution,2026-09-13,Amoonguss
swsh12-017.png,tcg_identifier,test,pokemon,pokemon,tcgdex.net:swsh12-017,TCGdex — verify tcgdex.dev terms before redistribution,2026-09-13,Vulpix
swsh12-018.png,tcg_identifier,test,pokemon,pokemon,tcgdex.net:swsh12-018,TCGdex — verify tcgdex.dev terms before redistribution,2026-09-13,Ninetales
swsh12-021.png,tcg_identifier,test,pokemon,pokemon,tcgdex.net:swsh12-021,TCGdex — verify tcgdex.dev terms before redistribution,2026-09-13,Ponyta
swsh12-023.png,tcg_identifier,test,pokemon,pokemon,tcgdex.net:swsh12-023,TCGdex — verify tcgdex.dev terms before redistribution,2026-09-13,Victini
swsh12-027.png,tcg_identifier,test,pokemon,pokemon,tcgdex.net:swsh12-027,TCGdex — verify tcgdex.dev terms before redistribution,2026-09-13,Delphox
swsh12-039.png,tcg_identifier,test,pokemon,pokemon,tcgdex.net:swsh12-039,TCGdex — verify tcgdex.dev terms before redistribution,2026-09-13,Feebas
swsh12-044.png,tcg_identifier,test,pokemon,pokemon,tcgdex.net:swsh12-044,TCGdex — verify tcgdex.dev terms before redistribution,2026-09-13,Relicanth
swsh12-050.png,tcg_identifier,test,pokemon,pokemon,tcgdex.net:swsh12-050,TCGdex — verify tcgdex.dev terms before redistribution,2026-09-13,Raichu
swsh12-053.png,tcg_identifier,test,pokemon,pokemon,tcgdex.net:swsh12-053,TCGdex — verify tcgdex.dev terms before redistribution,2026-09-13,Rotom
swsh12-063.png,tcg_identifier,test,pokemon,pokemon,tcgdex.net:swsh12-063,TCGdex — verify tcgdex.dev terms before redistribution,2026-09-13,Misdreavus
swsh12-078.png,tcg_identifier,test,pokemon,pokemon,tcgdex.net:swsh12-078,TCGdex — verify tcgdex.dev terms before redistribution,2026-09-13,Reuniclus
swsh12-080.png,tcg_identifier,test,pokemon,pokemon,tcgdex.net:swsh12-080,TCGdex — verify tcgdex.dev terms before redistribution,2026-09-13,Beheeyem
swsh12-084.png,tcg_identifier,test,pokemon,pokemon,tcgdex.net:swsh12-084,TCGdex — verify tcgdex.dev terms before redistribution,2026-09-13,Slurpuff
swsh12-092.png,tcg_identifier,test,pokemon,pokemon,tcgdex.net:swsh12-092,TCGdex — verify tcgdex.dev terms before redistribution,2026-09-13,Donphan
swsh12-093.png,tcg_identifier,test,pokemon,pokemon,tcgdex.net:swsh12-093,TCGdex — verify tcgdex.dev terms before redistribution,2026-09-13,Baltoy
swsh12-107.png,tcg_identifier,test,pokemon,pokemon,tcgdex.net:swsh12-107,TCGdex — verify tcgdex.dev terms before redistribution,2026-09-13,Honchkrow
swsh12-109.png,tcg_identifier,test,pokemon,pokemon,tcgdex.net:swsh12-109,TCGdex — verify tcgdex.dev terms before redistribution,2026-09-13,Croagunk
swsh12-112.png,tcg_identifier,test,pokemon,pokemon,tcgdex.net:swsh12-112,TCGdex — verify tcgdex.dev terms before redistribution,2026-09-13,Krokorok
swsh12-114.png,tcg_identifier,test,pokemon,pokemon,tcgdex.net:swsh12-114,TCGdex — verify tcgdex.dev terms before redistribution,2026-09-13,Mareanie
swsh12-120.png,tcg_identifier,test,pokemon,pokemon,tcgdex.net:swsh12-120,TCGdex — verify tcgdex.dev terms before redistribution,2026-09-13,Radiant Jirachi
swsh12-121.png,tcg_identifier,test,pokemon,pokemon,tcgdex.net:swsh12-121,TCGdex — verify tcgdex.dev terms before redistribution,2026-09-13,Ferroseed
swsh12-125.png,tcg_identifier,test,pokemon,pokemon,tcgdex.net:swsh12-125,TCGdex — verify tcgdex.dev terms before redistribution,2026-09-13,Klinklang
swsh12-127.png,tcg_identifier,test,pokemon,pokemon,tcgdex.net:swsh12-127,TCGdex — verify tcgdex.dev terms before redistribution,2026-09-13,Togedemaru
swsh12-128.png,tcg_identifier,test,pokemon,pokemon,tcgdex.net:swsh12-128,TCGdex — verify tcgdex.dev terms before redistribution,2026-09-13,Magearna V
swsh12-132.png,tcg_identifier,test,pokemon,pokemon,tcgdex.net:swsh12-132,TCGdex — verify tcgdex.dev terms before redistribution,2026-09-13,Noibat
swsh12-137.png,tcg_identifier,test,pokemon,pokemon,tcgdex.net:swsh12-137,TCGdex — verify tcgdex.dev terms before redistribution,2026-09-13,Smeargle
swsh12-146.png,tcg_identifier,test,pokemon,pokemon,tcgdex.net:swsh12-146,TCGdex — verify tcgdex.dev terms before redistribution,2026-09-13,Archen
swsh12-150.png,tcg_identifier,test,pokemon,pokemon,tcgdex.net:swsh12-150,TCGdex — verify tcgdex.dev terms before redistribution,2026-09-13,Fletchling
swsh12-152.png,tcg_identifier,test,pokemon,pokemon,tcgdex.net:swsh12-152,TCGdex — verify tcgdex.dev terms before redistribution,2026-09-13,Candice
swsh12-153.png,tcg_identifier,test,pokemon,pokemon,tcgdex.net:swsh12-153,TCGdex — verify tcgdex.dev terms before redistribution,2026-09-13,Capturing Aroma
swsh12-154.png,tcg_identifier,test,pokemon,pokemon,tcgdex.net:swsh12-154,TCGdex — verify tcgdex.dev terms before redistribution,2026-09-13,Earthen Seal Stone
swsh12-158.png,tcg_identifier,test,pokemon,pokemon,tcgdex.net:swsh12-158,TCGdex — verify tcgdex.dev terms before redistribution,2026-09-13,Gym Trainer
swsh12-162.png,tcg_identifier,test,pokemon,pokemon,tcgdex.net:swsh12-162,TCGdex — verify tcgdex.dev terms before redistribution,2026-09-13,Professor Laventon
swsh12-163.png,tcg_identifier,test,pokemon,pokemon,tcgdex.net:swsh12-163,TCGdex — verify tcgdex.dev terms before redistribution,2026-09-13,Quad Stone
swsh12-187.png,tcg_identifier,test,pokemon,pokemon,tcgdex.net:swsh12-187,TCGdex — verify tcgdex.dev terms before redistribution,2026-09-13,Ho-Oh V
swsh12-189.png,tcg_identifier,test,pokemon,pokemon,tcgdex.net:swsh12-189,TCGdex — verify tcgdex.dev terms before redistribution,2026-09-13,Candice
swsh12-190.png,tcg_identifier,test,pokemon,pokemon,tcgdex.net:swsh12-190,TCGdex — verify tcgdex.dev terms before redistribution,2026-09-13,Furisode Girl
swsh12-191.png,tcg_identifier,test,pokemon,pokemon,tcgdex.net:swsh12-191,TCGdex — verify tcgdex.dev terms before redistribution,2026-09-13,Gym Trainer
swsh12-194.png,tcg_identifier,test,pokemon,pokemon,tcgdex.net:swsh12-194,TCGdex — verify tcgdex.dev terms before redistribution,2026-09-13,Wallace
swsh12-203.png,tcg_identifier,test,pokemon,pokemon,tcgdex.net:swsh12-203,TCGdex — verify tcgdex.dev terms before redistribution,2026-09-13,Brandon
swsh12-210.png,tcg_identifier,test,pokemon,pokemon,tcgdex.net:swsh12-210,TCGdex — verify tcgdex.dev terms before redistribution,2026-09-13,Serperior VSTAR
swsh12-215.png,tcg_identifier,test,pokemon,pokemon,tcgdex.net:swsh12-215,TCGdex — verify tcgdex.dev terms before redistribution,2026-09-13,V Guard Energy
bwp-BW01.png,tcg_identifier,train,pokemon,pokemon,pokemontcg.io:bwp-BW01,Pokémon TCG API — verify docs.pokemontcg.io terms before redistribution,2026-09-10,Snivy
bwp-BW02.png,tcg_identifier,train,pokemon,pokemon,pokemontcg.io:bwp-BW02,Pokémon TCG API — verify docs.pokemontcg.io terms before redistribution,2026-09-10,Tepig
bwp-BW03.png,tcg_identifier,train,pokemon,pokemon,pokemontcg.io:bwp-BW03,Pokémon TCG API — verify docs.pokemontcg.io terms before redistribution,2026-09-10,Oshawott
bwp-BW08.png,tcg_identifier,train,pokemon,pokemon,tcgdex.net:bwp-BW08,TCGdex — verify tcgdex.dev terms before redistribution,2026-09-13,Oshawott
bwp-BW09.png,tcg_identifier,train,pokemon,pokemon,tcgdex.net:bwp-BW09,TCGdex — verify tcgdex.dev terms before redistribution,2026-09-13,Zoroark
bwp-BW10.png,tcg_identifier,train,pokemon,pokemon,tcgdex.net:bwp-BW10,TCGdex — verify tcgdex.dev terms before redistribution,2026-09-13,Axew
bwp-BW100.png,tcg_identifier,train,pokemon,pokemon,tcgdex.net:bwp-BW100,TCGdex — verify tcgdex.dev terms before redistribution,2026-09-13,N
bwp-BW101.png,tcg_identifier,train,pokemon,pokemon,tcgdex.net:bwp-BW101,TCGdex — verify tcgdex.dev terms before redistribution,2026-09-13,Genesect
bwp-BW13.png,tcg_identifier,train,pokemon,pokemon,tcgdex.net:bwp-BW13,TCGdex — verify tcgdex.dev terms before redistribution,2026-09-13,Minccino
bwp-BW14.png,tcg_identifier,train,pokemon,pokemon,tcgdex.net:bwp-BW14,TCGdex — verify tcgdex.dev terms before redistribution,2026-09-13,Pansage
bwp-BW17.png,tcg_identifier,train,pokemon,pokemon,tcgdex.net:bwp-BW17,TCGdex — verify tcgdex.dev terms before redistribution,2026-09-13,Ducklett
bwp-BW18.png,tcg_identifier,train,pokemon,pokemon,tcgdex.net:bwp-BW18,TCGdex — verify tcgdex.dev terms before redistribution,2026-09-13,Darumaka
bwp-BW19.png,tcg_identifier,train,pokemon,pokemon,tcgdex.net:bwp-BW19,TCGdex — verify tcgdex.dev terms before redistribution,2026-09-13,Zoroark
bwp-BW20.png,tcg_identifier,train,pokemon,pokemon,tcgdex.net:bwp-BW20,TCGdex — verify tcgdex.dev terms before redistribution,2026-09-13,Serperior
bwp-BW21.png,tcg_identifier,train,pokemon,pokemon,tcgdex.net:bwp-BW21,TCGdex — verify tcgdex.dev terms before redistribution,2026-09-13,Emboar
bwp-BW22.png,tcg_identifier,train,pokemon,pokemon,tcgdex.net:bwp-BW22,TCGdex — verify tcgdex.dev terms before redistribution,2026-09-13,Samurott
bwp-BW23.png,tcg_identifier,train,pokemon,pokemon,tcgdex.net:bwp-BW23,TCGdex — verify tcgdex.dev terms before redistribution,2026-09-13,Reshiram
bwp-BW24.png,tcg_identifier,train,pokemon,pokemon,tcgdex.net:bwp-BW24,TCGdex — verify tcgdex.dev terms before redistribution,2026-09-13,Zekrom
bwp-BW25.png,tcg_identifier,train,pokemon,pokemon,tcgdex.net:bwp-BW25,TCGdex — verify tcgdex.dev terms before redistribution,2026-09-13,Scraggy
bwp-BW26.png,tcg_identifier,train,pokemon,pokemon,tcgdex.net:bwp-BW26,TCGdex — verify tcgdex.dev terms before redistribution,2026-09-13,Axew
bwp-BW29.png,tcg_identifier,train,pokemon,pokemon,tcgdex.net:bwp-BW29,TCGdex — verify tcgdex.dev terms before redistribution,2026-09-13,Victory Cup
bwp-BW30.png,tcg_identifier,train,pokemon,pokemon,tcgdex.net:bwp-BW30,TCGdex — verify tcgdex.dev terms before redistribution,2026-09-13,Victory Cup
bwp-BW31.png,tcg_identifier,train,pokemon,pokemon,tcgdex.net:bwp-BW31,TCGdex — verify tcgdex.dev terms before redistribution,2026-09-13,Victory Cup
bwp-BW32.png,tcg_identifier,train,pokemon,pokemon,tcgdex.net:bwp-BW32,TCGdex — verify tcgdex.dev terms before redistribution,2026-09-13,Victini
bwp-BW35.png,tcg_identifier,train,pokemon,pokemon,tcgdex.net:bwp-BW35,TCGdex — verify tcgdex.dev terms before redistribution,2026-09-13,Meowth
bwp-BW36.png,tcg_identifier,train,pokemon,pokemon,tcgdex.net:bwp-BW36,TCGdex — verify tcgdex.dev terms before redistribution,2026-09-13,Reshiram-EX
bwp-BW38.png,tcg_identifier,train,pokemon,pokemon,tcgdex.net:bwp-BW38,TCGdex — verify tcgdex.dev terms before redistribution,2026-09-13,Zekrom-EX
bwp-BW39.png,tcg_identifier,train,pokemon,pokemon,tcgdex.net:bwp-BW39,TCGdex — verify tcgdex.dev terms before redistribution,2026-09-13,Battle City
bwp-BW40.png,tcg_identifier,train,pokemon,pokemon,tcgdex.net:bwp-BW40,TCGdex — verify tcgdex.dev terms before redistribution,2026-09-13,Volcarona
bwp-BW41.png,tcg_identifier,train,pokemon,pokemon,tcgdex.net:bwp-BW41,TCGdex — verify tcgdex.dev terms before redistribution,2026-09-13,Thundurus
bwp-BW42.png,tcg_identifier,train,pokemon,pokemon,tcgdex.net:bwp-BW42,TCGdex — verify tcgdex.dev terms before redistribution,2026-09-13,Tornadus
bwp-BW45.png,tcg_identifier,train,pokemon,pokemon,tcgdex.net:bwp-BW45,TCGdex — verify tcgdex.dev terms before redistribution,2026-09-13,Mewtwo-EX
bwp-BW46.png,tcg_identifier,train,pokemon,pokemon,tcgdex.net:bwp-BW46,TCGdex — verify tcgdex.dev terms before redistribution,2026-09-13,Darkrai-EX
bwp-BW47.png,tcg_identifier,train,pokemon,pokemon,tcgdex.net:bwp-BW47,TCGdex — verify tcgdex.dev terms before redistribution,2026-09-13,Rayquaza-EX
bwp-BW48.png,tcg_identifier,train,pokemon,pokemon,tcgdex.net:bwp-BW48,TCGdex — verify tcgdex.dev terms before redistribution,2026-09-13,Altaria
bwp-BW49.png,tcg_identifier,train,pokemon,pokemon,tcgdex.net:bwp-BW49,TCGdex — verify tcgdex.dev terms before redistribution,2026-09-13,Lilligant
bwp-BW50.png,tcg_identifier,train,pokemon,pokemon,tcgdex.net:bwp-BW50,TCGdex — verify tcgdex.dev terms before redistribution,2026-09-13,Tropical Beach
bwp-BW51.png,tcg_identifier,train,pokemon,pokemon,tcgdex.net:bwp-BW51,TCGdex — verify tcgdex.dev terms before redistribution,2026-09-13,Crobat
bwp-BW52.png,tcg_identifier,train,pokemon,pokemon,tcgdex.net:bwp-BW52,TCGdex — verify tcgdex.dev terms before redistribution,2026-09-13,Lillipup
bwp-BW53.png,tcg_identifier,train,pokemon,pokemon,tcgdex.net:bwp-BW53,TCGdex — verify tcgdex.dev terms before redistribution,2026-09-13,Flygon
bwp-BW54.png,tcg_identifier,train,pokemon,pokemon,tcgdex.net:bwp-BW54,TCGdex — verify tcgdex.dev terms before redistribution,2026-09-13,Pikachu
bwp-BW55.png,tcg_identifier,train,pokemon,pokemon,tcgdex.net:bwp-BW55,TCGdex — verify tcgdex.dev terms before redistribution,2026-09-13,Elgyem
bwp-BW56.png,tcg_identifier,train,pokemon,pokemon,tcgdex.net:bwp-BW56,TCGdex — verify tcgdex.dev terms before redistribution,2026-09-13,Empoleon
bwp-BW57.png,tcg_identifier,train,pokemon,pokemon,tcgdex.net:bwp-BW57,TCGdex — verify tcgdex.dev terms before redistribution,2026-09-13,Haxorus
bwp-BW58.png,tcg_identifier,train,pokemon,pokemon,tcgdex.net:bwp-BW58,TCGdex — verify tcgdex.dev terms before redistribution,2026-09-13,Black Kyurem
bwp-BW59.png,tcg_identifier,train,pokemon,pokemon,tcgdex.net:bwp-BW59,TCGdex — verify tcgdex.dev terms before redistribution,2026-09-13,White Kyurem
bwp-BW60.png,tcg_identifier,train,pokemon,pokemon,tcgdex.net:bwp-BW60,TCGdex — verify tcgdex.dev terms before redistribution,2026-09-13,Keldeo
bwp-BW61.png,tcg_identifier,train,pokemon,pokemon,tcgdex.net:bwp-BW61,TCGdex — verify tcgdex.dev terms before redistribution,2026-09-13,Keldeo-EX
bwp-BW62.png,tcg_identifier,train,pokemon,pokemon,tcgdex.net:bwp-BW62,TCGdex — verify tcgdex.dev terms before redistribution,2026-09-13,Black Kyurem-EX
bwp-BW63.png,tcg_identifier,train,pokemon,pokemon,tcgdex.net:bwp-BW63,TCGdex — verify tcgdex.dev terms before redistribution,2026-09-13,White Kyurem-EX
bwp-BW64.png,tcg_identifier,train,pokemon,pokemon,tcgdex.net:bwp-BW64,TCGdex — verify tcgdex.dev terms before redistribution,2026-09-13,Drifblim
bwp-BW65.png,tcg_identifier,train,pokemon,pokemon,tcgdex.net:bwp-BW65,TCGdex — verify tcgdex.dev terms before redistribution,2026-09-13,Jigglypuff
bwp-BW66.png,tcg_identifier,train,pokemon,pokemon,tcgdex.net:bwp-BW66,TCGdex — verify tcgdex.dev terms before redistribution,2026-09-13,Ninetales
bwp-BW68.png,tcg_identifier,train,pokemon,pokemon,tcgdex.net:bwp-BW68,TCGdex — verify tcgdex.dev terms before redistribution,2026-09-13,Meloetta
bwp-BW69.png,tcg_identifier,train,pokemon,pokemon,tcgdex.net:bwp-BW69,TCGdex — verify tcgdex.dev terms before redistribution,2026-09-13,Meloetta
bwp-BW70.png,tcg_identifier,train,pokemon,pokemon,tcgdex.net:bwp-BW70,TCGdex — verify tcgdex.dev terms before redistribution,2026-09-13,Virizion
bwp-BW72.png,tcg_identifier,train,pokemon,pokemon,tcgdex.net:bwp-BW72,TCGdex — verify tcgdex.dev terms before redistribution,2026-09-13,Cobalion
bwp-BW73.png,tcg_identifier,train,pokemon,pokemon,tcgdex.net:bwp-BW73,TCGdex — verify tcgdex.dev terms before redistribution,2026-09-13,Darkrai
bwp-BW74.png,tcg_identifier,train,pokemon,pokemon,tcgdex.net:bwp-BW74,TCGdex — verify tcgdex.dev terms before redistribution,2026-09-13,Giratina
bwp-BW75.png,tcg_identifier,train,pokemon,pokemon,tcgdex.net:bwp-BW75,TCGdex — verify tcgdex.dev terms before redistribution,2026-09-13,Metagross
bwp-BW76.png,tcg_identifier,train,pokemon,pokemon,tcgdex.net:bwp-BW76,TCGdex — verify tcgdex.dev terms before redistribution,2026-09-13,Electrode
bwp-BW77.png,tcg_identifier,train,pokemon,pokemon,tcgdex.net:bwp-BW77,TCGdex — verify tcgdex.dev terms before redistribution,2026-09-13,Pikachu
bwp-BW78.png,tcg_identifier,train,pokemon,pokemon,tcgdex.net:bwp-BW78,TCGdex — verify tcgdex.dev terms before redistribution,2026-09-13,Raichu
bwp-BW79.png,tcg_identifier,train,pokemon,pokemon,tcgdex.net:bwp-BW79,TCGdex — verify tcgdex.dev terms before redistribution,2026-09-13,Landorus
bwp-BW81.png,tcg_identifier,train,pokemon,pokemon,tcgdex.net:bwp-BW81,TCGdex — verify tcgdex.dev terms before redistribution,2026-09-13,Thundurus-EX
bwp-BW83.png,tcg_identifier,train,pokemon,pokemon,tcgdex.net:bwp-BW83,TCGdex — verify tcgdex.dev terms before redistribution,2026-09-13,Lugia-EX
bwp-BW84.png,tcg_identifier,train,pokemon,pokemon,tcgdex.net:bwp-BW84,TCGdex — verify tcgdex.dev terms before redistribution,2026-09-13,Porygon-Z
bwp-BW85.png,tcg_identifier,train,pokemon,pokemon,tcgdex.net:bwp-BW85,TCGdex — verify tcgdex.dev terms before redistribution,2026-09-13,Lucario
bwp-BW86.png,tcg_identifier,train,pokemon,pokemon,tcgdex.net:bwp-BW86,TCGdex — verify tcgdex.dev terms before redistribution,2026-09-13,Genesect
bwp-BW88.png,tcg_identifier,train,pokemon,pokemon,tcgdex.net:bwp-BW88,TCGdex — verify tcgdex.dev terms before redistribution,2026-09-13,Flareon
bwp-BW89.png,tcg_identifier,train,pokemon,pokemon,tcgdex.net:bwp-BW89,TCGdex — verify tcgdex.dev terms before redistribution,2026-09-13,Vaporeon
bwp-BW90.png,tcg_identifier,train,pokemon,pokemon,tcgdex.net:bwp-BW90,TCGdex — verify tcgdex.dev terms before redistribution,2026-09-13,Glaceon
bwp-BW91.png,tcg_identifier,train,pokemon,pokemon,tcgdex.net:bwp-BW91,TCGdex — verify tcgdex.dev terms before redistribution,2026-09-13,Jolteon
bwp-BW92.png,tcg_identifier,train,pokemon,pokemon,tcgdex.net:bwp-BW92,TCGdex — verify tcgdex.dev terms before redistribution,2026-09-13,Espeon
bwp-BW93.png,tcg_identifier,train,pokemon,pokemon,tcgdex.net:bwp-BW93,TCGdex — verify tcgdex.dev terms before redistribution,2026-09-13,Umbreon
bwp-BW94.png,tcg_identifier,train,pokemon,pokemon,tcgdex.net:bwp-BW94,TCGdex — verify tcgdex.dev terms before redistribution,2026-09-13,Eevee
bwp-BW95.png,tcg_identifier,train,pokemon,pokemon,tcgdex.net:bwp-BW95,TCGdex — verify tcgdex.dev terms before redistribution,2026-09-13,Champions Festival
swsh12-001.png,tcg_identifier,train,pokemon,pokemon,tcgdex.net:swsh12-001,TCGdex — verify tcgdex.dev terms before redistribution,2026-09-13,Venonat
swsh12-002.png,tcg_identifier,train,pokemon,pokemon,tcgdex.net:swsh12-002,TCGdex — verify tcgdex.dev terms before redistribution,2026-09-13,Venomoth
swsh12-003.png,tcg_identifier,train,pokemon,pokemon,tcgdex.net:swsh12-003,TCGdex — verify tcgdex.dev terms before redistribution,2026-09-13,Spinarak
swsh12-004.png,tcg_identifier,train,pokemon,pokemon,tcgdex.net:swsh12-004,TCGdex — verify tcgdex.dev terms before redistribution,2026-09-13,Ariados
swsh12-005.png,tcg_identifier,train,pokemon,pokemon,tcgdex.net:swsh12-005,TCGdex — verify tcgdex.dev terms before redistribution,2026-09-13,Sunkern
swsh12-006.png,tcg_identifier,train,pokemon,pokemon,tcgdex.net:swsh12-006,TCGdex — verify tcgdex.dev terms before redistribution,2026-09-13,Sunflora
swsh12-007.png,tcg_identifier,train,pokemon,pokemon,tcgdex.net:swsh12-007,TCGdex — verify tcgdex.dev terms before redistribution,2026-09-13,Serperior V
swsh12-008.png,tcg_identifier,train,pokemon,pokemon,tcgdex.net:swsh12-008,TCGdex — verify tcgdex.dev terms before redistribution,2026-09-13,Serperior VSTAR
swsh12-009.png,tcg_identifier,train,pokemon,pokemon,tcgdex.net:swsh12-009,TCGdex — verify tcgdex.dev terms before redistribution,2026-09-13,Petilil
swsh12-010.png,tcg_identifier,train,pokemon,pokemon,tcgdex.net:swsh12-010,TCGdex — verify tcgdex.dev terms before redistribution,2026-09-13,Hisuian Lilligant
swsh12-011.png,tcg_identifier,train,pokemon,pokemon,tcgdex.net:swsh12-011,TCGdex — verify tcgdex.dev terms before redistribution,2026-09-13,Foongus
swsh12-014.png,tcg_identifier,train,pokemon,pokemon,tcgdex.net:swsh12-014,TCGdex — verify tcgdex.dev terms before redistribution,2026-09-13,Virizion
swsh12-016.png,tcg_identifier,train,pokemon,pokemon,tcgdex.net:swsh12-016,TCGdex — verify tcgdex.dev terms before redistribution,2026-09-13,Radiant Tsareena
swsh12-019.png,tcg_identifier,train,pokemon,pokemon,tcgdex.net:swsh12-019,TCGdex — verify tcgdex.dev terms before redistribution,2026-09-13,Growlithe
swsh12-020.png,tcg_identifier,train,pokemon,pokemon,tcgdex.net:swsh12-020,TCGdex — verify tcgdex.dev terms before redistribution,2026-09-13,Arcanine
swsh12-022.png,tcg_identifier,train,pokemon,pokemon,tcgdex.net:swsh12-022,TCGdex — verify tcgdex.dev terms before redistribution,2026-09-13,Rapidash
swsh12-024.png,tcg_identifier,train,pokemon,pokemon,tcgdex.net:swsh12-024,TCGdex — verify tcgdex.dev terms before redistribution,2026-09-13,Reshiram V
swsh12-025.png,tcg_identifier,train,pokemon,pokemon,tcgdex.net:swsh12-025,TCGdex — verify tcgdex.dev terms before redistribution,2026-09-13,Fennekin
swsh12-026.png,tcg_identifier,train,pokemon,pokemon,tcgdex.net:swsh12-026,TCGdex — verify tcgdex.dev terms before redistribution,2026-09-13,Braixen
swsh12-028.png,tcg_identifier,train,pokemon,pokemon,tcgdex.net:swsh12-028,TCGdex — verify tcgdex.dev terms before redistribution,2026-09-13,Fletchinder
swsh12-029.png,tcg_identifier,train,pokemon,pokemon,tcgdex.net:swsh12-029,TCGdex — verify tcgdex.dev terms before redistribution,2026-09-13,Talonflame
swsh12-030.png,tcg_identifier,train,pokemon,pokemon,tcgdex.net:swsh12-030,TCGdex — verify tcgdex.dev terms before redistribution,2026-09-13,Litten
swsh12-031.png,tcg_identifier,train,pokemon,pokemon,tcgdex.net:swsh12-031,TCGdex — verify tcgdex.dev terms before redistribution,2026-09-13,Torracat
swsh12-033.png,tcg_identifier,train,pokemon,pokemon,tcgdex.net:swsh12-033,TCGdex — verify tcgdex.dev terms before redistribution,2026-09-13,Alolan Vulpix V
swsh12-034.png,tcg_identifier,train,pokemon,pokemon,tcgdex.net:swsh12-034,TCGdex — verify tcgdex.dev terms before redistribution,2026-09-13,Alolan Vulpix VSTAR
swsh12-035.png,tcg_identifier,train,pokemon,pokemon,tcgdex.net:swsh12-035,TCGdex — verify tcgdex.dev terms before redistribution,2026-09-13,Omastar V
swsh12-036.png,tcg_identifier,train,pokemon,pokemon,tcgdex.net:swsh12-036,TCGdex — verify tcgdex.dev terms before redistribution,2026-09-13,Articuno
swsh12-037.png,tcg_identifier,train,pokemon,pokemon,tcgdex.net:swsh12-037,TCGdex — verify tcgdex.dev terms before redistribution,2026-09-13,Wailmer
swsh12-038.png,tcg_identifier,train,pokemon,pokemon,tcgdex.net:swsh12-038,TCGdex — verify tcgdex.dev terms before redistribution,2026-09-13,Wailord
swsh12-040.png,tcg_identifier,train,pokemon,pokemon,tcgdex.net:swsh12-040,TCGdex — verify tcgdex.dev terms before redistribution,2026-09-13,Milotic
swsh12-042.png,tcg_identifier,train,pokemon,pokemon,tcgdex.net:swsh12-042,TCGdex — verify tcgdex.dev terms before redistribution,2026-09-13,Glalie
swsh12-043.png,tcg_identifier,train,pokemon,pokemon,tcgdex.net:swsh12-043,TCGdex — verify tcgdex.dev terms before redistribution,2026-09-13,Froslass
swsh12-045.png,tcg_identifier,train,pokemon,pokemon,tcgdex.net:swsh12-045,TCGdex — verify tcgdex.dev terms before redistribution,2026-09-13,Phione
swsh12-046.png,tcg_identifier,train,pokemon,pokemon,tcgdex.net:swsh12-046,TCGdex — verify tcgdex.dev terms before redistribution,2026-09-13,Keldeo
swsh12-047.png,tcg_identifier,train,pokemon,pokemon,tcgdex.net:swsh12-047,TCGdex — verify tcgdex.dev terms before redistribution,2026-09-13,Dewpider
swsh12-048.png,tcg_identifier,train,pokemon,pokemon,tcgdex.net:swsh12-048,TCGdex — verify tcgdex.dev terms before redistribution,2026-09-13,Araquanid
swsh12-049.png,tcg_identifier,train,pokemon,pokemon,tcgdex.net:swsh12-049,TCGdex — verify tcgdex.dev terms before redistribution,2026-09-13,Pikachu
swsh12-051.png,tcg_identifier,train,pokemon,pokemon,tcgdex.net:swsh12-051,TCGdex — verify tcgdex.dev terms before redistribution,2026-09-13,Chinchou
swsh12-052.png,tcg_identifier,train,pokemon,pokemon,tcgdex.net:swsh12-052,TCGdex — verify tcgdex.dev terms before redistribution,2026-09-13,Lanturn
swsh12-054.png,tcg_identifier,train,pokemon,pokemon,tcgdex.net:swsh12-054,TCGdex — verify tcgdex.dev terms before redistribution,2026-09-13,Emolga
swsh12-055.png,tcg_identifier,train,pokemon,pokemon,tcgdex.net:swsh12-055,TCGdex — verify tcgdex.dev terms before redistribution,2026-09-13,Stunfisk
swsh12-056.png,tcg_identifier,train,pokemon,pokemon,tcgdex.net:swsh12-056,TCGdex — verify tcgdex.dev terms before redistribution,2026-09-13,Zeraora
swsh12-057.png,tcg_identifier,train,pokemon,pokemon,tcgdex.net:swsh12-057,TCGdex — verify tcgdex.dev terms before redistribution,2026-09-13,Regieleki V
swsh12-058.png,tcg_identifier,train,pokemon,pokemon,tcgdex.net:swsh12-058,TCGdex — verify tcgdex.dev terms before redistribution,2026-09-13,Regieleki VMAX
swsh12-059.png,tcg_identifier,train,pokemon,pokemon,tcgdex.net:swsh12-059,TCGdex — verify tcgdex.dev terms before redistribution,2026-09-13,Radiant Alakazam
swsh12-060.png,tcg_identifier,train,pokemon,pokemon,tcgdex.net:swsh12-060,TCGdex — verify tcgdex.dev terms before redistribution,2026-09-13,Drowzee
swsh12-061.png,tcg_identifier,train,pokemon,pokemon,tcgdex.net:swsh12-061,TCGdex — verify tcgdex.dev terms before redistribution,2026-09-13,Hypno
swsh12-062.png,tcg_identifier,train,pokemon,pokemon,tcgdex.net:swsh12-062,TCGdex — verify tcgdex.dev terms before redistribution,2026-09-13,Jynx
swsh12-064.png,tcg_identifier,train,pokemon,pokemon,tcgdex.net:swsh12-064,TCGdex — verify tcgdex.dev terms before redistribution,2026-09-13,Mismagius
swsh12-065.png,tcg_identifier,train,pokemon,pokemon,tcgdex.net:swsh12-065,TCGdex — verify tcgdex.dev terms before redistribution,2026-09-13,Unown V
swsh12-066.png,tcg_identifier,train,pokemon,pokemon,tcgdex.net:swsh12-066,TCGdex — verify tcgdex.dev terms before redistribution,2026-09-13,Unown VSTAR
swsh12-067.png,tcg_identifier,train,pokemon,pokemon,tcgdex.net:swsh12-067,TCGdex — verify tcgdex.dev terms before redistribution,2026-09-13,Ralts
swsh12-068.png,tcg_identifier,train,pokemon,pokemon,tcgdex.net:swsh12-068,TCGdex — verify tcgdex.dev terms before redistribution,2026-09-13,Kirlia
swsh12-069.png,tcg_identifier,train,pokemon,pokemon,tcgdex.net:swsh12-069,TCGdex — verify tcgdex.dev terms before redistribution,2026-09-13,Gardevoir
swsh12-070.png,tcg_identifier,train,pokemon,pokemon,tcgdex.net:swsh12-070,TCGdex — verify tcgdex.dev terms before redistribution,2026-09-13,Mawile V
swsh12-071.png,tcg_identifier,train,pokemon,pokemon,tcgdex.net:swsh12-071,TCGdex — verify tcgdex.dev terms before redistribution,2026-09-13,Mawile VSTAR
swsh12-072.png,tcg_identifier,train,pokemon,pokemon,tcgdex.net:swsh12-072,TCGdex — verify tcgdex.dev terms before redistribution,2026-09-13,Meditite
swsh12-073.png,tcg_identifier,train,pokemon,pokemon,tcgdex.net:swsh12-073,TCGdex — verify tcgdex.dev terms before redistribution,2026-09-13,Medicham
swsh12-074.png,tcg_identifier,train,pokemon,pokemon,tcgdex.net:swsh12-074,TCGdex — verify tcgdex.dev terms before redistribution,2026-09-13,Chimecho
swsh12-075.png,tcg_identifier,train,pokemon,pokemon,tcgdex.net:swsh12-075,TCGdex — verify tcgdex.dev terms before redistribution,2026-09-13,Sigilyph
swsh12-076.png,tcg_identifier,train,pokemon,pokemon,tcgdex.net:swsh12-076,TCGdex — verify tcgdex.dev terms before redistribution,2026-09-13,Solosis
swsh12-077.png,tcg_identifier,train,pokemon,pokemon,tcgdex.net:swsh12-077,TCGdex — verify tcgdex.dev terms before redistribution,2026-09-13,Duosion
swsh12-079.png,tcg_identifier,train,pokemon,pokemon,tcgdex.net:swsh12-079,TCGdex — verify tcgdex.dev terms before redistribution,2026-09-13,Elgyem
swsh12-082.png,tcg_identifier,train,pokemon,pokemon,tcgdex.net:swsh12-082,TCGdex — verify tcgdex.dev terms before redistribution,2026-09-13,Meowstic
swsh12-083.png,tcg_identifier,train,pokemon,pokemon,tcgdex.net:swsh12-083,TCGdex — verify tcgdex.dev terms before redistribution,2026-09-13,Swirlix
swsh12-085.png,tcg_identifier,train,pokemon,pokemon,tcgdex.net:swsh12-085,TCGdex — verify tcgdex.dev terms before redistribution,2026-09-13,Dedenne
swsh12-087.png,tcg_identifier,train,pokemon,pokemon,tcgdex.net:swsh12-087,TCGdex — verify tcgdex.dev terms before redistribution,2026-09-13,Dreepy
swsh12-088.png,tcg_identifier,train,pokemon,pokemon,tcgdex.net:swsh12-088,TCGdex — verify tcgdex.dev terms before redistribution,2026-09-13,Drakloak
swsh12-089.png,tcg_identifier,train,pokemon,pokemon,tcgdex.net:swsh12-089,TCGdex — verify tcgdex.dev terms before redistribution,2026-09-13,Dragapult
swsh12-090.png,tcg_identifier,train,pokemon,pokemon,tcgdex.net:swsh12-090,TCGdex — verify tcgdex.dev terms before redistribution,2026-09-13,Hisuian Arcanine V
swsh12-091.png,tcg_identifier,train,pokemon,pokemon,tcgdex.net:swsh12-091,TCGdex — verify tcgdex.dev terms before redistribution,2026-09-13,Phanpy
swsh12-094.png,tcg_identifier,train,pokemon,pokemon,tcgdex.net:swsh12-094,TCGdex — verify tcgdex.dev terms before redistribution,2026-09-13,Claydol
swsh12-095.png,tcg_identifier,train,pokemon,pokemon,tcgdex.net:swsh12-095,TCGdex — verify tcgdex.dev terms before redistribution,2026-09-13,Anorith
swsh12-096.png,tcg_identifier,train,pokemon,pokemon,tcgdex.net:swsh12-096,TCGdex — verify tcgdex.dev terms before redistribution,2026-09-13,Armaldo
swsh12-097.png,tcg_identifier,train,pokemon,pokemon,tcgdex.net:swsh12-097,TCGdex — verify tcgdex.dev terms before redistribution,2026-09-13,Terrakion
swsh12-098.png,tcg_identifier,train,pokemon,pokemon,tcgdex.net:swsh12-098,TCGdex — verify tcgdex.dev terms before redistribution,2026-09-13,Hawlucha
swsh12-099.png,tcg_identifier,train,pokemon,pokemon,tcgdex.net:swsh12-099,TCGdex — verify tcgdex.dev terms before redistribution,2026-09-13,Sandygast
swsh12-100.png,tcg_identifier,train,pokemon,pokemon,tcgdex.net:swsh12-100,TCGdex — verify tcgdex.dev terms before redistribution,2026-09-13,Palossand
swsh12-101.png,tcg_identifier,train,pokemon,pokemon,tcgdex.net:swsh12-101,TCGdex — verify tcgdex.dev terms before redistribution,2026-09-13,Stonjourner
swsh12-102.png,tcg_identifier,train,pokemon,pokemon,tcgdex.net:swsh12-102,TCGdex — verify tcgdex.dev terms before redistribution,2026-09-13,Ursaluna V
swsh12-103.png,tcg_identifier,train,pokemon,pokemon,tcgdex.net:swsh12-103,TCGdex — verify tcgdex.dev terms before redistribution,2026-09-13,Zubat
swsh12-104.png,tcg_identifier,train,pokemon,pokemon,tcgdex.net:swsh12-104,TCGdex — verify tcgdex.dev terms before redistribution,2026-09-13,Golbat
swsh12-105.png,tcg_identifier,train,pokemon,pokemon,tcgdex.net:swsh12-105,TCGdex — verify tcgdex.dev terms before redistribution,2026-09-13,Crobat
swsh12-106.png,tcg_identifier,train,pokemon,pokemon,tcgdex.net:swsh12-106,TCGdex — verify tcgdex.dev terms before redistribution,2026-09-13,Murkrow
swsh12-108.png,tcg_identifier,train,pokemon,pokemon,tcgdex.net:swsh12-108,TCGdex — verify tcgdex.dev terms before redistribution,2026-09-13,Skuntank V
swsh12-110.png,tcg_identifier,train,pokemon,pokemon,tcgdex.net:swsh12-110,TCGdex — verify tcgdex.dev terms before redistribution,2026-09-13,Toxicroak
swsh12-111.png,tcg_identifier,train,pokemon,pokemon,tcgdex.net:swsh12-111,TCGdex — verify tcgdex.dev terms before redistribution,2026-09-13,Sandile
swsh12-113.png,tcg_identifier,train,pokemon,pokemon,tcgdex.net:swsh12-113,TCGdex — verify tcgdex.dev terms before redistribution,2026-09-13,Krookodile
swsh12-115.png,tcg_identifier,train,pokemon,pokemon,tcgdex.net:swsh12-115,TCGdex — verify tcgdex.dev terms before redistribution,2026-09-13,Toxapex
swsh12-116.png,tcg_identifier,train,pokemon,pokemon,tcgdex.net:swsh12-116,TCGdex — verify tcgdex.dev terms before redistribution,2026-09-13,Morpeko
swsh12-117.png,tcg_identifier,train,pokemon,pokemon,tcgdex.net:swsh12-117,TCGdex — verify tcgdex.dev terms before redistribution,2026-09-13,Beldum
swsh12-118.png,tcg_identifier,train,pokemon,pokemon,tcgdex.net:swsh12-118,TCGdex — verify tcgdex.dev terms before redistribution,2026-09-13,Metang
swsh12-119.png,tcg_identifier,train,pokemon,pokemon,tcgdex.net:swsh12-119,TCGdex — verify tcgdex.dev terms before redistribution,2026-09-13,Metagross
swsh12-122.png,tcg_identifier,train,pokemon,pokemon,tcgdex.net:swsh12-122,TCGdex — verify tcgdex.dev terms before redistribution,2026-09-13,Ferrothorn
swsh12-123.png,tcg_identifier,train,pokemon,pokemon,tcgdex.net:swsh12-123,TCGdex — verify tcgdex.dev terms before redistribution,2026-09-13,Klink
swsh12-124.png,tcg_identifier,train,pokemon,pokemon,tcgdex.net:swsh12-124,TCGdex — verify tcgdex.dev terms before redistribution,2026-09-13,Klang
swsh12-126.png,tcg_identifier,train,pokemon,pokemon,tcgdex.net:swsh12-126,TCGdex — verify tcgdex.dev terms before redistribution,2026-09-13,Cobalion
swsh12-129.png,tcg_identifier,train,pokemon,pokemon,tcgdex.net:swsh12-129,TCGdex — verify tcgdex.dev terms before redistribution,2026-09-13,Dratini
swsh12-130.png,tcg_identifier,train,pokemon,pokemon,tcgdex.net:swsh12-130,TCGdex — verify tcgdex.dev terms before redistribution,2026-09-13,Dragonair
swsh12-131.png,tcg_identifier,train,pokemon,pokemon,tcgdex.net:swsh12-131,TCGdex — verify tcgdex.dev terms before redistribution,2026-09-13,Dragonite
swsh12-133.png,tcg_identifier,train,pokemon,pokemon,tcgdex.net:swsh12-133,TCGdex — verify tcgdex.dev terms before redistribution,2026-09-13,Noivern
swsh12-134.png,tcg_identifier,train,pokemon,pokemon,tcgdex.net:swsh12-134,TCGdex — verify tcgdex.dev terms before redistribution,2026-09-13,Zygarde
swsh12-136.png,tcg_identifier,train,pokemon,pokemon,tcgdex.net:swsh12-136,TCGdex — verify tcgdex.dev terms before redistribution,2026-09-13,Regidrago VSTAR
swsh12-138.png,tcg_identifier,train,pokemon,pokemon,tcgdex.net:swsh12-138,TCGdex — verify tcgdex.dev terms before redistribution,2026-09-13,Lugia V
swsh12-139.png,tcg_identifier,train,pokemon,pokemon,tcgdex.net:swsh12-139,TCGdex — verify tcgdex.dev terms before redistribution,2026-09-13,Lugia VSTAR
swsh12-140.png,tcg_identifier,train,pokemon,pokemon,tcgdex.net:swsh12-140,TCGdex — verify tcgdex.dev terms before redistribution,2026-09-13,Ho-Oh V
swsh12-141.png,tcg_identifier,train,pokemon,pokemon,tcgdex.net:swsh12-141,TCGdex — verify tcgdex.dev terms before redistribution,2026-09-13,Spinda
swsh12-142.png,tcg_identifier,train,pokemon,pokemon,tcgdex.net:swsh12-142,TCGdex — verify tcgdex.dev terms before redistribution,2026-09-13,Swablu
swsh12-143.png,tcg_identifier,train,pokemon,pokemon,tcgdex.net:swsh12-143,TCGdex — verify tcgdex.dev terms before redistribution,2026-09-13,Altaria
swsh12-144.png,tcg_identifier,train,pokemon,pokemon,tcgdex.net:swsh12-144,TCGdex — verify tcgdex.dev terms before redistribution,2026-09-13,Buneary
swsh12-145.png,tcg_identifier,train,pokemon,pokemon,tcgdex.net:swsh12-145,TCGdex — verify tcgdex.dev terms before redistribution,2026-09-13,Lopunny
swsh12-147.png,tcg_identifier,train,pokemon,pokemon,tcgdex.net:swsh12-147,TCGdex — verify tcgdex.dev terms before redistribution,2026-09-13,Archeops
swsh12-148.png,tcg_identifier,train,pokemon,pokemon,tcgdex.net:swsh12-148,TCGdex — verify tcgdex.dev terms before redistribution,2026-09-13,Rufflet
swsh12-149.png,tcg_identifier,train,pokemon,pokemon,tcgdex.net:swsh12-149,TCGdex — verify tcgdex.dev terms before redistribution,2026-09-13,Hisuian Braviary
swsh12-151.png,tcg_identifier,train,pokemon,pokemon,tcgdex.net:swsh12-151,TCGdex — verify tcgdex.dev terms before redistribution,2026-09-13,Brandon
swsh12-155.png,tcg_identifier,train,pokemon,pokemon,tcgdex.net:swsh12-155,TCGdex — verify tcgdex.dev terms before redistribution,2026-09-13,Emergency Jelly
swsh12-156.png,tcg_identifier,train,pokemon,pokemon,tcgdex.net:swsh12-156,TCGdex — verify tcgdex.dev terms before redistribution,2026-09-13,Forest Seal Stone
swsh12-157.png,tcg_identifier,train,pokemon,pokemon,tcgdex.net:swsh12-157,TCGdex — verify tcgdex.dev terms before redistribution,2026-09-13,Furisode Girl
swsh12-159.png,tcg_identifier,train,pokemon,pokemon,tcgdex.net:swsh12-159,TCGdex — verify tcgdex.dev terms before redistribution,2026-09-13,Lance
swsh12-160.png,tcg_identifier,train,pokemon,pokemon,tcgdex.net:swsh12-160,TCGdex — verify tcgdex.dev terms before redistribution,2026-09-13,Leafy Camo Poncho
swsh12-161.png,tcg_identifier,train,pokemon,pokemon,tcgdex.net:swsh12-161,TCGdex — verify tcgdex.dev terms before redistribution,2026-09-13,Primordial Altar
swsh12-164.png,tcg_identifier,train,pokemon,pokemon,tcgdex.net:swsh12-164,TCGdex — verify tcgdex.dev terms before redistribution,2026-09-13,Serena
swsh12-165.png,tcg_identifier,train,pokemon,pokemon,tcgdex.net:swsh12-165,TCGdex — verify tcgdex.dev terms before redistribution,2026-09-13,Unidentified Fossil
swsh12-166.png,tcg_identifier,train,pokemon,pokemon,tcgdex.net:swsh12-166,TCGdex — verify tcgdex.dev terms before redistribution,2026-09-13,Wallace
swsh12-167.png,tcg_identifier,train,pokemon,pokemon,tcgdex.net:swsh12-167,TCGdex — verify tcgdex.dev terms before redistribution,2026-09-13,Worker
swsh12-168.png,tcg_identifier,train,pokemon,pokemon,tcgdex.net:swsh12-168,TCGdex — verify tcgdex.dev terms before redistribution,2026-09-13,Regenerative Energy
swsh12-169.png,tcg_identifier,train,pokemon,pokemon,tcgdex.net:swsh12-169,TCGdex — verify tcgdex.dev terms before redistribution,2026-09-13,V Guard Energy
swsh12-170.png,tcg_identifier,train,pokemon,pokemon,tcgdex.net:swsh12-170,TCGdex — verify tcgdex.dev terms before redistribution,2026-09-13,Serperior V
swsh12-171.png,tcg_identifier,train,pokemon,pokemon,tcgdex.net:swsh12-171,TCGdex — verify tcgdex.dev terms before redistribution,2026-09-13,Chesnaught V
swsh12-172.png,tcg_identifier,train,pokemon,pokemon,tcgdex.net:swsh12-172,TCGdex — verify tcgdex.dev terms before redistribution,2026-09-13,Reshiram V
swsh12-173.png,tcg_identifier,train,pokemon,pokemon,tcgdex.net:swsh12-173,TCGdex — verify tcgdex.dev terms before redistribution,2026-09-13,Alolan Vulpix V
swsh12-174.png,tcg_identifier,train,pokemon,pokemon,tcgdex.net:swsh12-174,TCGdex — verify tcgdex.dev terms before redistribution,2026-09-13,Omastar V
swsh12-175.png,tcg_identifier,train,pokemon,pokemon,tcgdex.net:swsh12-175,TCGdex — verify tcgdex.dev terms before redistribution,2026-09-13,Regieleki V
swsh12-176.png,tcg_identifier,train,pokemon,pokemon,tcgdex.net:swsh12-176,TCGdex — verify tcgdex.dev terms before redistribution,2026-09-13,Unown V
swsh12-177.png,tcg_identifier,train,pokemon,pokemon,tcgdex.net:swsh12-177,TCGdex — verify tcgdex.dev terms before redistribution,2026-09-13,Unown V
swsh12-178.png,tcg_identifier,train,pokemon,pokemon,tcgdex.net:swsh12-178,TCGdex — verify tcgdex.dev terms before redistribution,2026-09-13,Mawile V
swsh12-179.png,tcg_identifier,train,pokemon,pokemon,tcgdex.net:swsh12-179,TCGdex — verify tcgdex.dev terms before redistribution,2026-09-13,Hisuian Arcanine V
swsh12-180.png,tcg_identifier,train,pokemon,pokemon,tcgdex.net:swsh12-180,TCGdex — verify tcgdex.dev terms before redistribution,2026-09-13,Skuntank V
swsh12-181.png,tcg_identifier,train,pokemon,pokemon,tcgdex.net:swsh12-181,TCGdex — verify tcgdex.dev terms before redistribution,2026-09-13,Skuntank V
swsh12-182.png,tcg_identifier,train,pokemon,pokemon,tcgdex.net:swsh12-182,TCGdex — verify tcgdex.dev terms before redistribution,2026-09-13,Magearna V
swsh12-183.png,tcg_identifier,train,pokemon,pokemon,tcgdex.net:swsh12-183,TCGdex — verify tcgdex.dev terms before redistribution,2026-09-13,Regidrago V
swsh12-184.png,tcg_identifier,train,pokemon,pokemon,tcgdex.net:swsh12-184,TCGdex — verify tcgdex.dev terms before redistribution,2026-09-13,Regidrago V
swsh12-185.png,tcg_identifier,train,pokemon,pokemon,tcgdex.net:swsh12-185,TCGdex — verify tcgdex.dev terms before redistribution,2026-09-13,Lugia V
swsh12-186.png,tcg_identifier,train,pokemon,pokemon,tcgdex.net:swsh12-186,TCGdex — verify tcgdex.dev terms before redistribution,2026-09-13,Lugia V
swsh12-188.png,tcg_identifier,train,pokemon,pokemon,tcgdex.net:swsh12-188,TCGdex — verify tcgdex.dev terms before redistribution,2026-09-13,Brandon
swsh12-193.png,tcg_identifier,train,pokemon,pokemon,tcgdex.net:swsh12-193,TCGdex — verify tcgdex.dev terms before redistribution,2026-09-13,Serena
swsh12-195.png,tcg_identifier,train,pokemon,pokemon,tcgdex.net:swsh12-195,TCGdex — verify tcgdex.dev terms before redistribution,2026-09-13,Worker
swsh12-196.png,tcg_identifier,train,pokemon,pokemon,tcgdex.net:swsh12-196,TCGdex — verify tcgdex.dev terms before redistribution,2026-09-13,Serperior VSTAR
swsh12-197.png,tcg_identifier,train,pokemon,pokemon,tcgdex.net:swsh12-197,TCGdex — verify tcgdex.dev terms before redistribution,2026-09-13,Alolan Vulpix VSTAR
swsh12-198.png,tcg_identifier,train,pokemon,pokemon,tcgdex.net:swsh12-198,TCGdex — verify tcgdex.dev terms before redistribution,2026-09-13,Regieleki VMAX
swsh12-199.png,tcg_identifier,train,pokemon,pokemon,tcgdex.net:swsh12-199,TCGdex — verify tcgdex.dev terms before redistribution,2026-09-13,Unown VSTAR
swsh12-200.png,tcg_identifier,train,pokemon,pokemon,tcgdex.net:swsh12-200,TCGdex — verify tcgdex.dev terms before redistribution,2026-09-13,Mawile VSTAR
swsh12-201.png,tcg_identifier,train,pokemon,pokemon,tcgdex.net:swsh12-201,TCGdex — verify tcgdex.dev terms before redistribution,2026-09-13,Regidrago VSTAR
swsh12-202.png,tcg_identifier,train,pokemon,pokemon,tcgdex.net:swsh12-202,TCGdex — verify tcgdex.dev terms before redistribution,2026-09-13,Lugia VSTAR
swsh12-204.png,tcg_identifier,train,pokemon,pokemon,tcgdex.net:swsh12-204,TCGdex — verify tcgdex.dev terms before redistribution,2026-09-13,Candice
swsh12-205.png,tcg_identifier,train,pokemon,pokemon,tcgdex.net:swsh12-205,TCGdex — verify tcgdex.dev terms before redistribution,2026-09-13,Furisode Girl
swsh12-206.png,tcg_identifier,train,pokemon,pokemon,tcgdex.net:swsh12-206,TCGdex — verify tcgdex.dev terms before redistribution,2026-09-13,Lance
swsh12-207.png,tcg_identifier,train,pokemon,pokemon,tcgdex.net:swsh12-207,TCGdex — verify tcgdex.dev terms before redistribution,2026-09-13,Serena
swsh12-208.png,tcg_identifier,train,pokemon,pokemon,tcgdex.net:swsh12-208,TCGdex — verify tcgdex.dev terms before redistribution,2026-09-13,Wallace
swsh12-211.png,tcg_identifier,train,pokemon,pokemon,tcgdex.net:swsh12-211,TCGdex — verify tcgdex.dev terms before redistribution,2026-09-13,Lugia VSTAR
swsh12-212.png,tcg_identifier,train,pokemon,pokemon,tcgdex.net:swsh12-212,TCGdex — verify tcgdex.dev terms before redistribution,2026-09-13,Energy Switch
swsh12-213.png,tcg_identifier,train,pokemon,pokemon,tcgdex.net:swsh12-213,TCGdex — verify tcgdex.dev terms before redistribution,2026-09-13,Gapejaw Bog
swsh12-214.png,tcg_identifier,train,pokemon,pokemon,tcgdex.net:swsh12-214,TCGdex — verify tcgdex.dev terms before redistribution,2026-09-13,Leafy Camo Poncho
ASH_017.png,tcg_identifier,test,star_wars_unlimited,star_wars_unlimited,swu-db.com:ASH_017,swu-db.com community API — verify swu-db.com/api terms before redistribution,2026-09-13,Greef Karga
ASH_125.png,tcg_identifier,test,star_wars_unlimited,star_wars_unlimited,swu-db.com:ASH_125,swu-db.com community API — verify swu-db.com/api terms before redistribution,2026-09-10,Stolen Eta Shuttle
ASH_131.png,tcg_identifier,test,star_wars_unlimited,star_wars_unlimited,swu-db.com:ASH_131,swu-db.com community API — verify swu-db.com/api terms before redistribution,2026-09-13,Dinosaur Turtle
ASH_140.png,tcg_identifier,test,star_wars_unlimited,star_wars_unlimited,swu-db.com:ASH_140,swu-db.com community API — verify swu-db.com/api terms before redistribution,2026-09-13,Stronger Together
ASH_166.png,tcg_identifier,test,star_wars_unlimited,star_wars_unlimited,swu-db.com:ASH_166,swu-db.com community API — verify swu-db.com/api terms before redistribution,2026-09-13,Ewok Warrior
ASH_178.png,tcg_identifier,test,star_wars_unlimited,star_wars_unlimited,swu-db.com:ASH_178,swu-db.com community API — verify swu-db.com/api terms before redistribution,2026-09-10,Knobby White Ice Spider
HMW_040.png,tcg_identifier,test,star_wars_unlimited,star_wars_unlimited,swu-db.com:HMW_040,swu-db.com community API — verify swu-db.com/api terms before redistribution,2026-09-13,Talzin's Shuttle
HMW_059.png,tcg_identifier,test,star_wars_unlimited,star_wars_unlimited,swu-db.com:HMW_059,swu-db.com community API — verify swu-db.com/api terms before redistribution,2026-09-13,Clone X Assassin
HMW_234.png,tcg_identifier,test,star_wars_unlimited,star_wars_unlimited,swu-db.com:HMW_234,swu-db.com community API — verify swu-db.com/api terms before redistribution,2026-09-13,Ritual Dragon
IBH_72.png,tcg_identifier,test,star_wars_unlimited,star_wars_unlimited,swu-db.com:IBH_72,swu-db.com community API — verify swu-db.com/api terms before redistribution,2026-09-10,
IBH_99.png,tcg_identifier,test,star_wars_unlimited,star_wars_unlimited,swu-db.com:IBH_99,swu-db.com community API — verify swu-db.com/api terms before redistribution,2026-09-10,
JTL_006.png,tcg_identifier,test,star_wars_unlimited,star_wars_unlimited,swu-db.com:JTL_006,swu-db.com community API — verify swu-db.com/api terms before redistribution,2026-09-13,Darth Vader
JTL_038.png,tcg_identifier,test,star_wars_unlimited,star_wars_unlimited,swu-db.com:JTL_038,swu-db.com community API — verify swu-db.com/api terms before redistribution,2026-09-10,Corvus
JTL_061.png,tcg_identifier,test,star_wars_unlimited,star_wars_unlimited,swu-db.com:JTL_061,swu-db.com community API — verify swu-db.com/api terms before redistribution,2026-09-13,Royal Security Fighter
JTL_082.png,tcg_identifier,test,star_wars_unlimited,star_wars_unlimited,swu-db.com:JTL_082,swu-db.com community API — verify swu-db.com/api terms before redistribution,2026-09-13,Kijimi Patrollers
JTL_177.png,tcg_identifier,test,star_wars_unlimited,star_wars_unlimited,swu-db.com:JTL_177,swu-db.com community API — verify swu-db.com/api terms before redistribution,2026-09-10,Stay on Target
JTL_213.png,tcg_identifier,test,star_wars_unlimited,star_wars_unlimited,swu-db.com:JTL_213,swu-db.com community API — verify swu-db.com/api terms before redistribution,2026-09-10,
JTL_247.png,tcg_identifier,test,star_wars_unlimited,star_wars_unlimited,swu-db.com:JTL_247,swu-db.com community API — verify swu-db.com/api terms before redistribution,2026-09-13,Resistance X-Wing
LAW_011.png,tcg_identifier,test,star_wars_unlimited,star_wars_unlimited,swu-db.com:LAW_011,swu-db.com community API — verify swu-db.com/api terms before redistribution,2026-09-13,Darth Vader
LAW_138.png,tcg_identifier,test,star_wars_unlimited,star_wars_unlimited,swu-db.com:LAW_138,swu-db.com community API — verify swu-db.com/api terms before redistribution,2026-09-10,Undercity Hunting Team
LAW_139.png,tcg_identifier,test,star_wars_unlimited,star_wars_unlimited,swu-db.com:LAW_139,swu-db.com community API — verify swu-db.com/api terms before redistribution,2026-09-13,Admiral Motti
LAW_180.png,tcg_identifier,test,star_wars_unlimited,star_wars_unlimited,swu-db.com:LAW_180,swu-db.com community API — verify swu-db.com/api terms before redistribution,2026-09-10,Inspired Recruit
LOF_018.png,tcg_identifier,test,star_wars_unlimited,star_wars_unlimited,swu-db.com:LOF_018,swu-db.com community API — verify swu-db.com/api terms before redistribution,2026-09-10,
LOF_048.png,tcg_identifier,test,star_wars_unlimited,star_wars_unlimited,swu-db.com:LOF_048,swu-db.com community API — verify swu-db.com/api terms before redistribution,2026-09-13,Itinerant Warrior
LOF_050.png,tcg_identifier,test,star_wars_unlimited,star_wars_unlimited,swu-db.com:LOF_050,swu-db.com community API — verify swu-db.com/api terms before redistribution,2026-09-10,Plo Koon
LOF_056.png,tcg_identifier,test,star_wars_unlimited,star_wars_unlimited,swu-db.com:LOF_056,swu-db.com community API — verify swu-db.com/api terms before redistribution,2026-09-13,Size Matters Not
LOF_081.png,tcg_identifier,test,star_wars_unlimited,star_wars_unlimited,swu-db.com:LOF_081,swu-db.com community API — verify swu-db.com/api terms before redistribution,2026-09-13,Sith Legionnaire
LOF_161.png,tcg_identifier,test,star_wars_unlimited,star_wars_unlimited,swu-db.com:LOF_161,swu-db.com community API — verify swu-db.com/api terms before redistribution,2026-09-13,Tuk'ata
LOF_166.png,tcg_identifier,test,star_wars_unlimited,star_wars_unlimited,swu-db.com:LOF_166,swu-db.com community API — verify swu-db.com/api terms before redistribution,2026-09-13,Blockade Runner
LOF_188.png,tcg_identifier,test,star_wars_unlimited,star_wars_unlimited,swu-db.com:LOF_188,swu-db.com community API — verify swu-db.com/api terms before redistribution,2026-09-10,As I Have Foreseen
LOF_241.png,tcg_identifier,test,star_wars_unlimited,star_wars_unlimited,swu-db.com:LOF_241,swu-db.com community API — verify swu-db.com/api terms before redistribution,2026-09-13,In the Shadows
SEC_016.png,tcg_identifier,test,star_wars_unlimited,star_wars_unlimited,swu-db.com:SEC_016,swu-db.com community API — verify swu-db.com/api terms before redistribution,2026-09-13,Padmé Amidala
SEC_059.png,tcg_identifier,test,star_wars_unlimited,star_wars_unlimited,swu-db.com:SEC_059,swu-db.com community API — verify swu-db.com/api terms before redistribution,2026-09-13,Senate Warden
SEC_103.png,tcg_identifier,test,star_wars_unlimited,star_wars_unlimited,swu-db.com:SEC_103,swu-db.com community API — verify swu-db.com/api terms before redistribution,2026-09-13,Mon Mothma
SEC_119.png,tcg_identifier,test,star_wars_unlimited,star_wars_unlimited,swu-db.com:SEC_119,swu-db.com community API — verify swu-db.com/api terms before redistribution,2026-09-13,Crucible
SEC_190.png,tcg_identifier,test,star_wars_unlimited,star_wars_unlimited,swu-db.com:SEC_190,swu-db.com community API — verify swu-db.com/api terms before redistribution,2026-09-13,Soulless One
SEC_236.png,tcg_identifier,test,star_wars_unlimited,star_wars_unlimited,swu-db.com:SEC_236,swu-db.com community API — verify swu-db.com/api terms before redistribution,2026-09-13,Undercover Operation
SEC_239.png,tcg_identifier,test,star_wars_unlimited,star_wars_unlimited,swu-db.com:SEC_239,swu-db.com community API — verify swu-db.com/api terms before redistribution,2026-09-13,Viper Probe Droid
SHD_005.png,tcg_identifier,test,star_wars_unlimited,star_wars_unlimited,swu-db.com:SHD_005,swu-db.com community API — verify swu-db.com/api terms before redistribution,2026-09-13,Hondo Ohnaka
SHD_138.png,tcg_identifier,test,star_wars_unlimited,star_wars_unlimited,swu-db.com:SHD_138,swu-db.com community API — verify swu-db.com/api terms before redistribution,2026-09-13,Jango Fett
SHD_191.png,tcg_identifier,test,star_wars_unlimited,star_wars_unlimited,swu-db.com:SHD_191,swu-db.com community API — verify swu-db.com/api terms before redistribution,2026-09-13,Xanadu Blood
SHD_253.png,tcg_identifier,test,star_wars_unlimited,star_wars_unlimited,swu-db.com:SHD_253,swu-db.com community API — verify swu-db.com/api terms before redistribution,2026-09-13,This Is The Way
SHD_261.png,tcg_identifier,test,star_wars_unlimited,star_wars_unlimited,swu-db.com:SHD_261,swu-db.com community API — verify swu-db.com/api terms before redistribution,2026-09-13,Rich Reward
SOR_014.png,tcg_identifier,test,star_wars_unlimited,star_wars_unlimited,swu-db.com:SOR_014,swu-db.com community API — verify swu-db.com/api terms before redistribution,2026-09-13,Sabine Wren
SOR_031.png,tcg_identifier,test,star_wars_unlimited,star_wars_unlimited,swu-db.com:SOR_031,swu-db.com community API — verify swu-db.com/api terms before redistribution,2026-09-13,Inferno Four
SOR_083.png,tcg_identifier,test,star_wars_unlimited,star_wars_unlimited,swu-db.com:SOR_083,swu-db.com community API — verify swu-db.com/api terms before redistribution,2026-09-13,Superlaser Technician
SOR_103.png,tcg_identifier,test,star_wars_unlimited,star_wars_unlimited,swu-db.com:SOR_103,swu-db.com community API — verify swu-db.com/api terms before redistribution,2026-09-13,Rebel Assault
SOR_140.png,tcg_identifier,test,star_wars_unlimited,star_wars_unlimited,swu-db.com:SOR_140,swu-db.com community API — verify swu-db.com/api terms before redistribution,2026-09-13,SpecForce Soldier
SOR_141.png,tcg_identifier,test,star_wars_unlimited,star_wars_unlimited,swu-db.com:SOR_141,swu-db.com community API — verify swu-db.com/api terms before redistribution,2026-09-13,Green Squadron A-Wing
SOR_175.png,tcg_identifier,test,star_wars_unlimited,star_wars_unlimited,swu-db.com:SOR_175,swu-db.com community API — verify swu-db.com/api terms before redistribution,2026-09-13,Forced Surrender
SOR_224.png,tcg_identifier,test,star_wars_unlimited,star_wars_unlimited,swu-db.com:SOR_224,swu-db.com community API — verify swu-db.com/api terms before redistribution,2026-09-13,Change of Heart
SOR_234.png,tcg_identifier,test,star_wars_unlimited,star_wars_unlimited,swu-db.com:SOR_234,swu-db.com community API — verify swu-db.com/api terms before redistribution,2026-09-13,Maximum Firepower
TS26_44.png,tcg_identifier,test,star_wars_unlimited,star_wars_unlimited,swu-db.com:TS26_44,swu-db.com community API — verify swu-db.com/api terms before redistribution,2026-09-13,Arena Reek
TWI_011.png,tcg_identifier,test,star_wars_unlimited,star_wars_unlimited,swu-db.com:TWI_011,swu-db.com community API — verify swu-db.com/api terms before redistribution,2026-09-13,Ahsoka Tano
TWI_068.png,tcg_identifier,test,star_wars_unlimited,star_wars_unlimited,swu-db.com:TWI_068,swu-db.com community API — verify swu-db.com/api terms before redistribution,2026-09-13,Foresight
TWI_088.png,tcg_identifier,test,star_wars_unlimited,star_wars_unlimited,swu-db.com:TWI_088,swu-db.com community API — verify swu-db.com/api terms before redistribution,2026-09-13,Reprocess
TWI_179.png,tcg_identifier,test,star_wars_unlimited,star_wars_unlimited,swu-db.com:TWI_179,swu-db.com community API — verify swu-db.com/api terms before redistribution,2026-09-13,Soulless One
TWI_191.png,tcg_identifier,test,star_wars_unlimited,star_wars_unlimited,swu-db.com:TWI_191,swu-db.com community API — verify swu-db.com/api terms before redistribution,2026-09-13,Wolf Pack Escort
TWI_239.png,tcg_identifier,test,star_wars_unlimited,star_wars_unlimited,swu-db.com:TWI_239,swu-db.com community API — verify swu-db.com/api terms before redistribution,2026-09-13,Execute Order 66
TWI_249.png,tcg_identifier,test,star_wars_unlimited,star_wars_unlimited,swu-db.com:TWI_249,swu-db.com community API — verify swu-db.com/api terms before redistribution,2026-09-13,Heroes on Both Sides
ASH_002.png,tcg_identifier,train,star_wars_unlimited,star_wars_unlimited,swu-db.com:ASH_002,swu-db.com community API — verify swu-db.com/api terms before redistribution,2026-09-13,Fennec Shand
ASH_006.png,tcg_identifier,train,star_wars_unlimited,star_wars_unlimited,swu-db.com:ASH_006,swu-db.com community API — verify swu-db.com/api terms before redistribution,2026-09-13,Sabine Wren
ASH_009.png,tcg_identifier,train,star_wars_unlimited,star_wars_unlimited,swu-db.com:ASH_009,swu-db.com community API — verify swu-db.com/api terms before redistribution,2026-09-10,Ahsoka Tano
ASH_012.png,tcg_identifier,train,star_wars_unlimited,star_wars_unlimited,swu-db.com:ASH_012,swu-db.com community API — verify swu-db.com/api terms before redistribution,2026-09-13,Vane
ASH_014.png,tcg_identifier,train,star_wars_unlimited,star_wars_unlimited,swu-db.com:ASH_014,swu-db.com community API — verify swu-db.com/api terms before redistribution,2026-09-10,The Mandalorian
ASH_016.png,tcg_identifier,train,star_wars_unlimited,star_wars_unlimited,swu-db.com:ASH_016,swu-db.com community API — verify swu-db.com/api terms before redistribution,2026-09-10,Shin Hati
ASH_033.png,tcg_identifier,train,star_wars_unlimited,star_wars_unlimited,swu-db.com:ASH_033,swu-db.com community API — verify swu-db.com/api terms before redistribution,2026-09-10,Grand Admiral Thrawn
ASH_100.png,tcg_identifier,train,star_wars_unlimited,star_wars_unlimited,swu-db.com:ASH_100,swu-db.com community API — verify swu-db.com/api terms before redistribution,2026-09-13,Gallius Rax
ASH_117.png,tcg_identifier,train,star_wars_unlimited,star_wars_unlimited,swu-db.com:ASH_117,swu-db.com community API — verify swu-db.com/api terms before redistribution,2026-09-10,Outland Protector
ASH_128.png,tcg_identifier,train,star_wars_unlimited,star_wars_unlimited,swu-db.com:ASH_128,swu-db.com community API — verify swu-db.com/api terms before redistribution,2026-09-10,
ASH_130.png,tcg_identifier,train,star_wars_unlimited,star_wars_unlimited,swu-db.com:ASH_130,swu-db.com community API — verify swu-db.com/api terms before redistribution,2026-09-13,Fang Fighter Squadron
ASH_133.png,tcg_identifier,train,star_wars_unlimited,star_wars_unlimited,swu-db.com:ASH_133,swu-db.com community API — verify swu-db.com/api terms before redistribution,2026-09-10,Trask Walker
ASH_143.png,tcg_identifier,train,star_wars_unlimited,star_wars_unlimited,swu-db.com:ASH_143,swu-db.com community API — verify swu-db.com/api terms before redistribution,2026-09-13,Tempest Lieutenant
ASH_153.png,tcg_identifier,train,star_wars_unlimited,star_wars_unlimited,swu-db.com:ASH_153,swu-db.com community API — verify swu-db.com/api terms before redistribution,2026-09-13,Green Leader
ASH_154.png,tcg_identifier,train,star_wars_unlimited,star_wars_unlimited,swu-db.com:ASH_154,swu-db.com community API — verify swu-db.com/api terms before redistribution,2026-09-13,Honorable Nite Owl
ASH_162.png,tcg_identifier,train,star_wars_unlimited,star_wars_unlimited,swu-db.com:ASH_162,swu-db.com community API — verify swu-db.com/api terms before redistribution,2026-09-13,Rash Action
ASH_195.png,tcg_identifier,train,star_wars_unlimited,star_wars_unlimited,swu-db.com:ASH_195,swu-db.com community API — verify swu-db.com/api terms before redistribution,2026-09-13,Helgait
ASH_196.png,tcg_identifier,train,star_wars_unlimited,star_wars_unlimited,swu-db.com:ASH_196,swu-db.com community API — verify swu-db.com/api terms before redistribution,2026-09-13,Gorian Shard's Corsair
ASH_199.png,tcg_identifier,train,star_wars_unlimited,star_wars_unlimited,swu-db.com:ASH_199,swu-db.com community API — verify swu-db.com/api terms before redistribution,2026-09-10,There Is No Conflict
ASH_205.png,tcg_identifier,train,star_wars_unlimited,star_wars_unlimited,swu-db.com:ASH_205,swu-db.com community API — verify swu-db.com/api terms before redistribution,2026-09-10,
ASH_215.png,tcg_identifier,train,star_wars_unlimited,star_wars_unlimited,swu-db.com:ASH_215,swu-db.com community API — verify swu-db.com/api terms before redistribution,2026-09-10,
ASH_219.png,tcg_identifier,train,star_wars_unlimited,star_wars_unlimited,swu-db.com:ASH_219,swu-db.com community API — verify swu-db.com/api terms before redistribution,2026-09-13,Jod Na Nawood
ASH_234.png,tcg_identifier,train,star_wars_unlimited,star_wars_unlimited,swu-db.com:ASH_234,swu-db.com community API — verify swu-db.com/api terms before redistribution,2026-09-13,Masterstroke
ASH_236.png,tcg_identifier,train,star_wars_unlimited,star_wars_unlimited,swu-db.com:ASH_236,swu-db.com community API — verify swu-db.com/api terms before redistribution,2026-09-13,Far Far Away
ASH_247.png,tcg_identifier,train,star_wars_unlimited,star_wars_unlimited,swu-db.com:ASH_247,swu-db.com community API — verify swu-db.com/api terms before redistribution,2026-09-13,One Must Destroy to Create
ASH_256.png,tcg_identifier,train,star_wars_unlimited,star_wars_unlimited,swu-db.com:ASH_256,swu-db.com community API — verify swu-db.com/api terms before redistribution,2026-09-10,Rebel Infiltrators
ASH_263.png,tcg_identifier,train,star_wars_unlimited,star_wars_unlimited,swu-db.com:ASH_263,swu-db.com community API — verify swu-db.com/api terms before redistribution,2026-09-13,The Way of the Mand'alor
ASH_264.png,tcg_identifier,train,star_wars_unlimited,star_wars_unlimited,swu-db.com:ASH_264,swu-db.com community API — verify swu-db.com/api terms before redistribution,2026-09-10,A New Order
HMW_037.png,tcg_identifier,train,star_wars_unlimited,star_wars_unlimited,swu-db.com:HMW_037,swu-db.com community API — verify swu-db.com/api terms before redistribution,2026-09-10,Bacta Tank
HMW_051.png,tcg_identifier,train,star_wars_unlimited,star_wars_unlimited,swu-db.com:HMW_051,swu-db.com community API — verify swu-db.com/api terms before redistribution,2026-09-13,Third Sister
HMW_052.png,tcg_identifier,train,star_wars_unlimited,star_wars_unlimited,swu-db.com:HMW_052,swu-db.com community API — verify swu-db.com/api terms before redistribution,2026-09-10,A'Koba
HMW_085.png,tcg_identifier,train,star_wars_unlimited,star_wars_unlimited,swu-db.com:HMW_085,swu-db.com community API — verify swu-db.com/api terms before redistribution,2026-09-13,Remote Scout
HMW_104.png,tcg_identifier,train,star_wars_unlimited,star_wars_unlimited,swu-db.com:HMW_104,swu-db.com community API — verify swu-db.com/api terms before redistribution,2026-09-10,Garnac
HMW_147.png,tcg_identifier,train,star_wars_unlimited,star_wars_unlimited,swu-db.com:HMW_147,swu-db.com community API — verify swu-db.com/api terms before redistribution,2026-09-10,
HMW_169.png,tcg_identifier,train,star_wars_unlimited,star_wars_unlimited,swu-db.com:HMW_169,swu-db.com community API — verify swu-db.com/api terms before redistribution,2026-09-13,Crosshair
HMW_193.png,tcg_identifier,train,star_wars_unlimited,star_wars_unlimited,swu-db.com:HMW_193,swu-db.com community API — verify swu-db.com/api terms before redistribution,2026-09-13,Nightfall
HMW_243.png,tcg_identifier,train,star_wars_unlimited,star_wars_unlimited,swu-db.com:HMW_243,swu-db.com community API — verify swu-db.com/api terms before redistribution,2026-09-10,
HMW_255.png,tcg_identifier,train,star_wars_unlimited,star_wars_unlimited,swu-db.com:HMW_255,swu-db.com community API — verify swu-db.com/api terms before redistribution,2026-09-10,C-3P0
HMW_257.png,tcg_identifier,train,star_wars_unlimited,star_wars_unlimited,swu-db.com:HMW_257,swu-db.com community API — verify swu-db.com/api terms before redistribution,2026-09-13,Ewok Archers
IBH_18.png,tcg_identifier,train,star_wars_unlimited,star_wars_unlimited,swu-db.com:IBH_18,swu-db.com community API — verify swu-db.com/api terms before redistribution,2026-09-10,Go for the Legs
IBH_23.png,tcg_identifier,train,star_wars_unlimited,star_wars_unlimited,swu-db.com:IBH_23,swu-db.com community API — verify swu-db.com/api terms before redistribution,2026-09-13,General Rieekan
IBH_24.png,tcg_identifier,train,star_wars_unlimited,star_wars_unlimited,swu-db.com:IBH_24,swu-db.com community API — verify swu-db.com/api terms before redistribution,2026-09-10,
IBH_67.png,tcg_identifier,train,star_wars_unlimited,star_wars_unlimited,swu-db.com:IBH_67,swu-db.com community API — verify swu-db.com/api terms before redistribution,2026-09-13,Ground Assault AT-AT
IBH_80.png,tcg_identifier,train,star_wars_unlimited,star_wars_unlimited,swu-db.com:IBH_80,swu-db.com community API — verify swu-db.com/api terms before redistribution,2026-09-13,Snowtrooper Vanguard
JTL_017.png,tcg_identifier,train,star_wars_unlimited,star_wars_unlimited,swu-db.com:JTL_017,swu-db.com community API — verify swu-db.com/api terms before redistribution,2026-09-10,
JTL_035.png,tcg_identifier,train,star_wars_unlimited,star_wars_unlimited,swu-db.com:JTL_035,swu-db.com community API — verify swu-db.com/api terms before redistribution,2026-09-13,Tam Ryvora
JTL_046.png,tcg_identifier,train,star_wars_unlimited,star_wars_unlimited,swu-db.com:JTL_046,swu-db.com community API — verify swu-db.com/api terms before redistribution,2026-09-13,Paige Tico
JTL_049.png,tcg_identifier,train,star_wars_unlimited,star_wars_unlimited,swu-db.com:JTL_049,swu-db.com community API — verify swu-db.com/api terms before redistribution,2026-09-13,L3-37
JTL_068.png,tcg_identifier,train,star_wars_unlimited,star_wars_unlimited,swu-db.com:JTL_068,swu-db.com community API — verify swu-db.com/api terms before redistribution,2026-09-10,Perimeter AT-RT
JTL_078.png,tcg_identifier,train,star_wars_unlimited,star_wars_unlimited,swu-db.com:JTL_078,swu-db.com community API — verify swu-db.com/api terms before redistribution,2026-09-13,Direct Hit
JTL_084.png,tcg_identifier,train,star_wars_unlimited,star_wars_unlimited,swu-db.com:JTL_084,swu-db.com community API — verify swu-db.com/api terms before redistribution,2026-09-10,Wingman Victor Two
JTL_087.png,tcg_identifier,train,star_wars_unlimited,star_wars_unlimited,swu-db.com:JTL_087,swu-db.com community API — verify swu-db.com/api terms before redistribution,2026-09-13,TIE Ambush Squadron
JTL_092.png,tcg_identifier,train,star_wars_unlimited,star_wars_unlimited,swu-db.com:JTL_092,swu-db.com community API — verify swu-db.com/api terms before redistribution,2026-09-13,Scramble Fighters
JTL_122.png,tcg_identifier,train,star_wars_unlimited,star_wars_unlimited,swu-db.com:JTL_122,swu-db.com community API — verify swu-db.com/api terms before redistribution,2026-09-10,All Wings Report In
JTL_124.png,tcg_identifier,train,star_wars_unlimited,star_wars_unlimited,swu-db.com:JTL_124,swu-db.com community API — verify swu-db.com/api terms before redistribution,2026-09-10,Tandem Assault
JTL_130.png,tcg_identifier,train,star_wars_unlimited,star_wars_unlimited,swu-db.com:JTL_130,swu-db.com community API — verify swu-db.com/api terms before redistribution,2026-09-10,Timely Reinforcements
JTL_146.png,tcg_identifier,train,star_wars_unlimited,star_wars_unlimited,swu-db.com:JTL_146,swu-db.com community API — verify swu-db.com/api terms before redistribution,2026-09-10,Massassi Tactical Officer
JTL_149.png,tcg_identifier,train,star_wars_unlimited,star_wars_unlimited,swu-db.com:JTL_149,swu-db.com community API — verify swu-db.com/api terms before redistribution,2026-09-13,Red Squadron Y-Wing
JTL_153.png,tcg_identifier,train,star_wars_unlimited,star_wars_unlimited,swu-db.com:JTL_153,swu-db.com community API — verify swu-db.com/api terms before redistribution,2026-09-10,Rebellious Hammerhead
JTL_154.png,tcg_identifier,train,star_wars_unlimited,star_wars_unlimited,swu-db.com:JTL_154,swu-db.com community API — verify swu-db.com/api terms before redistribution,2026-09-10,Profundity
JTL_158.png,tcg_identifier,train,star_wars_unlimited,star_wars_unlimited,swu-db.com:JTL_158,swu-db.com community API — verify swu-db.com/api terms before redistribution,2026-09-10,Crackshot V-Wing
JTL_165.png,tcg_identifier,train,star_wars_unlimited,star_wars_unlimited,swu-db.com:JTL_165,swu-db.com community API — verify swu-db.com/api terms before redistribution,2026-09-13,Hunting Aggressor
JTL_173.png,tcg_identifier,train,star_wars_unlimited,star_wars_unlimited,swu-db.com:JTL_173,swu-db.com community API — verify swu-db.com/api terms before redistribution,2026-09-10,Fight Fire With Fire
JTL_180.png,tcg_identifier,train,star_wars_unlimited,star_wars_unlimited,swu-db.com:JTL_180,swu-db.com community API — verify swu-db.com/api terms before redistribution,2026-09-13,Piercing Shot
JTL_187.png,tcg_identifier,train,star_wars_unlimited,star_wars_unlimited,swu-db.com:JTL_187,swu-db.com community API — verify swu-db.com/api terms before redistribution,2026-09-10,
JTL_190.png,tcg_identifier,train,star_wars_unlimited,star_wars_unlimited,swu-db.com:JTL_190,swu-db.com community API — verify swu-db.com/api terms before redistribution,2026-09-13,Techno Union Transport
JTL_210.png,tcg_identifier,train,star_wars_unlimited,star_wars_unlimited,swu-db.com:JTL_210,swu-db.com community API — verify swu-db.com/api terms before redistribution,2026-09-13,The Mandalorian
JTL_238.png,tcg_identifier,train,star_wars_unlimited,star_wars_unlimited,swu-db.com:JTL_238,swu-db.com community API — verify swu-db.com/api terms before redistribution,2026-09-13,Sith Trooper
JTL_249.png,tcg_identifier,train,star_wars_unlimited,star_wars_unlimited,swu-db.com:JTL_249,swu-db.com community API — verify swu-db.com/api terms before redistribution,2026-09-10,Millennium Falcon
JTL_251.png,tcg_identifier,train,star_wars_unlimited,star_wars_unlimited,swu-db.com:JTL_251,swu-db.com community API — verify swu-db.com/api terms before redistribution,2026-09-13,Jedi Light Cruiser
JTL_253.png,tcg_identifier,train,star_wars_unlimited,star_wars_unlimited,swu-db.com:JTL_253,swu-db.com community API — verify swu-db.com/api terms before redistribution,2026-09-13,Coordinated Front
JTL_256.png,tcg_identifier,train,star_wars_unlimited,star_wars_unlimited,swu-db.com:JTL_256,swu-db.com community API — verify swu-db.com/api terms before redistribution,2026-09-13,Swarming Vulture Droid
LAW_017.png,tcg_identifier,train,star_wars_unlimited,star_wars_unlimited,swu-db.com:LAW_017,swu-db.com community API — verify swu-db.com/api terms before redistribution,2026-09-13,Han Solo
LAW_018.png,tcg_identifier,train,star_wars_unlimited,star_wars_unlimited,swu-db.com:LAW_018,swu-db.com community API — verify swu-db.com/api terms before redistribution,2026-09-13,Lando Calrissian
LAW_081.png,tcg_identifier,train,star_wars_unlimited,star_wars_unlimited,swu-db.com:LAW_081,swu-db.com community API — verify swu-db.com/api terms before redistribution,2026-09-13,Sullustan Sapper
LAW_084.png,tcg_identifier,train,star_wars_unlimited,star_wars_unlimited,swu-db.com:LAW_084,swu-db.com community API — verify swu-db.com/api terms before redistribution,2026-09-13,Krrsantan
LAW_093.png,tcg_identifier,train,star_wars_unlimited,star_wars_unlimited,swu-db.com:LAW_093,swu-db.com community API — verify swu-db.com/api terms before redistribution,2026-09-10,
LAW_116.png,tcg_identifier,train,star_wars_unlimited,star_wars_unlimited,swu-db.com:LAW_116,swu-db.com community API — verify swu-db.com/api terms before redistribution,2026-09-10,
LAW_122.png,tcg_identifier,train,star_wars_unlimited,star_wars_unlimited,swu-db.com:LAW_122,swu-db.com community API — verify swu-db.com/api terms before redistribution,2026-09-13,Shielded Hauler
LAW_123.png,tcg_identifier,train,star_wars_unlimited,star_wars_unlimited,swu-db.com:LAW_123,swu-db.com community API — verify swu-db.com/api terms before redistribution,2026-09-10,
LAW_124.png,tcg_identifier,train,star_wars_unlimited,star_wars_unlimited,swu-db.com:LAW_124,swu-db.com community API — verify swu-db.com/api terms before redistribution,2026-09-10,Industrious Team
LAW_130.png,tcg_identifier,train,star_wars_unlimited,star_wars_unlimited,swu-db.com:LAW_130,swu-db.com community API — verify swu-db.com/api terms before redistribution,2026-09-13,Betrayed Trust
LAW_146.png,tcg_identifier,train,star_wars_unlimited,star_wars_unlimited,swu-db.com:LAW_146,swu-db.com community API — verify swu-db.com/api terms before redistribution,2026-09-13,Massassi Group Marines
LAW_150.png,tcg_identifier,train,star_wars_unlimited,star_wars_unlimited,swu-db.com:LAW_150,swu-db.com community API — verify swu-db.com/api terms before redistribution,2026-09-10,
LAW_152.png,tcg_identifier,train,star_wars_unlimited,star_wars_unlimited,swu-db.com:LAW_152,swu-db.com community API — verify swu-db.com/api terms before redistribution,2026-09-13,C-3P0
LAW_153.png,tcg_identifier,train,star_wars_unlimited,star_wars_unlimited,swu-db.com:LAW_153,swu-db.com community API — verify swu-db.com/api terms before redistribution,2026-09-13,Follower of the Code
LAW_156.png,tcg_identifier,train,star_wars_unlimited,star_wars_unlimited,swu-db.com:LAW_156,swu-db.com community API — verify swu-db.com/api terms before redistribution,2026-09-10,Hunter For Hire
LAW_163.png,tcg_identifier,train,star_wars_unlimited,star_wars_unlimited,swu-db.com:LAW_163,swu-db.com community API — verify swu-db.com/api terms before redistribution,2026-09-13,The Sarlacc of Carkoon
LAW_166.png,tcg_identifier,train,star_wars_unlimited,star_wars_unlimited,swu-db.com:LAW_166,swu-db.com community API — verify swu-db.com/api terms before redistribution,2026-09-10,Putting a Team Together
LAW_177.png,tcg_identifier,train,star_wars_unlimited,star_wars_unlimited,swu-db.com:LAW_177,swu-db.com community API — verify swu-db.com/api terms before redistribution,2026-09-10,Son-tuul Berserkers
LAW_185.png,tcg_identifier,train,star_wars_unlimited,star_wars_unlimited,swu-db.com:LAW_185,swu-db.com community API — verify swu-db.com/api terms before redistribution,2026-09-13,Ben Solo
LAW_196.png,tcg_identifier,train,star_wars_unlimited,star_wars_unlimited,swu-db.com:LAW_196,swu-db.com community API — verify swu-db.com/api terms before redistribution,2026-09-13,Relentless Hunters
LAW_210.png,tcg_identifier,train,star_wars_unlimited,star_wars_unlimited,swu-db.com:LAW_210,swu-db.com community API — verify swu-db.com/api terms before redistribution,2026-09-10,Salacious Crumb
LAW_216.png,tcg_identifier,train,star_wars_unlimited,star_wars_unlimited,swu-db.com:LAW_216,swu-db.com community API — verify swu-db.com/api terms before redistribution,2026-09-13,Jabba's Rancor
LAW_218.png,tcg_identifier,train,star_wars_unlimited,star_wars_unlimited,swu-db.com:LAW_218,swu-db.com community API — verify swu-db.com/api terms before redistribution,2026-09-10,Artful Pickpocket
LAW_224.png,tcg_identifier,train,star_wars_unlimited,star_wars_unlimited,swu-db.com:LAW_224,swu-db.com community API — verify swu-db.com/api terms before redistribution,2026-09-13,Liberty
LAW_232.png,tcg_identifier,train,star_wars_unlimited,star_wars_unlimited,swu-db.com:LAW_232,swu-db.com community API — verify swu-db.com/api terms before redistribution,2026-09-13,Champion's KT9 Podracer
LAW_238.png,tcg_identifier,train,star_wars_unlimited,star_wars_unlimited,swu-db.com:LAW_238,swu-db.com community API — verify swu-db.com/api terms before redistribution,2026-09-13,Scavenging Sandcrawler
LAW_257.png,tcg_identifier,train,star_wars_unlimited,star_wars_unlimited,swu-db.com:LAW_257,swu-db.com community API — verify swu-db.com/api terms before redistribution,2026-09-10,Hidden Hand Supplier
LAW_258.png,tcg_identifier,train,star_wars_unlimited,star_wars_unlimited,swu-db.com:LAW_258,swu-db.com community API — verify swu-db.com/api terms before redistribution,2026-09-13,Criminal Contact
LOF_044.png,tcg_identifier,train,star_wars_unlimited,star_wars_unlimited,swu-db.com:LOF_044,swu-db.com community API — verify swu-db.com/api terms before redistribution,2026-09-13,Loth-Wolf
LOF_068.png,tcg_identifier,train,star_wars_unlimited,star_wars_unlimited,swu-db.com:LOF_068,swu-db.com community API — verify swu-db.com/api terms before redistribution,2026-09-13,Luthen Rael
LOF_076.png,tcg_identifier,train,star_wars_unlimited,star_wars_unlimited,swu-db.com:LOF_076,swu-db.com community API — verify swu-db.com/api terms before redistribution,2026-09-10,Soresu Stance
LOF_077.png,tcg_identifier,train,star_wars_unlimited,star_wars_unlimited,swu-db.com:LOF_077,swu-db.com community API — verify swu-db.com/api terms before redistribution,2026-09-13,Crushing Blow
LOF_079.png,tcg_identifier,train,star_wars_unlimited,star_wars_unlimited,swu-db.com:LOF_079,swu-db.com community API — verify swu-db.com/api terms before redistribution,2026-09-13,Shatterpoint
LOF_091.png,tcg_identifier,train,star_wars_unlimited,star_wars_unlimited,swu-db.com:LOF_091,swu-db.com community API — verify swu-db.com/api terms before redistribution,2026-09-10,
LOF_098.png,tcg_identifier,train,star_wars_unlimited,star_wars_unlimited,swu-db.com:LOF_098,swu-db.com community API — verify swu-db.com/api terms before redistribution,2026-09-10,Leia Organa
LOF_112.png,tcg_identifier,train,star_wars_unlimited,star_wars_unlimited,swu-db.com:LOF_112,swu-db.com community API — verify swu-db.com/api terms before redistribution,2026-09-13,Outer Rim Mystic
LOF_116.png,tcg_identifier,train,star_wars_unlimited,star_wars_unlimited,swu-db.com:LOF_116,swu-db.com community API — verify swu-db.com/api terms before redistribution,2026-09-10,
LOF_119.png,tcg_identifier,train,star_wars_unlimited,star_wars_unlimited,swu-db.com:LOF_119,swu-db.com community API — verify swu-db.com/api terms before redistribution,2026-09-13,Hyperspace Wayfarer
LOF_180.png,tcg_identifier,train,star_wars_unlimited,star_wars_unlimited,swu-db.com:LOF_180,swu-db.com community API — verify swu-db.com/api terms before redistribution,2026-09-13,Deceptive Shade
LOF_184.png,tcg_identifier,train,star_wars_unlimited,star_wars_unlimited,swu-db.com:LOF_184,swu-db.com community API — verify swu-db.com/api terms before redistribution,2026-09-10,
LOF_187.png,tcg_identifier,train,star_wars_unlimited,star_wars_unlimited,swu-db.com:LOF_187,swu-db.com community API — verify swu-db.com/api terms before redistribution,2026-09-13,Corrupted Saber
LOF_192.png,tcg_identifier,train,star_wars_unlimited,star_wars_unlimited,swu-db.com:LOF_192,swu-db.com community API — verify swu-db.com/api terms before redistribution,2026-09-10,
LOF_194.png,tcg_identifier,train,star_wars_unlimited,star_wars_unlimited,swu-db.com:LOF_194,swu-db.com community API — verify swu-db.com/api terms before redistribution,2026-09-13,J-Type Nubian Starship
LOF_196.png,tcg_identifier,train,star_wars_unlimited,star_wars_unlimited,swu-db.com:LOF_196,swu-db.com community API — verify swu-db.com/api terms before redistribution,2026-09-13,Jedi Sentinel
LOF_206.png,tcg_identifier,train,star_wars_unlimited,star_wars_unlimited,swu-db.com:LOF_206,swu-db.com community API — verify swu-db.com/api terms before redistribution,2026-09-10,Babu Frik
LOF_212.png,tcg_identifier,train,star_wars_unlimited,star_wars_unlimited,swu-db.com:LOF_212,swu-db.com community API — verify swu-db.com/api terms before redistribution,2026-09-13,Life Wind Sage
LOF_213.png,tcg_identifier,train,star_wars_unlimited,star_wars_unlimited,swu-db.com:LOF_213,swu-db.com community API — verify swu-db.com/api terms before redistribution,2026-09-13,The Legacy Run
LOF_214.png,tcg_identifier,train,star_wars_unlimited,star_wars_unlimited,swu-db.com:LOF_214,swu-db.com community API — verify swu-db.com/api terms before redistribution,2026-09-10,Sorcerers of Tund
LOF_216.png,tcg_identifier,train,star_wars_unlimited,star_wars_unlimited,swu-db.com:LOF_216,swu-db.com community API — verify swu-db.com/api terms before redistribution,2026-09-10,Disturbance in the Force
LOF_217.png,tcg_identifier,train,star_wars_unlimited,star_wars_unlimited,swu-db.com:LOF_217,swu-db.com community API — verify swu-db.com/api terms before redistribution,2026-09-10,Force Slow
LOF_222.png,tcg_identifier,train,star_wars_unlimited,star_wars_unlimited,swu-db.com:LOF_222,swu-db.com community API — verify swu-db.com/api terms before redistribution,2026-09-10,A Precarious Predicament
LOF_240.png,tcg_identifier,train,star_wars_unlimited,star_wars_unlimited,swu-db.com:LOF_240,swu-db.com community API — verify swu-db.com/api terms before redistribution,2026-09-13,Flight of the Inquisitor
LOF_250.png,tcg_identifier,train,star_wars_unlimited,star_wars_unlimited,swu-db.com:LOF_250,swu-db.com community API — verify swu-db.com/api terms before redistribution,2026-09-10,Medical Frigate
LOF_253.png,tcg_identifier,train,star_wars_unlimited,star_wars_unlimited,swu-db.com:LOF_253,swu-db.com community API — verify swu-db.com/api terms before redistribution,2026-09-10,Longbeam Cruiser
LOF_263.png,tcg_identifier,train,star_wars_unlimited,star_wars_unlimited,swu-db.com:LOF_263,swu-db.com community API — verify swu-db.com/api terms before redistribution,2026-09-10,
SEC_011.png,tcg_identifier,train,star_wars_unlimited,star_wars_unlimited,swu-db.com:SEC_011,swu-db.com community API — verify swu-db.com/api terms before redistribution,2026-09-13,Governor Pryce
SEC_028.png,tcg_identifier,train,star_wars_unlimited,star_wars_unlimited,swu-db.com:SEC_028,swu-db.com community API — verify swu-db.com/api terms before redistribution,2026-09-13,Trayus Acolyte
SEC_029.png,tcg_identifier,train,star_wars_unlimited,star_wars_unlimited,swu-db.com:SEC_029,swu-db.com community API — verify swu-db.com/api terms before redistribution,2026-09-13,Zam Wesell
SEC_037.png,tcg_identifier,train,star_wars_unlimited,star_wars_unlimited,swu-db.com:SEC_037,swu-db.com community API — verify swu-db.com/api terms before redistribution,2026-09-13,Cantwell Arrestor Cruiser
SEC_038.png,tcg_identifier,train,star_wars_unlimited,star_wars_unlimited,swu-db.com:SEC_038,swu-db.com community API — verify swu-db.com/api terms before redistribution,2026-09-13,Condemn
SEC_047.png,tcg_identifier,train,star_wars_unlimited,star_wars_unlimited,swu-db.com:SEC_047,swu-db.com community API — verify swu-db.com/api terms before redistribution,2026-09-13,Coronet
SEC_060.png,tcg_identifier,train,star_wars_unlimited,star_wars_unlimited,swu-db.com:SEC_060,swu-db.com community API — verify swu-db.com/api terms before redistribution,2026-09-13,Defense Fleet X-Wing
SEC_062.png,tcg_identifier,train,star_wars_unlimited,star_wars_unlimited,swu-db.com:SEC_062,swu-db.com community API — verify swu-db.com/api terms before redistribution,2026-09-13,Bardottan Ornithopter
SEC_064.png,tcg_identifier,train,star_wars_unlimited,star_wars_unlimited,swu-db.com:SEC_064,swu-db.com community API — verify swu-db.com/api terms before redistribution,2026-09-13,Congress of Malastare
SEC_065.png,tcg_identifier,train,star_wars_unlimited,star_wars_unlimited,swu-db.com:SEC_065,swu-db.com community API — verify swu-db.com/api terms before redistribution,2026-09-13,Nala Se
SEC_069.png,tcg_identifier,train,star_wars_unlimited,star_wars_unlimited,swu-db.com:SEC_069,swu-db.com community API — verify swu-db.com/api terms before redistribution,2026-09-13,Nimble Prowess
SEC_073.png,tcg_identifier,train,star_wars_unlimited,star_wars_unlimited,swu-db.com:SEC_073,swu-db.com community API — verify swu-db.com/api terms before redistribution,2026-09-13,The Eye of Aldhani
SEC_085.png,tcg_identifier,train,star_wars_unlimited,star_wars_unlimited,swu-db.com:SEC_085,swu-db.com community API — verify swu-db.com/api terms before redistribution,2026-09-13,Vice Admiral Rampart
SEC_093.png,tcg_identifier,train,star_wars_unlimited,star_wars_unlimited,swu-db.com:SEC_093,swu-db.com community API — verify swu-db.com/api terms before redistribution,2026-09-13,C-3P0
SEC_115.png,tcg_identifier,train,star_wars_unlimited,star_wars_unlimited,swu-db.com:SEC_115,swu-db.com community API — verify swu-db.com/api terms before redistribution,2026-09-13,Taylander Shuttle
SEC_116.png,tcg_identifier,train,star_wars_unlimited,star_wars_unlimited,swu-db.com:SEC_116,swu-db.com community API — verify swu-db.com/api terms before redistribution,2026-09-13,Nubian Star Skiff
SEC_120.png,tcg_identifier,train,star_wars_unlimited,star_wars_unlimited,swu-db.com:SEC_120,swu-db.com community API — verify swu-db.com/api terms before redistribution,2026-09-13,Naboo Security Force
SEC_143.png,tcg_identifier,train,star_wars_unlimited,star_wars_unlimited,swu-db.com:SEC_143,swu-db.com community API — verify swu-db.com/api terms before redistribution,2026-09-13,The Elite Squad
SEC_154.png,tcg_identifier,train,star_wars_unlimited,star_wars_unlimited,swu-db.com:SEC_154,swu-db.com community API — verify swu-db.com/api terms before redistribution,2026-09-13,Inner Rim Coalition
SEC_169.png,tcg_identifier,train,star_wars_unlimited,star_wars_unlimited,swu-db.com:SEC_169,swu-db.com community API — verify swu-db.com/api terms before redistribution,2026-09-13,AAT Incinerator
SEC_174.png,tcg_identifier,train,star_wars_unlimited,star_wars_unlimited,swu-db.com:SEC_174,swu-db.com community API — verify swu-db.com/api terms before redistribution,2026-09-13,Saw Gerrera's U-Wing
SEC_177.png,tcg_identifier,train,star_wars_unlimited,star_wars_unlimited,swu-db.com:SEC_177,swu-db.com community API — verify swu-db.com/api terms before redistribution,2026-09-13,It's Not Over Yet
SEC_181.png,tcg_identifier,train,star_wars_unlimited,star_wars_unlimited,swu-db.com:SEC_181,swu-db.com community API — verify swu-db.com/api terms before redistribution,2026-09-13,Unauthorized Investigation
SEC_195.png,tcg_identifier,train,star_wars_unlimited,star_wars_unlimited,swu-db.com:SEC_195,swu-db.com community API — verify swu-db.com/api terms before redistribution,2026-09-13,Arrest
SEC_211.png,tcg_identifier,train,star_wars_unlimited,star_wars_unlimited,swu-db.com:SEC_211,swu-db.com community API — verify swu-db.com/api terms before redistribution,2026-09-13,Faith in Your Friends
SEC_261.png,tcg_identifier,train,star_wars_unlimited,star_wars_unlimited,swu-db.com:SEC_261,swu-db.com community API — verify swu-db.com/api terms before redistribution,2026-09-13,Inspiring Senator
SEC_262.png,tcg_identifier,train,star_wars_unlimited,star_wars_unlimited,swu-db.com:SEC_262,swu-db.com community API — verify swu-db.com/api terms before redistribution,2026-09-13,Ando Commission
SHD_028.png,tcg_identifier,train,star_wars_unlimited,star_wars_unlimited,swu-db.com:SHD_028,swu-db.com community API — verify swu-db.com/api terms before redistribution,2026-09-13,Doctor Pershing
SHD_079.png,tcg_identifier,train,star_wars_unlimited,star_wars_unlimited,swu-db.com:SHD_079,swu-db.com community API — verify swu-db.com/api terms before redistribution,2026-09-13,Rival's Fall
SHD_099.png,tcg_identifier,train,star_wars_unlimited,star_wars_unlimited,swu-db.com:SHD_099,swu-db.com community API — verify swu-db.com/api terms before redistribution,2026-09-13,Echo
SHD_103.png,tcg_identifier,train,star_wars_unlimited,star_wars_unlimited,swu-db.com:SHD_103,swu-db.com community API — verify swu-db.com/api terms before redistribution,2026-09-13,General Rieekan
SHD_107.png,tcg_identifier,train,star_wars_unlimited,star_wars_unlimited,swu-db.com:SHD_107,swu-db.com community API — verify swu-db.com/api terms before redistribution,2026-09-13,Enterprising Lackeys
SHD_113.png,tcg_identifier,train,star_wars_unlimited,star_wars_unlimited,swu-db.com:SHD_113,swu-db.com community API — verify swu-db.com/api terms before redistribution,2026-09-13,Privateer Crew
SHD_115.png,tcg_identifier,train,star_wars_unlimited,star_wars_unlimited,swu-db.com:SHD_115,swu-db.com community API — verify swu-db.com/api terms before redistribution,2026-09-13,Cobb Vanth
SHD_120.png,tcg_identifier,train,star_wars_unlimited,star_wars_unlimited,swu-db.com:SHD_120,swu-db.com community API — verify swu-db.com/api terms before redistribution,2026-09-13,Discerning Veteran
SHD_124.png,tcg_identifier,train,star_wars_unlimited,star_wars_unlimited,swu-db.com:SHD_124,swu-db.com community API — verify swu-db.com/api terms before redistribution,2026-09-13,Legal Authority
SHD_127.png,tcg_identifier,train,star_wars_unlimited,star_wars_unlimited,swu-db.com:SHD_127,swu-db.com community API — verify swu-db.com/api terms before redistribution,2026-09-13,Commission
SHD_141.png,tcg_identifier,train,star_wars_unlimited,star_wars_unlimited,swu-db.com:SHD_141,swu-db.com community API — verify swu-db.com/api terms before redistribution,2026-09-13,Kylo Ren
SHD_152.png,tcg_identifier,train,star_wars_unlimited,star_wars_unlimited,swu-db.com:SHD_152,swu-db.com community API — verify swu-db.com/api terms before redistribution,2026-09-13,Desperado Freighter
SHD_154.png,tcg_identifier,train,star_wars_unlimited,star_wars_unlimited,swu-db.com:SHD_154,swu-db.com community API — verify swu-db.com/api terms before redistribution,2026-09-13,Wrecker
SHD_155.png,tcg_identifier,train,star_wars_unlimited,star_wars_unlimited,swu-db.com:SHD_155,swu-db.com community API — verify swu-db.com/api terms before redistribution,2026-09-13,Heroic Resolve
SHD_156.png,tcg_identifier,train,star_wars_unlimited,star_wars_unlimited,swu-db.com:SHD_156,swu-db.com community API — verify swu-db.com/api terms before redistribution,2026-09-13,Cripple Authority
SHD_159.png,tcg_identifier,train,star_wars_unlimited,star_wars_unlimited,swu-db.com:SHD_159,swu-db.com community API — verify swu-db.com/api terms before redistribution,2026-09-13,The Chaos of War
SHD_173.png,tcg_identifier,train,star_wars_unlimited,star_wars_unlimited,swu-db.com:SHD_173,swu-db.com community API — verify swu-db.com/api terms before redistribution,2026-09-13,Guild Target
SHD_176.png,tcg_identifier,train,star_wars_unlimited,star_wars_unlimited,swu-db.com:SHD_176,swu-db.com community API — verify swu-db.com/api terms before redistribution,2026-09-13,Death Mark
SHD_180.png,tcg_identifier,train,star_wars_unlimited,star_wars_unlimited,swu-db.com:SHD_180,swu-db.com community API — verify swu-db.com/api terms before redistribution,2026-09-13,Detention Block Rescue
SHD_183.png,tcg_identifier,train,star_wars_unlimited,star_wars_unlimited,swu-db.com:SHD_183,swu-db.com community API — verify swu-db.com/api terms before redistribution,2026-09-13,Kintan Intimidator
SHD_188.png,tcg_identifier,train,star_wars_unlimited,star_wars_unlimited,swu-db.com:SHD_188,swu-db.com community API — verify swu-db.com/api terms before redistribution,2026-09-13,4-LOM
SHD_237.png,tcg_identifier,train,star_wars_unlimited,star_wars_unlimited,swu-db.com:SHD_237,swu-db.com community API — verify swu-db.com/api terms before redistribution,2026-09-13,Black Sun Starfighter
SHD_238.png,tcg_identifier,train,star_wars_unlimited,star_wars_unlimited,swu-db.com:SHD_238,swu-db.com community API — verify swu-db.com/api terms before redistribution,2026-09-13,Cell Block Guard
SHD_242.png,tcg_identifier,train,star_wars_unlimited,star_wars_unlimited,swu-db.com:SHD_242,swu-db.com community API — verify swu-db.com/api terms before redistribution,2026-09-13,Gideon's Light Cruiser
SHD_254.png,tcg_identifier,train,star_wars_unlimited,star_wars_unlimited,swu-db.com:SHD_254,swu-db.com community API — verify swu-db.com/api terms before redistribution,2026-09-13,Bounty Guild Initiate
SOR_045.png,tcg_identifier,train,star_wars_unlimited,star_wars_unlimited,swu-db.com:SOR_045,swu-db.com community API — verify swu-db.com/api terms before redistribution,2026-09-13,Yoda
SOR_048.png,tcg_identifier,train,star_wars_unlimited,star_wars_unlimited,swu-db.com:SOR_048,swu-db.com community API — verify swu-db.com/api terms before redistribution,2026-09-13,Vigilant Honor Guards
SOR_066.png,tcg_identifier,train,star_wars_unlimited,star_wars_unlimited,swu-db.com:SOR_066,swu-db.com community API — verify swu-db.com/api terms before redistribution,2026-09-13,System Patrol Craft
SOR_068.png,tcg_identifier,train,star_wars_unlimited,star_wars_unlimited,swu-db.com:SOR_068,swu-db.com community API — verify swu-db.com/api terms before redistribution,2026-09-13,Cargo Juggernaut
SOR_078.png,tcg_identifier,train,star_wars_unlimited,star_wars_unlimited,swu-db.com:SOR_078,swu-db.com community API — verify swu-db.com/api terms before redistribution,2026-09-13,Vanquish
SOR_081.png,tcg_identifier,train,star_wars_unlimited,star_wars_unlimited,swu-db.com:SOR_081,swu-db.com community API — verify swu-db.com/api terms before redistribution,2026-09-13,Seasoned Shoretrooper
SOR_084.png,tcg_identifier,train,star_wars_unlimited,star_wars_unlimited,swu-db.com:SOR_084,swu-db.com community API — verify swu-db.com/api terms before redistribution,2026-09-13,Grand Moff Tarkin
SOR_085.png,tcg_identifier,train,star_wars_unlimited,star_wars_unlimited,swu-db.com:SOR_085,swu-db.com community API — verify swu-db.com/api terms before redistribution,2026-09-13,Rukh
SOR_097.png,tcg_identifier,train,star_wars_unlimited,star_wars_unlimited,swu-db.com:SOR_097,swu-db.com community API — verify swu-db.com/api terms before redistribution,2026-09-13,Admiral Ackbar
SOR_102.png,tcg_identifier,train,star_wars_unlimited,star_wars_unlimited,swu-db.com:SOR_102,swu-db.com community API — verify swu-db.com/api terms before redistribution,2026-09-13,Home One
SOR_123.png,tcg_identifier,train,star_wars_unlimited,star_wars_unlimited,swu-db.com:SOR_123,swu-db.com community API — verify swu-db.com/api terms before redistribution,2026-09-13,Recruit
SOR_150.png,tcg_identifier,train,star_wars_unlimited,star_wars_unlimited,swu-db.com:SOR_150,swu-db.com community API — verify swu-db.com/api terms before redistribution,2026-09-13,Heroic Sacrifice
SOR_168.png,tcg_identifier,train,star_wars_unlimited,star_wars_unlimited,swu-db.com:SOR_168,swu-db.com community API — verify swu-db.com/api terms before redistribution,2026-09-13,Precision Fire
SOR_170.png,tcg_identifier,train,star_wars_unlimited,star_wars_unlimited,swu-db.com:SOR_170,swu-db.com community API — verify swu-db.com/api terms before redistribution,2026-09-13,Power Failure
SOR_187.png,tcg_identifier,train,star_wars_unlimited,star_wars_unlimited,swu-db.com:SOR_187,swu-db.com community API — verify swu-db.com/api terms before redistribution,2026-09-13,I Had No Choice
SOR_196.png,tcg_identifier,train,star_wars_unlimited,star_wars_unlimited,swu-db.com:SOR_196,swu-db.com community API — verify swu-db.com/api terms before redistribution,2026-09-13,Chewbacca
SOR_222.png,tcg_identifier,train,star_wars_unlimited,star_wars_unlimited,swu-db.com:SOR_222,swu-db.com community API — verify swu-db.com/api terms before redistribution,2026-09-13,Waylay
SOR_223.png,tcg_identifier,train,star_wars_unlimited,star_wars_unlimited,swu-db.com:SOR_223,swu-db.com community API — verify swu-db.com/api terms before redistribution,2026-09-13,Don't Get Cocky
SOR_229.png,tcg_identifier,train,star_wars_unlimited,star_wars_unlimited,swu-db.com:SOR_229,swu-db.com community API — verify swu-db.com/api terms before redistribution,2026-09-13,Cell Block Guard
SOR_232.png,tcg_identifier,train,star_wars_unlimited,star_wars_unlimited,swu-db.com:SOR_232,swu-db.com community API — verify swu-db.com/api terms before redistribution,2026-09-13,AT-ST
TASH_T02.png,tcg_identifier,train,star_wars_unlimited,star_wars_unlimited,swu-db.com:TASH_T02,swu-db.com community API — verify swu-db.com/api terms before redistribution,2026-09-13,Advantage
TS26_15.png,tcg_identifier,train,star_wars_unlimited,star_wars_unlimited,swu-db.com:TS26_15,swu-db.com community API — verify swu-db.com/api terms before redistribution,2026-09-13,C-3P0
TS26_18.png,tcg_identifier,train,star_wars_unlimited,star_wars_unlimited,swu-db.com:TS26_18,swu-db.com community API — verify swu-db.com/api terms before redistribution,2026-09-13,Jendirian Valley
TS26_31.png,tcg_identifier,train,star_wars_unlimited,star_wars_unlimited,swu-db.com:TS26_31,swu-db.com community API — verify swu-db.com/api terms before redistribution,2026-09-13,Chaotic Diversion
TS26_32.png,tcg_identifier,train,star_wars_unlimited,star_wars_unlimited,swu-db.com:TS26_32,swu-db.com community API — verify swu-db.com/api terms before redistribution,2026-09-13,Reckless Landing
TS26_34.png,tcg_identifier,train,star_wars_unlimited,star_wars_unlimited,swu-db.com:TS26_34,swu-db.com community API — verify swu-db.com/api terms before redistribution,2026-09-13,Fives
TS26_39.png,tcg_identifier,train,star_wars_unlimited,star_wars_unlimited,swu-db.com:TS26_39,swu-db.com community API — verify swu-db.com/api terms before redistribution,2026-09-13,Captain Vaughn
TS26_41.png,tcg_identifier,train,star_wars_unlimited,star_wars_unlimited,swu-db.com:TS26_41,swu-db.com community API — verify swu-db.com/api terms before redistribution,2026-09-13,Twilight
TS26_58.png,tcg_identifier,train,star_wars_unlimited,star_wars_unlimited,swu-db.com:TS26_58,swu-db.com community API — verify swu-db.com/api terms before redistribution,2026-09-13,Backed by the Pykes
TS26_61.png,tcg_identifier,train,star_wars_unlimited,star_wars_unlimited,swu-db.com:TS26_61,swu-db.com community API — verify swu-db.com/api terms before redistribution,2026-09-13,Encircle
TS26_65.png,tcg_identifier,train,star_wars_unlimited,star_wars_unlimited,swu-db.com:TS26_65,swu-db.com community API — verify swu-db.com/api terms before redistribution,2026-09-13,Bo-Katan Kryze
TS26_7.png,tcg_identifier,train,star_wars_unlimited,star_wars_unlimited,swu-db.com:TS26_7,swu-db.com community API — verify swu-db.com/api terms before redistribution,2026-09-13,Asajj Ventress
TS26_72.png,tcg_identifier,train,star_wars_unlimited,star_wars_unlimited,swu-db.com:TS26_72,swu-db.com community API — verify swu-db.com/api terms before redistribution,2026-09-13,Fervor
TS26_74.png,tcg_identifier,train,star_wars_unlimited,star_wars_unlimited,swu-db.com:TS26_74,swu-db.com community API — verify swu-db.com/api terms before redistribution,2026-09-13,Pre Vizsla
TWI_009.png,tcg_identifier,train,star_wars_unlimited,star_wars_unlimited,swu-db.com:TWI_009,swu-db.com community API — verify swu-db.com/api terms before redistribution,2026-09-13,Maul
TWI_012.png,tcg_identifier,train,star_wars_unlimited,star_wars_unlimited,swu-db.com:TWI_012,swu-db.com community API — verify swu-db.com/api terms before redistribution,2026-09-13,Anakin Skywalker
TWI_013.png,tcg_identifier,train,star_wars_unlimited,star_wars_unlimited,swu-db.com:TWI_013,swu-db.com community API — verify swu-db.com/api terms before redistribution,2026-09-13,Mace Windu
TWI_041.png,tcg_identifier,train,star_wars_unlimited,star_wars_unlimited,swu-db.com:TWI_041,swu-db.com community API — verify swu-db.com/api terms before redistribution,2026-09-13,Lethal Crackdown
TWI_065.png,tcg_identifier,train,star_wars_unlimited,star_wars_unlimited,swu-db.com:TWI_065,swu-db.com community API — verify swu-db.com/api terms before redistribution,2026-09-13,Falchion Ion Tank
TWI_073.png,tcg_identifier,train,star_wars_unlimited,star_wars_unlimited,swu-db.com:TWI_073,swu-db.com community API — verify swu-db.com/api terms before redistribution,2026-09-13,Grievous Reassembly
TWI_083.png,tcg_identifier,train,star_wars_unlimited,star_wars_unlimited,swu-db.com:TWI_083,swu-db.com community API — verify swu-db.com/api terms before redistribution,2026-09-13,General's Guardian
TWI_089.png,tcg_identifier,train,star_wars_unlimited,star_wars_unlimited,swu-db.com:TWI_089,swu-db.com community API — verify swu-db.com/api terms before redistribution,2026-09-13,Consolidation of Power
TWI_109.png,tcg_identifier,train,star_wars_unlimited,star_wars_unlimited,swu-db.com:TWI_109,swu-db.com community API — verify swu-db.com/api terms before redistribution,2026-09-13,501st Liberator
TWI_114.png,tcg_identifier,train,star_wars_unlimited,star_wars_unlimited,swu-db.com:TWI_114,swu-db.com community API — verify swu-db.com/api terms before redistribution,2026-09-13,Clone Commander Cody
TWI_122.png,tcg_identifier,train,star_wars_unlimited,star_wars_unlimited,swu-db.com:TWI_122,swu-db.com community API — verify swu-db.com/api terms before redistribution,2026-09-13,Squad Support
TWI_124.png,tcg_identifier,train,star_wars_unlimited,star_wars_unlimited,swu-db.com:TWI_124,swu-db.com community API — verify swu-db.com/api terms before redistribution,2026-09-13,Tactical Advantage
TWI_135.png,tcg_identifier,train,star_wars_unlimited,star_wars_unlimited,swu-db.com:TWI_135,swu-db.com community API — verify swu-db.com/api terms before redistribution,2026-09-13,Darth Maul
TWI_137.png,tcg_identifier,train,star_wars_unlimited,star_wars_unlimited,swu-db.com:TWI_137,swu-db.com community API — verify swu-db.com/api terms before redistribution,2026-09-13,Savage Opress
TWI_145.png,tcg_identifier,train,star_wars_unlimited,star_wars_unlimited,swu-db.com:TWI_145,swu-db.com community API — verify swu-db.com/api terms before redistribution,2026-09-13,Jesse
TWI_150.png,tcg_identifier,train,star_wars_unlimited,star_wars_unlimited,swu-db.com:TWI_150,swu-db.com community API — verify swu-db.com/api terms before redistribution,2026-09-13,Saw Gerrera
TWI_157.png,tcg_identifier,train,star_wars_unlimited,star_wars_unlimited,swu-db.com:TWI_157,swu-db.com community API — verify swu-db.com/api terms before redistribution,2026-09-13,Disaffected Senator
TWI_158.png,tcg_identifier,train,star_wars_unlimited,star_wars_unlimited,swu-db.com:TWI_158,swu-db.com community API — verify swu-db.com/api terms before redistribution,2026-09-13,Clone Heavy Gunner
TWI_169.png,tcg_identifier,train,star_wars_unlimited,star_wars_unlimited,swu-db.com:TWI_169,swu-db.com community API — verify swu-db.com/api terms before redistribution,2026-09-13,Clone Cohort
TWI_216.png,tcg_identifier,train,star_wars_unlimited,star_wars_unlimited,swu-db.com:TWI_216,swu-db.com community API — verify swu-db.com/api terms before redistribution,2026-09-13,Fives
TWI_219.png,tcg_identifier,train,star_wars_unlimited,star_wars_unlimited,swu-db.com:TWI_219,swu-db.com community API — verify swu-db.com/api terms before redistribution,2026-09-13,On Top of Things
TWI_223.png,tcg_identifier,train,star_wars_unlimited,star_wars_unlimited,swu-db.com:TWI_223,swu-db.com community API — verify swu-db.com/api terms before redistribution,2026-09-13,Unmasking the Conspiracy
TWI_237.png,tcg_identifier,train,star_wars_unlimited,star_wars_unlimited,swu-db.com:TWI_237,swu-db.com community API — verify swu-db.com/api terms before redistribution,2026-09-13,Droid Deployment
TWI_243.png,tcg_identifier,train,star_wars_unlimited,star_wars_unlimited,swu-db.com:TWI_243,swu-db.com community API — verify swu-db.com/api terms before redistribution,2026-09-13,Republic Commando
TWI_251.png,tcg_identifier,train,star_wars_unlimited,star_wars_unlimited,swu-db.com:TWI_251,swu-db.com community API — verify swu-db.com/api terms before redistribution,2026-09-13,Drop In
TWI_253.png,tcg_identifier,train,star_wars_unlimited,star_wars_unlimited,swu-db.com:TWI_253,swu-db.com community API — verify swu-db.com/api terms before redistribution,2026-09-13,Headhunter Squadron 
TWI_254.png,tcg_identifier,train,star_wars_unlimited,star_wars_unlimited,swu-db.com:TWI_254,swu-db.com community API — verify swu-db.com/api terms before redistribution,2026-09-13,Volunteer Soldier
BAV_W129-E019.png,tcg_identifier,test,weiss_schwarz,weiss_schwarz,WeissSchwarz-ENG-DB:BAV_W129-E019,Community dataset (CCondeluci/WeissSchwarz-ENG-DB) referencing en.ws-tcg.com — verify terms before redistribution,2026-09-10,The Place Where We Belong
BAV_W129-E028.png,tcg_identifier,test,weiss_schwarz,weiss_schwarz,WeissSchwarz-ENG-DB:BAV_W129-E028,Community dataset (CCondeluci/WeissSchwarz-ENG-DB) referencing en.ws-tcg.com — verify terms before redistribution,2026-09-13,"Gehenna Academy, Chinatsu"
BAV_W129-E038.png,tcg_identifier,test,weiss_schwarz,weiss_schwarz,WeissSchwarz-ENG-DB:BAV_W129-E038,Community dataset (CCondeluci/WeissSchwarz-ENG-DB) referencing en.ws-tcg.com — verify terms before redistribution,2026-09-13,A Page of Youth
FZ_S17-E034.png,tcg_identifier,test,weiss_schwarz,weiss_schwarz,WeissSchwarz-ENG-DB:FZ_S17-E034,Community dataset (CCondeluci/WeissSchwarz-ENG-DB) referencing en.ws-tcg.com — verify terms before redistribution,2026-09-10,"Unshakable Pride, Rider"
FZ_S17-E064.png,tcg_identifier,test,weiss_schwarz,weiss_schwarz,WeissSchwarz-ENG-DB:FZ_S17-E064,Community dataset (CCondeluci/WeissSchwarz-ENG-DB) referencing en.ws-tcg.com — verify terms before redistribution,2026-09-10,"Venerable Mage, Tokiomi"
FZ_S17-E072.png,tcg_identifier,test,weiss_schwarz,weiss_schwarz,WeissSchwarz-ENG-DB:FZ_S17-E072,Community dataset (CCondeluci/WeissSchwarz-ENG-DB) referencing en.ws-tcg.com — verify terms before redistribution,2026-09-10,Kariya Matou
FZ_S17-E103.png,tcg_identifier,test,weiss_schwarz,weiss_schwarz,WeissSchwarz-ENG-DB:FZ_S17-E103,Community dataset (CCondeluci/WeissSchwarz-ENG-DB) referencing en.ws-tcg.com — verify terms before redistribution,2026-09-10,"Top Class, Saber"
LL_W01-057.png,tcg_identifier,test,weiss_schwarz,weiss_schwarz,WeissSchwarz-ENG-DB:LL_W01-057,Community dataset (CCondeluci/WeissSchwarz-ENG-DB) referencing en.ws-tcg.com — verify terms before redistribution,2026-09-13,Nozomi in Training Wear
LL_W01-060.png,tcg_identifier,test,weiss_schwarz,weiss_schwarz,WeissSchwarz-ENG-DB:LL_W01-060,Community dataset (CCondeluci/WeissSchwarz-ENG-DB) referencing en.ws-tcg.com — verify terms before redistribution,2026-09-10,"""Let's Go Out Together♪"" Nozomi"
LL_W01-069.png,tcg_identifier,test,weiss_schwarz,weiss_schwarz,WeissSchwarz-ENG-DB:LL_W01-069,Community dataset (CCondeluci/WeissSchwarz-ENG-DB) referencing en.ws-tcg.com — verify terms before redistribution,2026-09-10,"""Let's Go Out Together♪"" Nico"
LL_W01-070.png,tcg_identifier,test,weiss_schwarz,weiss_schwarz,WeissSchwarz-ENG-DB:LL_W01-070,Community dataset (CCondeluci/WeissSchwarz-ENG-DB) referencing en.ws-tcg.com — verify terms before redistribution,2026-09-13,Eli in Pajamas
LL_W01-074.png,tcg_identifier,test,weiss_schwarz,weiss_schwarz,WeissSchwarz-ENG-DB:LL_W01-074,Community dataset (CCondeluci/WeissSchwarz-ENG-DB) referencing en.ws-tcg.com — verify terms before redistribution,2026-09-10,"""Let's Go Out Together♪"" Honoka"
LL_W01-099.png,tcg_identifier,test,weiss_schwarz,weiss_schwarz,WeissSchwarz-ENG-DB:LL_W01-099,Community dataset (CCondeluci/WeissSchwarz-ENG-DB) referencing en.ws-tcg.com — verify terms before redistribution,2026-09-10,Maki in Training Wear
LL_W01-107.png,tcg_identifier,test,weiss_schwarz,weiss_schwarz,WeissSchwarz-ENG-DB:LL_W01-107,Community dataset (CCondeluci/WeissSchwarz-ENG-DB) referencing en.ws-tcg.com — verify terms before redistribution,2026-09-10,"Tight Hug, and Closing In on ""love""!"
LL_WE19-PE02.png,tcg_identifier,test,weiss_schwarz,weiss_schwarz,WeissSchwarz-ENG-DB:LL_WE19-PE02,Community dataset (CCondeluci/WeissSchwarz-ENG-DB) referencing en.ws-tcg.com — verify terms before redistribution,2026-09-13,"Both in Swimsuits, Honoka & Umi"
LSS_W53-TE08.png,tcg_identifier,test,weiss_schwarz,weiss_schwarz,WeissSchwarz-ENG-DB:LSS_W53-TE08,Community dataset (CCondeluci/WeissSchwarz-ENG-DB) referencing en.ws-tcg.com — verify terms before redistribution,2026-09-13,"""HAPPY PARTY TRAIN"" Chika Takami"
LSS_W53-TE11.png,tcg_identifier,test,weiss_schwarz,weiss_schwarz,WeissSchwarz-ENG-DB:LSS_W53-TE11,Community dataset (CCondeluci/WeissSchwarz-ENG-DB) referencing en.ws-tcg.com — verify terms before redistribution,2026-09-13,"""Now Then, Where Shall We Go?"" You Watanabe"
LSS_WE27-E15.png,tcg_identifier,test,weiss_schwarz,weiss_schwarz,WeissSchwarz-ENG-DB:LSS_WE27-E15,Community dataset (CCondeluci/WeissSchwarz-ENG-DB) referencing en.ws-tcg.com — verify terms before redistribution,2026-09-10,"""Encountering the Future"" Hanamaru Kunikida"
LSS_WE27-E16.png,tcg_identifier,test,weiss_schwarz,weiss_schwarz,WeissSchwarz-ENG-DB:LSS_WE27-E16,Community dataset (CCondeluci/WeissSchwarz-ENG-DB) referencing en.ws-tcg.com — verify terms before redistribution,2026-09-13,Th-This is a PC!
LSS_WE27-E24.png,tcg_identifier,test,weiss_schwarz,weiss_schwarz,WeissSchwarz-ENG-DB:LSS_WE27-E24,Community dataset (CCondeluci/WeissSchwarz-ENG-DB) referencing en.ws-tcg.com — verify terms before redistribution,2026-09-13,"""Aim to Shine"" You Watanabe"
LSS_WE27-E40.png,tcg_identifier,test,weiss_schwarz,weiss_schwarz,WeissSchwarz-ENG-DB:LSS_WE27-E40,Community dataset (CCondeluci/WeissSchwarz-ENG-DB) referencing en.ws-tcg.com — verify terms before redistribution,2026-09-13,"""Mijuku DREAMER"" Dia Kurosawa"""
LSS_WE27-E62.png,tcg_identifier,test,weiss_schwarz,weiss_schwarz,WeissSchwarz-ENG-DB:LSS_WE27-E62,Community dataset (CCondeluci/WeissSchwarz-ENG-DB) referencing en.ws-tcg.com — verify terms before redistribution,2026-09-13,Mini Mari
RKN_S115-E013.png,tcg_identifier,test,weiss_schwarz,weiss_schwarz,WeissSchwarz-ENG-DB:RKN_S115-E013,Community dataset (CCondeluci/WeissSchwarz-ENG-DB) referencing en.ws-tcg.com — verify terms before redistribution,2026-09-10,"Zanbato User, Sanosuke Sagara"
RKN_S115-E021.png,tcg_identifier,test,weiss_schwarz,weiss_schwarz,WeissSchwarz-ENG-DB:RKN_S115-E021,Community dataset (CCondeluci/WeissSchwarz-ENG-DB) referencing en.ws-tcg.com — verify terms before redistribution,2026-09-10,"Greatest Wish He Can't Give Up, Tsunan Tsukioka"
RKN_S115-E038.png,tcg_identifier,test,weiss_schwarz,weiss_schwarz,WeissSchwarz-ENG-DB:RKN_S115-E038,Community dataset (CCondeluci/WeissSchwarz-ENG-DB) referencing en.ws-tcg.com — verify terms before redistribution,2026-09-10,Powerful Technique Using All His Strength
RKN_S115-E060.png,tcg_identifier,test,weiss_schwarz,weiss_schwarz,WeissSchwarz-ENG-DB:RKN_S115-E060,Community dataset (CCondeluci/WeissSchwarz-ENG-DB) referencing en.ws-tcg.com — verify terms before redistribution,2026-09-13,"Indomitable Fighting Spirit, Sanosuke Sagara"
RKN_S115-E061.png,tcg_identifier,test,weiss_schwarz,weiss_schwarz,WeissSchwarz-ENG-DB:RKN_S115-E061,Community dataset (CCondeluci/WeissSchwarz-ENG-DB) referencing en.ws-tcg.com — verify terms before redistribution,2026-09-10,"Blushed Face, Kaoru Kamiya"
RKN_S115-E088.png,tcg_identifier,test,weiss_schwarz,weiss_schwarz,WeissSchwarz-ENG-DB:RKN_S115-E088,Community dataset (CCondeluci/WeissSchwarz-ENG-DB) referencing en.ws-tcg.com — verify terms before redistribution,2026-09-10,"Moonlit Blade, Hajime Saito"
RKN_S115-TE01.png,tcg_identifier,test,weiss_schwarz,weiss_schwarz,WeissSchwarz-ENG-DB:RKN_S115-TE01,Community dataset (CCondeluci/WeissSchwarz-ENG-DB) referencing en.ws-tcg.com — verify terms before redistribution,2026-09-13,"Invading Assassin, Kenshin Himura"
RSL_S56-E016.png,tcg_identifier,test,weiss_schwarz,weiss_schwarz,WeissSchwarz-ENG-DB:RSL_S56-E016,Community dataset (CCondeluci/WeissSchwarz-ENG-DB) referencing en.ws-tcg.com — verify terms before redistribution,2026-09-10,"Pointed Sword, Nana Daiba"
RSL_S56-E026.png,tcg_identifier,test,weiss_schwarz,weiss_schwarz,WeissSchwarz-ENG-DB:RSL_S56-E026,Community dataset (CCondeluci/WeissSchwarz-ENG-DB) referencing en.ws-tcg.com — verify terms before redistribution,2026-09-10,"Spectating, Kaoruko Hanayagi"
RSL_S56-E036.png,tcg_identifier,test,weiss_schwarz,weiss_schwarz,WeissSchwarz-ENG-DB:RSL_S56-E036,Community dataset (CCondeluci/WeissSchwarz-ENG-DB) referencing en.ws-tcg.com — verify terms before redistribution,2026-09-13,"""Passion and Shine"" Karen Aijo"
RSL_S56-E046.png,tcg_identifier,test,weiss_schwarz,weiss_schwarz,WeissSchwarz-ENG-DB:RSL_S56-E046,Community dataset (CCondeluci/WeissSchwarz-ENG-DB) referencing en.ws-tcg.com — verify terms before redistribution,2026-09-13,"My Own Shine, Mahiru Tsuyuzaki"
RSL_S56-E051.png,tcg_identifier,test,weiss_schwarz,weiss_schwarz,WeissSchwarz-ENG-DB:RSL_S56-E051,Community dataset (CCondeluci/WeissSchwarz-ENG-DB) referencing en.ws-tcg.com — verify terms before redistribution,2026-09-10,"Last Day of Auditions, Hikari Kagura"
RSL_S56-E066.png,tcg_identifier,test,weiss_schwarz,weiss_schwarz,WeissSchwarz-ENG-DB:RSL_S56-E066,Community dataset (CCondeluci/WeissSchwarz-ENG-DB) referencing en.ws-tcg.com — verify terms before redistribution,2026-09-10,"My Very Own Star, Junna Hoshimi"
RSL_S56-E067.png,tcg_identifier,test,weiss_schwarz,weiss_schwarz,WeissSchwarz-ENG-DB:RSL_S56-E067,Community dataset (CCondeluci/WeissSchwarz-ENG-DB) referencing en.ws-tcg.com — verify terms before redistribution,2026-09-13,"Brave Readiness, Maya Tendo"
RSL_S56-E076.png,tcg_identifier,test,weiss_schwarz,weiss_schwarz,WeissSchwarz-ENG-DB:RSL_S56-E076,Community dataset (CCondeluci/WeissSchwarz-ENG-DB) referencing en.ws-tcg.com — verify terms before redistribution,2026-09-10,"Stage Girl's Summer, Claudine Saijo"
RSL_S56-E089.png,tcg_identifier,test,weiss_schwarz,weiss_schwarz,WeissSchwarz-ENG-DB:RSL_S56-E089,Community dataset (CCondeluci/WeissSchwarz-ENG-DB) referencing en.ws-tcg.com — verify terms before redistribution,2026-09-13,Oversleeping Claudine Saijo
RSL_S56-E103.png,tcg_identifier,test,weiss_schwarz,weiss_schwarz,WeissSchwarz-ENG-DB:RSL_S56-E103,Community dataset (CCondeluci/WeissSchwarz-ENG-DB) referencing en.ws-tcg.com — verify terms before redistribution,2026-09-13,"After-Class Lesson, Hikari Kagura"
RZ_S68-E008.png,tcg_identifier,test,weiss_schwarz,weiss_schwarz,WeissSchwarz-ENG-DB:RZ_S68-E008,Community dataset (CCondeluci/WeissSchwarz-ENG-DB) referencing en.ws-tcg.com — verify terms before redistribution,2026-09-10,"Delicious Reward, Petra"
RZ_S68-E014.png,tcg_identifier,test,weiss_schwarz,weiss_schwarz,WeissSchwarz-ENG-DB:RZ_S68-E014,Community dataset (CCondeluci/WeissSchwarz-ENG-DB) referencing en.ws-tcg.com — verify terms before redistribution,2026-09-13,"""Memory Snow"" Ram & Rem"
RZ_S68-E044.png,tcg_identifier,test,weiss_schwarz,weiss_schwarz,WeissSchwarz-ENG-DB:RZ_S68-E044,Community dataset (CCondeluci/WeissSchwarz-ENG-DB) referencing en.ws-tcg.com — verify terms before redistribution,2026-09-10,"Precious Alcohol, Ram"
RZ_S68-E087.png,tcg_identifier,test,weiss_schwarz,weiss_schwarz,WeissSchwarz-ENG-DB:RZ_S68-E087,Community dataset (CCondeluci/WeissSchwarz-ENG-DB) referencing en.ws-tcg.com — verify terms before redistribution,2026-09-10,"Unsatisfied With the Grading, Emilia"
RZ_S68-E092.png,tcg_identifier,test,weiss_schwarz,weiss_schwarz,WeissSchwarz-ENG-DB:RZ_S68-E092,Community dataset (CCondeluci/WeissSchwarz-ENG-DB) referencing en.ws-tcg.com — verify terms before redistribution,2026-09-10,Drunk Rem
SAO_S80-E036.png,tcg_identifier,test,weiss_schwarz,weiss_schwarz,WeissSchwarz-ENG-DB:SAO_S80-E036,Community dataset (CCondeluci/WeissSchwarz-ENG-DB) referencing en.ws-tcg.com — verify terms before redistribution,2026-09-10,"Unexpected Reinforcements, Yuna & Eiji"
SAO_S80-E037.png,tcg_identifier,test,weiss_schwarz,weiss_schwarz,WeissSchwarz-ENG-DB:SAO_S80-E037,Community dataset (CCondeluci/WeissSchwarz-ENG-DB) referencing en.ws-tcg.com — verify terms before redistribution,2026-09-13,《Earth Goddess Terraria》 Leafa
SAO_S80-E052.png,tcg_identifier,test,weiss_schwarz,weiss_schwarz,WeissSchwarz-ENG-DB:SAO_S80-E052,Community dataset (CCondeluci/WeissSchwarz-ENG-DB) referencing en.ws-tcg.com — verify terms before redistribution,2026-09-13,"Full of Spirit, Leafa"
SAO_S80-E056.png,tcg_identifier,test,weiss_schwarz,weiss_schwarz,WeissSchwarz-ENG-DB:SAO_S80-E056,Community dataset (CCondeluci/WeissSchwarz-ENG-DB) referencing en.ws-tcg.com — verify terms before redistribution,2026-09-10,Administrator Living On in Memories
SAO_S80-E059.png,tcg_identifier,test,weiss_schwarz,weiss_schwarz,WeissSchwarz-ENG-DB:SAO_S80-E059,Community dataset (CCondeluci/WeissSchwarz-ENG-DB) referencing en.ws-tcg.com — verify terms before redistribution,2026-09-10,"Incarnation of Nihilism, Gabriel"
SAO_S80-E063.png,tcg_identifier,test,weiss_schwarz,weiss_schwarz,WeissSchwarz-ENG-DB:SAO_S80-E063,Community dataset (CCondeluci/WeissSchwarz-ENG-DB) referencing en.ws-tcg.com — verify terms before redistribution,2026-09-13,"Chance Meeting, Subtilizer"
SAO_S80-E077.png,tcg_identifier,test,weiss_schwarz,weiss_schwarz,WeissSchwarz-ENG-DB:SAO_S80-E077,Community dataset (CCondeluci/WeissSchwarz-ENG-DB) referencing en.ws-tcg.com — verify terms before redistribution,2026-09-10,"Reliable Cover From the Back, Kirito"
SBY_W77-E024.png,tcg_identifier,test,weiss_schwarz,weiss_schwarz,WeissSchwarz-ENG-DB:SBY_W77-E024,Community dataset (CCondeluci/WeissSchwarz-ENG-DB) referencing en.ws-tcg.com — verify terms before redistribution,2026-09-13,"Little Devil's Troubles, Tomoe Koga"
SBY_W77-E037.png,tcg_identifier,test,weiss_schwarz,weiss_schwarz,WeissSchwarz-ENG-DB:SBY_W77-E037,Community dataset (CCondeluci/WeissSchwarz-ENG-DB) referencing en.ws-tcg.com — verify terms before redistribution,2026-09-13,"Unexpected Destination, Sakuta Azusagawa"
SBY_W77-E043.png,tcg_identifier,test,weiss_schwarz,weiss_schwarz,WeissSchwarz-ENG-DB:SBY_W77-E043,Community dataset (CCondeluci/WeissSchwarz-ENG-DB) referencing en.ws-tcg.com — verify terms before redistribution,2026-09-13,"Cleaning, Shoko Makinohara"
SBY_W77-E051.png,tcg_identifier,test,weiss_schwarz,weiss_schwarz,WeissSchwarz-ENG-DB:SBY_W77-E051,Community dataset (CCondeluci/WeissSchwarz-ENG-DB) referencing en.ws-tcg.com — verify terms before redistribution,2026-09-13,"Taking a New Step, Kaede Azusagawa"
SBY_W77-E065.png,tcg_identifier,test,weiss_schwarz,weiss_schwarz,WeissSchwarz-ENG-DB:SBY_W77-E065,Community dataset (CCondeluci/WeissSchwarz-ENG-DB) referencing en.ws-tcg.com — verify terms before redistribution,2026-09-13,"Strange Incidents, Sakuta Azusagawa"
SBY_W77-E068.png,tcg_identifier,test,weiss_schwarz,weiss_schwarz,WeissSchwarz-ENG-DB:SBY_W77-E068,Community dataset (CCondeluci/WeissSchwarz-ENG-DB) referencing en.ws-tcg.com — verify terms before redistribution,2026-09-13,Organ Donor Card
SBY_W77-E074.png,tcg_identifier,test,weiss_schwarz,weiss_schwarz,WeissSchwarz-ENG-DB:SBY_W77-E074,Community dataset (CCondeluci/WeissSchwarz-ENG-DB) referencing en.ws-tcg.com — verify terms before redistribution,2026-09-13,"Irreplaceable Existence, Shoko Makinohara"
SBY_W77-E091.png,tcg_identifier,test,weiss_schwarz,weiss_schwarz,WeissSchwarz-ENG-DB:SBY_W77-E091,Community dataset (CCondeluci/WeissSchwarz-ENG-DB) referencing en.ws-tcg.com — verify terms before redistribution,2026-09-13,"Bathing Hayate, Shoko Makinohara"
SBY_W77-E104.png,tcg_identifier,test,weiss_schwarz,weiss_schwarz,WeissSchwarz-ENG-DB:SBY_W77-E104,Community dataset (CCondeluci/WeissSchwarz-ENG-DB) referencing en.ws-tcg.com — verify terms before redistribution,2026-09-13,Chibi Kaede
BAV_W129-E005.png,tcg_identifier,train,weiss_schwarz,weiss_schwarz,WeissSchwarz-ENG-DB:BAV_W129-E005,Community dataset (CCondeluci/WeissSchwarz-ENG-DB) referencing en.ws-tcg.com — verify terms before redistribution,2026-09-13,"Abydos High School, Ayane"
BAV_W129-E012.png,tcg_identifier,train,weiss_schwarz,weiss_schwarz,WeissSchwarz-ENG-DB:BAV_W129-E012,Community dataset (CCondeluci/WeissSchwarz-ENG-DB) referencing en.ws-tcg.com — verify terms before redistribution,2026-09-10,"Way Back Home, Ayane"
BAV_W129-E013.png,tcg_identifier,train,weiss_schwarz,weiss_schwarz,WeissSchwarz-ENG-DB:BAV_W129-E013,Community dataset (CCondeluci/WeissSchwarz-ENG-DB) referencing en.ws-tcg.com — verify terms before redistribution,2026-09-13,"The Masked Swimsuit Gang, Nonomi"
BAV_W129-E017.png,tcg_identifier,train,weiss_schwarz,weiss_schwarz,WeissSchwarz-ENG-DB:BAV_W129-E017,Community dataset (CCondeluci/WeissSchwarz-ENG-DB) referencing en.ws-tcg.com — verify terms before redistribution,2026-09-13,"We've Been Waiting for You, Sensei!"
BAV_W129-E018.png,tcg_identifier,train,weiss_schwarz,weiss_schwarz,WeissSchwarz-ENG-DB:BAV_W129-E018,Community dataset (CCondeluci/WeissSchwarz-ENG-DB) referencing en.ws-tcg.com — verify terms before redistribution,2026-09-13,Looking for Peroro-sama
BAV_W129-E023.png,tcg_identifier,train,weiss_schwarz,weiss_schwarz,WeissSchwarz-ENG-DB:BAV_W129-E023,Community dataset (CCondeluci/WeissSchwarz-ENG-DB) referencing en.ws-tcg.com — verify terms before redistribution,2026-09-10,"Gehenna Academy, Iori"
BAV_W129-E024.png,tcg_identifier,train,weiss_schwarz,weiss_schwarz,WeissSchwarz-ENG-DB:BAV_W129-E024,Community dataset (CCondeluci/WeissSchwarz-ENG-DB) referencing en.ws-tcg.com — verify terms before redistribution,2026-09-10,"Gehenna Academy, Hina"
BAV_W129-E030.png,tcg_identifier,train,weiss_schwarz,weiss_schwarz,WeissSchwarz-ENG-DB:BAV_W129-E030,Community dataset (CCondeluci/WeissSchwarz-ENG-DB) referencing en.ws-tcg.com — verify terms before redistribution,2026-09-13,"Worried About the Boss, Kayoko"
BAV_W129-E031.png,tcg_identifier,train,weiss_schwarz,weiss_schwarz,WeissSchwarz-ENG-DB:BAV_W129-E031,Community dataset (CCondeluci/WeissSchwarz-ENG-DB) referencing en.ws-tcg.com — verify terms before redistribution,2026-09-13,"Problem Solver 68's Self-Proclaimed Boss, Aru"
BAV_W129-E032.png,tcg_identifier,train,weiss_schwarz,weiss_schwarz,WeissSchwarz-ENG-DB:BAV_W129-E032,Community dataset (CCondeluci/WeissSchwarz-ENG-DB) referencing en.ws-tcg.com — verify terms before redistribution,2026-09-13,"Gehenna Academy 2nd Year Student, Mutsuki"
BAV_W129-E034.png,tcg_identifier,train,weiss_schwarz,weiss_schwarz,WeissSchwarz-ENG-DB:BAV_W129-E034,Community dataset (CCondeluci/WeissSchwarz-ENG-DB) referencing en.ws-tcg.com — verify terms before redistribution,2026-09-13,"Admiration Towards Outlaws, Aru"
BAV_W129-E035.png,tcg_identifier,train,weiss_schwarz,weiss_schwarz,WeissSchwarz-ENG-DB:BAV_W129-E035,Community dataset (CCondeluci/WeissSchwarz-ENG-DB) referencing en.ws-tcg.com — verify terms before redistribution,2026-09-10,"Medic of the Prefect Team, Chinatsu"
BAV_W129-E047.png,tcg_identifier,train,weiss_schwarz,weiss_schwarz,WeissSchwarz-ENG-DB:BAV_W129-E047,Community dataset (CCondeluci/WeissSchwarz-ENG-DB) referencing en.ws-tcg.com — verify terms before redistribution,2026-09-13,"Gehenna Academy, Kayoko"
BAV_W129-E049.png,tcg_identifier,train,weiss_schwarz,weiss_schwarz,WeissSchwarz-ENG-DB:BAV_W129-E049,Community dataset (CCondeluci/WeissSchwarz-ENG-DB) referencing en.ws-tcg.com — verify terms before redistribution,2026-09-10,"Gehenna Academy 3rd Year Student, Kayoko"
BAV_W129-E050.png,tcg_identifier,train,weiss_schwarz,weiss_schwarz,WeissSchwarz-ENG-DB:BAV_W129-E050,Community dataset (CCondeluci/WeissSchwarz-ENG-DB) referencing en.ws-tcg.com — verify terms before redistribution,2026-09-10,"Envy of Evil, Aru"
BAV_W129-E051.png,tcg_identifier,train,weiss_schwarz,weiss_schwarz,WeissSchwarz-ENG-DB:BAV_W129-E051,Community dataset (CCondeluci/WeissSchwarz-ENG-DB) referencing en.ws-tcg.com — verify terms before redistribution,2026-09-13,"Exceptional Battle Sense, Iori"
BAV_W129-E054.png,tcg_identifier,train,weiss_schwarz,weiss_schwarz,WeissSchwarz-ENG-DB:BAV_W129-E054,Community dataset (CCondeluci/WeissSchwarz-ENG-DB) referencing en.ws-tcg.com — verify terms before redistribution,2026-09-13,"Miraculous Attack Force, Hina"
BAV_W129-E057.png,tcg_identifier,train,weiss_schwarz,weiss_schwarz,WeissSchwarz-ENG-DB:BAV_W129-E057,Community dataset (CCondeluci/WeissSchwarz-ENG-DB) referencing en.ws-tcg.com — verify terms before redistribution,2026-09-10,"Prefect Team's Administrative Officer, Ako"
BAV_W129-E058.png,tcg_identifier,train,weiss_schwarz,weiss_schwarz,WeissSchwarz-ENG-DB:BAV_W129-E058,Community dataset (CCondeluci/WeissSchwarz-ENG-DB) referencing en.ws-tcg.com — verify terms before redistribution,2026-09-10,"Calm and Collected, Kayoko"
BAV_W129-E067.png,tcg_identifier,train,weiss_schwarz,weiss_schwarz,WeissSchwarz-ENG-DB:BAV_W129-E067,Community dataset (CCondeluci/WeissSchwarz-ENG-DB) referencing en.ws-tcg.com — verify terms before redistribution,2026-09-10,Administrator of the System Box
BAV_W129-E068.png,tcg_identifier,train,weiss_schwarz,weiss_schwarz,WeissSchwarz-ENG-DB:BAV_W129-E068,Community dataset (CCondeluci/WeissSchwarz-ENG-DB) referencing en.ws-tcg.com — verify terms before redistribution,2026-09-10,Hard-Boiled Outlaw Squad
BAV_W129-E069.png,tcg_identifier,train,weiss_schwarz,weiss_schwarz,WeissSchwarz-ENG-DB:BAV_W129-E069,Community dataset (CCondeluci/WeissSchwarz-ENG-DB) referencing en.ws-tcg.com — verify terms before redistribution,2026-09-10,True Outlaws
BAV_W129-E074.png,tcg_identifier,train,weiss_schwarz,weiss_schwarz,WeissSchwarz-ENG-DB:BAV_W129-E074,Community dataset (CCondeluci/WeissSchwarz-ENG-DB) referencing en.ws-tcg.com — verify terms before redistribution,2026-09-10,"Foreclosure Task Force, Nonomi"
BAV_W129-E077.png,tcg_identifier,train,weiss_schwarz,weiss_schwarz,WeissSchwarz-ENG-DB:BAV_W129-E077,Community dataset (CCondeluci/WeissSchwarz-ENG-DB) referencing en.ws-tcg.com — verify terms before redistribution,2026-09-13,"An Unknown Landscape, Shiroko"
BAV_W129-E082.png,tcg_identifier,train,weiss_schwarz,weiss_schwarz,WeissSchwarz-ENG-DB:BAV_W129-E082,Community dataset (CCondeluci/WeissSchwarz-ENG-DB) referencing en.ws-tcg.com — verify terms before redistribution,2026-09-13,"A Moment With the Foreclosure Task Force, Nonomi & Hoshino"
BAV_W129-E089.png,tcg_identifier,train,weiss_schwarz,weiss_schwarz,WeissSchwarz-ENG-DB:BAV_W129-E089,Community dataset (CCondeluci/WeissSchwarz-ENG-DB) referencing en.ws-tcg.com — verify terms before redistribution,2026-09-13,"A Moment Before Going to Bed, Nonomi"
BAV_W129-E090.png,tcg_identifier,train,weiss_schwarz,weiss_schwarz,WeissSchwarz-ENG-DB:BAV_W129-E090,Community dataset (CCondeluci/WeissSchwarz-ENG-DB) referencing en.ws-tcg.com — verify terms before redistribution,2026-09-10,"Preparing for Tomorrow, Shiroko"
BAV_W129-E092.png,tcg_identifier,train,weiss_schwarz,weiss_schwarz,WeissSchwarz-ENG-DB:BAV_W129-E092,Community dataset (CCondeluci/WeissSchwarz-ENG-DB) referencing en.ws-tcg.com — verify terms before redistribution,2026-09-10,"Meeting on the Way Home, Hoshino"
BAV_W129-E093.png,tcg_identifier,train,weiss_schwarz,weiss_schwarz,WeissSchwarz-ENG-DB:BAV_W129-E093,Community dataset (CCondeluci/WeissSchwarz-ENG-DB) referencing en.ws-tcg.com — verify terms before redistribution,2026-09-10,"Battle Against Kaiser Corporation, Nonomi"
BAV_W129-E099.png,tcg_identifier,train,weiss_schwarz,weiss_schwarz,WeissSchwarz-ENG-DB:BAV_W129-E099,Community dataset (CCondeluci/WeissSchwarz-ENG-DB) referencing en.ws-tcg.com — verify terms before redistribution,2026-09-10,A Snapshot of Youth
FZ_S17-E001.png,tcg_identifier,train,weiss_schwarz,weiss_schwarz,WeissSchwarz-ENG-DB:FZ_S17-E001,Community dataset (CCondeluci/WeissSchwarz-ENG-DB) referencing en.ws-tcg.com — verify terms before redistribution,2026-09-13,"Puppet of Einzbern, Irisviel"
FZ_S17-E003.png,tcg_identifier,train,weiss_schwarz,weiss_schwarz,WeissSchwarz-ENG-DB:FZ_S17-E003,Community dataset (CCondeluci/WeissSchwarz-ENG-DB) referencing en.ws-tcg.com — verify terms before redistribution,2026-09-13,Kiritsugu - Belief in Justice
FZ_S17-E005.png,tcg_identifier,train,weiss_schwarz,weiss_schwarz,WeissSchwarz-ENG-DB:FZ_S17-E005,Community dataset (CCondeluci/WeissSchwarz-ENG-DB) referencing en.ws-tcg.com — verify terms before redistribution,2026-09-10,"Silent Assistant, Maiya"
FZ_S17-E009.png,tcg_identifier,train,weiss_schwarz,weiss_schwarz,WeissSchwarz-ENG-DB:FZ_S17-E009,Community dataset (CCondeluci/WeissSchwarz-ENG-DB) referencing en.ws-tcg.com — verify terms before redistribution,2026-09-10,Saber - End of Reign
FZ_S17-E013.png,tcg_identifier,train,weiss_schwarz,weiss_schwarz,WeissSchwarz-ENG-DB:FZ_S17-E013,Community dataset (CCondeluci/WeissSchwarz-ENG-DB) referencing en.ws-tcg.com — verify terms before redistribution,2026-09-10,"Parts of Kiritsugu, Maiya"
FZ_S17-E015.png,tcg_identifier,train,weiss_schwarz,weiss_schwarz,WeissSchwarz-ENG-DB:FZ_S17-E015,Community dataset (CCondeluci/WeissSchwarz-ENG-DB) referencing en.ws-tcg.com — verify terms before redistribution,2026-09-13,Saber - Noble Phantasm Unleashed
FZ_S17-E016.png,tcg_identifier,train,weiss_schwarz,weiss_schwarz,WeissSchwarz-ENG-DB:FZ_S17-E016,Community dataset (CCondeluci/WeissSchwarz-ENG-DB) referencing en.ws-tcg.com — verify terms before redistribution,2026-09-13,"Innocent Girl, Ilya"
FZ_S17-E020.png,tcg_identifier,train,weiss_schwarz,weiss_schwarz,WeissSchwarz-ENG-DB:FZ_S17-E020,Community dataset (CCondeluci/WeissSchwarz-ENG-DB) referencing en.ws-tcg.com — verify terms before redistribution,2026-09-13,"""Invisible Air"" Saber"
FZ_S17-E023.png,tcg_identifier,train,weiss_schwarz,weiss_schwarz,WeissSchwarz-ENG-DB:FZ_S17-E023,Community dataset (CCondeluci/WeissSchwarz-ENG-DB) referencing en.ws-tcg.com — verify terms before redistribution,2026-09-10,"Assistant Machine, Maiya"
FZ_S17-E029.png,tcg_identifier,train,weiss_schwarz,weiss_schwarz,WeissSchwarz-ENG-DB:FZ_S17-E029,Community dataset (CCondeluci/WeissSchwarz-ENG-DB) referencing en.ws-tcg.com — verify terms before redistribution,2026-09-13,Origin Shot
FZ_S17-E044.png,tcg_identifier,train,weiss_schwarz,weiss_schwarz,WeissSchwarz-ENG-DB:FZ_S17-E044,Community dataset (CCondeluci/WeissSchwarz-ENG-DB) referencing en.ws-tcg.com — verify terms before redistribution,2026-09-10,"Proof of Entry, Waver"
FZ_S17-E059.png,tcg_identifier,train,weiss_schwarz,weiss_schwarz,WeissSchwarz-ENG-DB:FZ_S17-E059,Community dataset (CCondeluci/WeissSchwarz-ENG-DB) referencing en.ws-tcg.com — verify terms before redistribution,2026-09-10,"Bloodthirsty Beast, Berserker"
FZ_S17-E061.png,tcg_identifier,train,weiss_schwarz,weiss_schwarz,WeissSchwarz-ENG-DB:FZ_S17-E061,Community dataset (CCondeluci/WeissSchwarz-ENG-DB) referencing en.ws-tcg.com — verify terms before redistribution,2026-09-13,"Golden Monarch, Archer"
FZ_S17-E065.png,tcg_identifier,train,weiss_schwarz,weiss_schwarz,WeissSchwarz-ENG-DB:FZ_S17-E065,Community dataset (CCondeluci/WeissSchwarz-ENG-DB) referencing en.ws-tcg.com — verify terms before redistribution,2026-09-13,"King of Kings, Archer"
FZ_S17-E066.png,tcg_identifier,train,weiss_schwarz,weiss_schwarz,WeissSchwarz-ENG-DB:FZ_S17-E066,Community dataset (CCondeluci/WeissSchwarz-ENG-DB) referencing en.ws-tcg.com — verify terms before redistribution,2026-09-10,"Matou's Obsession, Zouken"
FZ_S17-E069.png,tcg_identifier,train,weiss_schwarz,weiss_schwarz,WeissSchwarz-ENG-DB:FZ_S17-E069,Community dataset (CCondeluci/WeissSchwarz-ENG-DB) referencing en.ws-tcg.com — verify terms before redistribution,2026-09-13,"Young Successor, Rin"
FZ_S17-E077.png,tcg_identifier,train,weiss_schwarz,weiss_schwarz,WeissSchwarz-ENG-DB:FZ_S17-E077,Community dataset (CCondeluci/WeissSchwarz-ENG-DB) referencing en.ws-tcg.com — verify terms before redistribution,2026-09-13,Tokiomi - Jewel Magic
FZ_S17-E080.png,tcg_identifier,train,weiss_schwarz,weiss_schwarz,WeissSchwarz-ENG-DB:FZ_S17-E080,Community dataset (CCondeluci/WeissSchwarz-ENG-DB) referencing en.ws-tcg.com — verify terms before redistribution,2026-09-13,Azoth Dagger
FZ_S17-E083.png,tcg_identifier,train,weiss_schwarz,weiss_schwarz,WeissSchwarz-ENG-DB:FZ_S17-E083,Community dataset (CCondeluci/WeissSchwarz-ENG-DB) referencing en.ws-tcg.com — verify terms before redistribution,2026-09-13,Identity of the Fallen Knight
FZ_S17-E085.png,tcg_identifier,train,weiss_schwarz,weiss_schwarz,WeissSchwarz-ENG-DB:FZ_S17-E085,Community dataset (CCondeluci/WeissSchwarz-ENG-DB) referencing en.ws-tcg.com — verify terms before redistribution,2026-09-13,"Sword of Rupture, Ea"
FZ_S17-E089.png,tcg_identifier,train,weiss_schwarz,weiss_schwarz,WeissSchwarz-ENG-DB:FZ_S17-E089,Community dataset (CCondeluci/WeissSchwarz-ENG-DB) referencing en.ws-tcg.com — verify terms before redistribution,2026-09-13,Kirei Kotomine
FZ_S17-E090.png,tcg_identifier,train,weiss_schwarz,weiss_schwarz,WeissSchwarz-ENG-DB:FZ_S17-E090,Community dataset (CCondeluci/WeissSchwarz-ENG-DB) referencing en.ws-tcg.com — verify terms before redistribution,2026-09-13,"Aesthetics of Death, Caster"
FZ_S17-E098.png,tcg_identifier,train,weiss_schwarz,weiss_schwarz,WeissSchwarz-ENG-DB:FZ_S17-E098,Community dataset (CCondeluci/WeissSchwarz-ENG-DB) referencing en.ws-tcg.com — verify terms before redistribution,2026-09-13,Sea Monster
FZ_S17-E101.png,tcg_identifier,train,weiss_schwarz,weiss_schwarz,WeissSchwarz-ENG-DB:FZ_S17-E101,Community dataset (CCondeluci/WeissSchwarz-ENG-DB) referencing en.ws-tcg.com — verify terms before redistribution,2026-09-10,"Proxy Master, Irisviel"
FZ_S17-E102.png,tcg_identifier,train,weiss_schwarz,weiss_schwarz,WeissSchwarz-ENG-DB:FZ_S17-E102,Community dataset (CCondeluci/WeissSchwarz-ENG-DB) referencing en.ws-tcg.com — verify terms before redistribution,2026-09-10,Saber in a Dark Suit
FZ_S17-E104.png,tcg_identifier,train,weiss_schwarz,weiss_schwarz,WeissSchwarz-ENG-DB:FZ_S17-E104,Community dataset (CCondeluci/WeissSchwarz-ENG-DB) referencing en.ws-tcg.com — verify terms before redistribution,2026-09-13,Hill of Camlann
FZ_S17-E107.png,tcg_identifier,train,weiss_schwarz,weiss_schwarz,WeissSchwarz-ENG-DB:FZ_S17-E107,Community dataset (CCondeluci/WeissSchwarz-ENG-DB) referencing en.ws-tcg.com — verify terms before redistribution,2026-09-13,Mini Irisviel
FZ_S17-TE01.png,tcg_identifier,train,weiss_schwarz,weiss_schwarz,WeissSchwarz-ENG-DB:FZ_S17-TE01,Community dataset (CCondeluci/WeissSchwarz-ENG-DB) referencing en.ws-tcg.com — verify terms before redistribution,2026-09-13,"Summoned Heroine, Saber"
FZ_S17-TE08.png,tcg_identifier,train,weiss_schwarz,weiss_schwarz,WeissSchwarz-ENG-DB:FZ_S17-TE08,Community dataset (CCondeluci/WeissSchwarz-ENG-DB) referencing en.ws-tcg.com — verify terms before redistribution,2026-09-13,“First Time Out” Irisviel von Einzbern
FZ_S17-TE10.png,tcg_identifier,train,weiss_schwarz,weiss_schwarz,WeissSchwarz-ENG-DB:FZ_S17-TE10,Community dataset (CCondeluci/WeissSchwarz-ENG-DB) referencing en.ws-tcg.com — verify terms before redistribution,2026-09-13,"Proof of Entry, Waver"
FZ_S17-TE14.png,tcg_identifier,train,weiss_schwarz,weiss_schwarz,WeissSchwarz-ENG-DB:FZ_S17-TE14,Community dataset (CCondeluci/WeissSchwarz-ENG-DB) referencing en.ws-tcg.com — verify terms before redistribution,2026-09-13,Gordius Wheel
KLK_SP03-E04.png,tcg_identifier,train,weiss_schwarz,weiss_schwarz,WeissSchwarz-ENG-DB:KLK_SP03-E04,Community dataset (CCondeluci/WeissSchwarz-ENG-DB) referencing en.ws-tcg.com — verify terms before redistribution,2026-09-13,"""Rampage"" Ryuko"
KLK_SP03-E05.png,tcg_identifier,train,weiss_schwarz,weiss_schwarz,WeissSchwarz-ENG-DB:KLK_SP03-E05,Community dataset (CCondeluci/WeissSchwarz-ENG-DB) referencing en.ws-tcg.com — verify terms before redistribution,2026-09-13,"""Changing Into Senketsu"" Ryuko"
KLK_SP03-E08.png,tcg_identifier,train,weiss_schwarz,weiss_schwarz,WeissSchwarz-ENG-DB:KLK_SP03-E08,Community dataset (CCondeluci/WeissSchwarz-ENG-DB) referencing en.ws-tcg.com — verify terms before redistribution,2026-09-10,"Clear Resolution, Satsuki"
LL_W01-001.png,tcg_identifier,train,weiss_schwarz,weiss_schwarz,WeissSchwarz-ENG-DB:LL_W01-001,Community dataset (CCondeluci/WeissSchwarz-ENG-DB) referencing en.ws-tcg.com — verify terms before redistribution,2026-09-10,"""That's Our Miracle"" Honoka Kosaka"
LL_W01-003.png,tcg_identifier,train,weiss_schwarz,weiss_schwarz,WeissSchwarz-ENG-DB:LL_W01-003,Community dataset (CCondeluci/WeissSchwarz-ENG-DB) referencing en.ws-tcg.com — verify terms before redistribution,2026-09-13,"""The Sheep's Feelings"" Kotori"
LL_W01-008.png,tcg_identifier,train,weiss_schwarz,weiss_schwarz,WeissSchwarz-ENG-DB:LL_W01-008,Community dataset (CCondeluci/WeissSchwarz-ENG-DB) referencing en.ws-tcg.com — verify terms before redistribution,2026-09-13,"""After-School Song Princess"" Maki"
LL_W01-010.png,tcg_identifier,train,weiss_schwarz,weiss_schwarz,WeissSchwarz-ENG-DB:LL_W01-010,Community dataset (CCondeluci/WeissSchwarz-ENG-DB) referencing en.ws-tcg.com — verify terms before redistribution,2026-09-13,"""That's Our Miracle"" Kotori Minami"
LL_W01-017.png,tcg_identifier,train,weiss_schwarz,weiss_schwarz,WeissSchwarz-ENG-DB:LL_W01-017,Community dataset (CCondeluci/WeissSchwarz-ENG-DB) referencing en.ws-tcg.com — verify terms before redistribution,2026-09-13,"""That's Our Miracle"" Nozomi Tojo"
LL_W01-018.png,tcg_identifier,train,weiss_schwarz,weiss_schwarz,WeissSchwarz-ENG-DB:LL_W01-018,Community dataset (CCondeluci/WeissSchwarz-ENG-DB) referencing en.ws-tcg.com — verify terms before redistribution,2026-09-13,"""No Brand Girls"" Hanayo"
LL_W01-021.png,tcg_identifier,train,weiss_schwarz,weiss_schwarz,WeissSchwarz-ENG-DB:LL_W01-021,Community dataset (CCondeluci/WeissSchwarz-ENG-DB) referencing en.ws-tcg.com — verify terms before redistribution,2026-09-13,"""That's Our Miracle"" Rin Hoshizora"
LL_W01-022.png,tcg_identifier,train,weiss_schwarz,weiss_schwarz,WeissSchwarz-ENG-DB:LL_W01-022,Community dataset (CCondeluci/WeissSchwarz-ENG-DB) referencing en.ws-tcg.com — verify terms before redistribution,2026-09-13,"""No Brand Girls"" Honoka"
LL_W01-025.png,tcg_identifier,train,weiss_schwarz,weiss_schwarz,WeissSchwarz-ENG-DB:LL_W01-025,Community dataset (CCondeluci/WeissSchwarz-ENG-DB) referencing en.ws-tcg.com — verify terms before redistribution,2026-09-13,"""Love Bind"" Umi"
LL_W01-027.png,tcg_identifier,train,weiss_schwarz,weiss_schwarz,WeissSchwarz-ENG-DB:LL_W01-027,Community dataset (CCondeluci/WeissSchwarz-ENG-DB) referencing en.ws-tcg.com — verify terms before redistribution,2026-09-10,"""Please Look at Rin♪"" Rin"
LL_W01-028.png,tcg_identifier,train,weiss_schwarz,weiss_schwarz,WeissSchwarz-ENG-DB:LL_W01-028,Community dataset (CCondeluci/WeissSchwarz-ENG-DB) referencing en.ws-tcg.com — verify terms before redistribution,2026-09-13,"""Secret Examination Room"" Maki"
LL_W01-033.png,tcg_identifier,train,weiss_schwarz,weiss_schwarz,WeissSchwarz-ENG-DB:LL_W01-033,Community dataset (CCondeluci/WeissSchwarz-ENG-DB) referencing en.ws-tcg.com — verify terms before redistribution,2026-09-13,"""Feigning Sleep♪"" Nozomi"
LL_W01-034.png,tcg_identifier,train,weiss_schwarz,weiss_schwarz,WeissSchwarz-ENG-DB:LL_W01-034,Community dataset (CCondeluci/WeissSchwarz-ENG-DB) referencing en.ws-tcg.com — verify terms before redistribution,2026-09-13,"""I'm Gonna Eat It!"" Honoka"
LL_W01-036.png,tcg_identifier,train,weiss_schwarz,weiss_schwarz,WeissSchwarz-ENG-DB:LL_W01-036,Community dataset (CCondeluci/WeissSchwarz-ENG-DB) referencing en.ws-tcg.com — verify terms before redistribution,2026-09-13,"""Here's the Item You Ordered♪"" Hanayo"
LL_W01-037.png,tcg_identifier,train,weiss_schwarz,weiss_schwarz,WeissSchwarz-ENG-DB:LL_W01-037,Community dataset (CCondeluci/WeissSchwarz-ENG-DB) referencing en.ws-tcg.com — verify terms before redistribution,2026-09-10,"""Nico-Nico-Ni!"" Nico"
LL_W01-042.png,tcg_identifier,train,weiss_schwarz,weiss_schwarz,WeissSchwarz-ENG-DB:LL_W01-042,Community dataset (CCondeluci/WeissSchwarz-ENG-DB) referencing en.ws-tcg.com — verify terms before redistribution,2026-09-13,"""I'll Teach You♪"" Nico"
LL_W01-047.png,tcg_identifier,train,weiss_schwarz,weiss_schwarz,WeissSchwarz-ENG-DB:LL_W01-047,Community dataset (CCondeluci/WeissSchwarz-ENG-DB) referencing en.ws-tcg.com — verify terms before redistribution,2026-09-10,"""μ’s Energy Seal"" Rin"
LL_W01-048.png,tcg_identifier,train,weiss_schwarz,weiss_schwarz,WeissSchwarz-ENG-DB:LL_W01-048,Community dataset (CCondeluci/WeissSchwarz-ENG-DB) referencing en.ws-tcg.com — verify terms before redistribution,2026-09-13,"""White Rabbit of Good Fortune"" Umi"
LL_W01-050.png,tcg_identifier,train,weiss_schwarz,weiss_schwarz,WeissSchwarz-ENG-DB:LL_W01-050,Community dataset (CCondeluci/WeissSchwarz-ENG-DB) referencing en.ws-tcg.com — verify terms before redistribution,2026-09-13,Slump
LL_W01-052.png,tcg_identifier,train,weiss_schwarz,weiss_schwarz,WeissSchwarz-ENG-DB:LL_W01-052,Community dataset (CCondeluci/WeissSchwarz-ENG-DB) referencing en.ws-tcg.com — verify terms before redistribution,2026-09-13,That's Our Miracle
LL_W01-053.png,tcg_identifier,train,weiss_schwarz,weiss_schwarz,WeissSchwarz-ENG-DB:LL_W01-053,Community dataset (CCondeluci/WeissSchwarz-ENG-DB) referencing en.ws-tcg.com — verify terms before redistribution,2026-09-13,Forever and Ever
LL_W01-054.png,tcg_identifier,train,weiss_schwarz,weiss_schwarz,WeissSchwarz-ENG-DB:LL_W01-054,Community dataset (CCondeluci/WeissSchwarz-ENG-DB) referencing en.ws-tcg.com — verify terms before redistribution,2026-09-10,Door to Our Dreams
LL_W01-063.png,tcg_identifier,train,weiss_schwarz,weiss_schwarz,WeissSchwarz-ENG-DB:LL_W01-063,Community dataset (CCondeluci/WeissSchwarz-ENG-DB) referencing en.ws-tcg.com — verify terms before redistribution,2026-09-13,Nozomi in Pajamas
LL_W01-068.png,tcg_identifier,train,weiss_schwarz,weiss_schwarz,WeissSchwarz-ENG-DB:LL_W01-068,Community dataset (CCondeluci/WeissSchwarz-ENG-DB) referencing en.ws-tcg.com — verify terms before redistribution,2026-09-10,Nico in Regular Clothes
LL_W01-075.png,tcg_identifier,train,weiss_schwarz,weiss_schwarz,WeissSchwarz-ENG-DB:LL_W01-075,Community dataset (CCondeluci/WeissSchwarz-ENG-DB) referencing en.ws-tcg.com — verify terms before redistribution,2026-09-10,Umi in Regular Clothes
LL_W01-076.png,tcg_identifier,train,weiss_schwarz,weiss_schwarz,WeissSchwarz-ENG-DB:LL_W01-076,Community dataset (CCondeluci/WeissSchwarz-ENG-DB) referencing en.ws-tcg.com — verify terms before redistribution,2026-09-13,Kotori in Training Wear
LL_W01-077.png,tcg_identifier,train,weiss_schwarz,weiss_schwarz,WeissSchwarz-ENG-DB:LL_W01-077,Community dataset (CCondeluci/WeissSchwarz-ENG-DB) referencing en.ws-tcg.com — verify terms before redistribution,2026-09-13,"""Let's Go Out Together♪"" Kotori"
LL_W01-079.png,tcg_identifier,train,weiss_schwarz,weiss_schwarz,WeissSchwarz-ENG-DB:LL_W01-079,Community dataset (CCondeluci/WeissSchwarz-ENG-DB) referencing en.ws-tcg.com — verify terms before redistribution,2026-09-13,Umi in Pajamas
LL_W01-084.png,tcg_identifier,train,weiss_schwarz,weiss_schwarz,WeissSchwarz-ENG-DB:LL_W01-084,Community dataset (CCondeluci/WeissSchwarz-ENG-DB) referencing en.ws-tcg.com — verify terms before redistribution,2026-09-13,"Student Council President, Honoka"
LL_W01-087.png,tcg_identifier,train,weiss_schwarz,weiss_schwarz,WeissSchwarz-ENG-DB:LL_W01-087,Community dataset (CCondeluci/WeissSchwarz-ENG-DB) referencing en.ws-tcg.com — verify terms before redistribution,2026-09-13,Honoka in Training Wear
LL_W01-092.png,tcg_identifier,train,weiss_schwarz,weiss_schwarz,WeissSchwarz-ENG-DB:LL_W01-092,Community dataset (CCondeluci/WeissSchwarz-ENG-DB) referencing en.ws-tcg.com — verify terms before redistribution,2026-09-10,"""Let's Go Out Together♪"" Hanayo"
LL_W01-096.png,tcg_identifier,train,weiss_schwarz,weiss_schwarz,WeissSchwarz-ENG-DB:LL_W01-096,Community dataset (CCondeluci/WeissSchwarz-ENG-DB) referencing en.ws-tcg.com — verify terms before redistribution,2026-09-10,"""Let's Go Out Together♪"" Rin"
LL_W01-101.png,tcg_identifier,train,weiss_schwarz,weiss_schwarz,WeissSchwarz-ENG-DB:LL_W01-101,Community dataset (CCondeluci/WeissSchwarz-ENG-DB) referencing en.ws-tcg.com — verify terms before redistribution,2026-09-10,Maki in Regular Clothes
LL_W01-111.png,tcg_identifier,train,weiss_schwarz,weiss_schwarz,WeissSchwarz-ENG-DB:LL_W01-111,Community dataset (CCondeluci/WeissSchwarz-ENG-DB) referencing en.ws-tcg.com — verify terms before redistribution,2026-09-13,"""School idol festival"" Nozomi"
LL_W01-112.png,tcg_identifier,train,weiss_schwarz,weiss_schwarz,WeissSchwarz-ENG-DB:LL_W01-112,Community dataset (CCondeluci/WeissSchwarz-ENG-DB) referencing en.ws-tcg.com — verify terms before redistribution,2026-09-13,"""School idol festival"" Hanayo"
LSS_W53-TE06.png,tcg_identifier,train,weiss_schwarz,weiss_schwarz,WeissSchwarz-ENG-DB:LSS_W53-TE06,Community dataset (CCondeluci/WeissSchwarz-ENG-DB) referencing en.ws-tcg.com — verify terms before redistribution,2026-09-13,"""Now Then, Where Shall We Go?"" Hanamaru Kunikida"
LSS_W53-TE07.png,tcg_identifier,train,weiss_schwarz,weiss_schwarz,WeissSchwarz-ENG-DB:LSS_W53-TE07,Community dataset (CCondeluci/WeissSchwarz-ENG-DB) referencing en.ws-tcg.com — verify terms before redistribution,2026-09-13,Aqours's Dollhouse
LSS_W53-TE10.png,tcg_identifier,train,weiss_schwarz,weiss_schwarz,WeissSchwarz-ENG-DB:LSS_W53-TE10,Community dataset (CCondeluci/WeissSchwarz-ENG-DB) referencing en.ws-tcg.com — verify terms before redistribution,2026-09-13,"""Now Then, Where Shall We Go?"" Chika Takami"
LSS_W53-TE12.png,tcg_identifier,train,weiss_schwarz,weiss_schwarz,WeissSchwarz-ENG-DB:LSS_W53-TE12,Community dataset (CCondeluci/WeissSchwarz-ENG-DB) referencing en.ws-tcg.com — verify terms before redistribution,2026-09-10,"""Now Then, Where Shall We Go?"" Riko Sakurauchi"
LSS_WE27-E09.png,tcg_identifier,train,weiss_schwarz,weiss_schwarz,WeissSchwarz-ENG-DB:LSS_WE27-E09,Community dataset (CCondeluci/WeissSchwarz-ENG-DB) referencing en.ws-tcg.com — verify terms before redistribution,2026-09-13,"""My Dear Sister"" Ruby Kurosawa"
LSS_WE27-E13.png,tcg_identifier,train,weiss_schwarz,weiss_schwarz,WeissSchwarz-ENG-DB:LSS_WE27-E13,Community dataset (CCondeluci/WeissSchwarz-ENG-DB) referencing en.ws-tcg.com — verify terms before redistribution,2026-09-13,"""Aim to Shine"" Yoshiko Tsushima"
LSS_WE27-E14.png,tcg_identifier,train,weiss_schwarz,weiss_schwarz,WeissSchwarz-ENG-DB:LSS_WE27-E14,Community dataset (CCondeluci/WeissSchwarz-ENG-DB) referencing en.ws-tcg.com — verify terms before redistribution,2026-09-13,"""Aim to Shine"" Ruby Kurosawa"
LSS_WE27-E17.png,tcg_identifier,train,weiss_schwarz,weiss_schwarz,WeissSchwarz-ENG-DB:LSS_WE27-E17,Community dataset (CCondeluci/WeissSchwarz-ENG-DB) referencing en.ws-tcg.com — verify terms before redistribution,2026-09-13,MIRAI TICKET
LSS_WE27-E18.png,tcg_identifier,train,weiss_schwarz,weiss_schwarz,WeissSchwarz-ENG-DB:LSS_WE27-E18,Community dataset (CCondeluci/WeissSchwarz-ENG-DB) referencing en.ws-tcg.com — verify terms before redistribution,2026-09-13,Mijuku DREAMER
LSS_WE27-E22.png,tcg_identifier,train,weiss_schwarz,weiss_schwarz,WeissSchwarz-ENG-DB:LSS_WE27-E22,Community dataset (CCondeluci/WeissSchwarz-ENG-DB) referencing en.ws-tcg.com — verify terms before redistribution,2026-09-10,"""Mijuku DREAMER"" You Watanabe"
LSS_WE27-E26.png,tcg_identifier,train,weiss_schwarz,weiss_schwarz,WeissSchwarz-ENG-DB:LSS_WE27-E26,Community dataset (CCondeluci/WeissSchwarz-ENG-DB) referencing en.ws-tcg.com — verify terms before redistribution,2026-09-10,"""Aim to Shine"" Chika Takami"
LSS_WE27-E29.png,tcg_identifier,train,weiss_schwarz,weiss_schwarz,WeissSchwarz-ENG-DB:LSS_WE27-E29,Community dataset (CCondeluci/WeissSchwarz-ENG-DB) referencing en.ws-tcg.com — verify terms before redistribution,2026-09-10,"""From Zero to One!"" Chika Takami"
LSS_WE27-E33.png,tcg_identifier,train,weiss_schwarz,weiss_schwarz,WeissSchwarz-ENG-DB:LSS_WE27-E33,Community dataset (CCondeluci/WeissSchwarz-ENG-DB) referencing en.ws-tcg.com — verify terms before redistribution,2026-09-13,"""Something Precious"" Chika Takami"
LSS_WE27-E44.png,tcg_identifier,train,weiss_schwarz,weiss_schwarz,WeissSchwarz-ENG-DB:LSS_WE27-E44,Community dataset (CCondeluci/WeissSchwarz-ENG-DB) referencing en.ws-tcg.com — verify terms before redistribution,2026-09-13,"""GLAMorous Swimsuit Figure"" Kanan Matsuura"
LSS_WE27-E45.png,tcg_identifier,train,weiss_schwarz,weiss_schwarz,WeissSchwarz-ENG-DB:LSS_WE27-E45,Community dataset (CCondeluci/WeissSchwarz-ENG-DB) referencing en.ws-tcg.com — verify terms before redistribution,2026-09-10,"""Aim to Shine"" Mari Ohara"
LSS_WE27-E53.png,tcg_identifier,train,weiss_schwarz,weiss_schwarz,WeissSchwarz-ENG-DB:LSS_WE27-E53,Community dataset (CCondeluci/WeissSchwarz-ENG-DB) referencing en.ws-tcg.com — verify terms before redistribution,2026-09-10,MIRAI TICKET
LSS_WE27-E55.png,tcg_identifier,train,weiss_schwarz,weiss_schwarz,WeissSchwarz-ENG-DB:LSS_WE27-E55,Community dataset (CCondeluci/WeissSchwarz-ENG-DB) referencing en.ws-tcg.com — verify terms before redistribution,2026-09-13,Mini Yoshiko
LSS_WE27-E60.png,tcg_identifier,train,weiss_schwarz,weiss_schwarz,WeissSchwarz-ENG-DB:LSS_WE27-E60,Community dataset (CCondeluci/WeissSchwarz-ENG-DB) referencing en.ws-tcg.com — verify terms before redistribution,2026-09-13,Mini Riko
LSS_WE27-PE01.jpg,tcg_identifier,train,weiss_schwarz,weiss_schwarz,WeissSchwarz-ENG-DB:LSS_WE27-PE01,Community dataset (CCondeluci/WeissSchwarz-ENG-DB) referencing en.ws-tcg.com — verify terms before redistribution,2026-09-13,"""Let's Sing Together!"" Kanan & Dia & Mari"
RKN_S115-E009.png,tcg_identifier,train,weiss_schwarz,weiss_schwarz,WeissSchwarz-ENG-DB:RKN_S115-E009,Community dataset (CCondeluci/WeissSchwarz-ENG-DB) referencing en.ws-tcg.com — verify terms before redistribution,2026-09-13,"Timid Girl, Tsubame Sanjo"
RKN_S115-E016.png,tcg_identifier,train,weiss_schwarz,weiss_schwarz,WeissSchwarz-ENG-DB:RKN_S115-E016,Community dataset (CCondeluci/WeissSchwarz-ENG-DB) referencing en.ws-tcg.com — verify terms before redistribution,2026-09-13,"Cross-Shaped Scar on the Cheek, Kenshin Himura"
RKN_S115-E047.png,tcg_identifier,train,weiss_schwarz,weiss_schwarz,WeissSchwarz-ENG-DB:RKN_S115-E047,Community dataset (CCondeluci/WeissSchwarz-ENG-DB) referencing en.ws-tcg.com — verify terms before redistribution,2026-09-10,"Conviction to Not Kill, Kenshin Himura"
RKN_S115-E051.png,tcg_identifier,train,weiss_schwarz,weiss_schwarz,WeissSchwarz-ENG-DB:RKN_S115-E051,Community dataset (CCondeluci/WeissSchwarz-ENG-DB) referencing en.ws-tcg.com — verify terms before redistribution,2026-09-13,"The Past Evoked, Kenshin Himura"
RKN_S115-E053.png,tcg_identifier,train,weiss_schwarz,weiss_schwarz,WeissSchwarz-ENG-DB:RKN_S115-E053,Community dataset (CCondeluci/WeissSchwarz-ENG-DB) referencing en.ws-tcg.com — verify terms before redistribution,2026-09-13,"Kind-Hearted Rurouni, Kenshin Himura"
RKN_S115-E057.png,tcg_identifier,train,weiss_schwarz,weiss_schwarz,WeissSchwarz-ENG-DB:RKN_S115-E057,Community dataset (CCondeluci/WeissSchwarz-ENG-DB) referencing en.ws-tcg.com — verify terms before redistribution,2026-09-13,"Watching You Among Autumn Leaves, Kaoru Kamiya"
RKN_S115-E059.png,tcg_identifier,train,weiss_schwarz,weiss_schwarz,WeissSchwarz-ENG-DB:RKN_S115-E059,Community dataset (CCondeluci/WeissSchwarz-ENG-DB) referencing en.ws-tcg.com — verify terms before redistribution,2026-09-13,"Survivor of the ""Sekiho Army"", Sanosuke Sagara"
RKN_S115-E065.png,tcg_identifier,train,weiss_schwarz,weiss_schwarz,WeissSchwarz-ENG-DB:RKN_S115-E065,Community dataset (CCondeluci/WeissSchwarz-ENG-DB) referencing en.ws-tcg.com — verify terms before redistribution,2026-09-13,"Hair Swaying in Autumn Breeze, Kaoru Kamiya"
RKN_S115-E067.png,tcg_identifier,train,weiss_schwarz,weiss_schwarz,WeissSchwarz-ENG-DB:RKN_S115-E067,Community dataset (CCondeluci/WeissSchwarz-ENG-DB) referencing en.ws-tcg.com — verify terms before redistribution,2026-09-13,Onslaught of Strong Enemies
RKN_S115-E068.png,tcg_identifier,train,weiss_schwarz,weiss_schwarz,WeissSchwarz-ENG-DB:RKN_S115-E068,Community dataset (CCondeluci/WeissSchwarz-ENG-DB) referencing en.ws-tcg.com — verify terms before redistribution,2026-09-10,Clouds of Flowers Signalling Spring
RKN_S115-E072.png,tcg_identifier,train,weiss_schwarz,weiss_schwarz,WeissSchwarz-ENG-DB:RKN_S115-E072,Community dataset (CCondeluci/WeissSchwarz-ENG-DB) referencing en.ws-tcg.com — verify terms before redistribution,2026-09-10,"“Gatotsu”, Hajime Saito"
RKN_S115-E091.png,tcg_identifier,train,weiss_schwarz,weiss_schwarz,WeissSchwarz-ENG-DB:RKN_S115-E091,Community dataset (CCondeluci/WeissSchwarz-ENG-DB) referencing en.ws-tcg.com — verify terms before redistribution,2026-09-13,"Unfathomable Motive, Hajime Saito"
RKN_S115-E093.png,tcg_identifier,train,weiss_schwarz,weiss_schwarz,WeissSchwarz-ENG-DB:RKN_S115-E093,Community dataset (CCondeluci/WeissSchwarz-ENG-DB) referencing en.ws-tcg.com — verify terms before redistribution,2026-09-10,"Order to Investigate, Aoshi Shinomori"
RKN_S115-E094.png,tcg_identifier,train,weiss_schwarz,weiss_schwarz,WeissSchwarz-ENG-DB:RKN_S115-E094,Community dataset (CCondeluci/WeissSchwarz-ENG-DB) referencing en.ws-tcg.com — verify terms before redistribution,2026-09-10,Captain of the First Unit of the Shinsengumi. Soji Okita
RKN_S115-E096.png,tcg_identifier,train,weiss_schwarz,weiss_schwarz,WeissSchwarz-ENG-DB:RKN_S115-E096,Community dataset (CCondeluci/WeissSchwarz-ENG-DB) referencing en.ws-tcg.com — verify terms before redistribution,2026-09-13,The Strongest Group of Onmitsu
RKN_S115-TE03.png,tcg_identifier,train,weiss_schwarz,weiss_schwarz,WeissSchwarz-ENG-DB:RKN_S115-TE03,Community dataset (CCondeluci/WeissSchwarz-ENG-DB) referencing en.ws-tcg.com — verify terms before redistribution,2026-09-13,"Sudden Join-In, Sanosuke Sagara"
RKN_S115-TE11.png,tcg_identifier,train,weiss_schwarz,weiss_schwarz,WeissSchwarz-ENG-DB:RKN_S115-TE11,Community dataset (CCondeluci/WeissSchwarz-ENG-DB) referencing en.ws-tcg.com — verify terms before redistribution,2026-09-10,With Ten Years' Worth of Emotions
RKN_S115-TE14.png,tcg_identifier,train,weiss_schwarz,weiss_schwarz,WeissSchwarz-ENG-DB:RKN_S115-TE14,Community dataset (CCondeluci/WeissSchwarz-ENG-DB) referencing en.ws-tcg.com — verify terms before redistribution,2026-09-13,"Seeing Right Through, Yahiko Myojin"
RKN_S115-TE17.png,tcg_identifier,train,weiss_schwarz,weiss_schwarz,WeissSchwarz-ENG-DB:RKN_S115-TE17,Community dataset (CCondeluci/WeissSchwarz-ENG-DB) referencing en.ws-tcg.com — verify terms before redistribution,2026-09-13,"Housework Helper, Kenshin Himura"
RSL_S56-E022.png,tcg_identifier,train,weiss_schwarz,weiss_schwarz,WeissSchwarz-ENG-DB:RSL_S56-E022,Community dataset (CCondeluci/WeissSchwarz-ENG-DB) referencing en.ws-tcg.com — verify terms before redistribution,2026-09-13,"""Bana-nice!"" Nana Daiba"
RSL_S56-E023.png,tcg_identifier,train,weiss_schwarz,weiss_schwarz,WeissSchwarz-ENG-DB:RSL_S56-E023,Community dataset (CCondeluci/WeissSchwarz-ENG-DB) referencing en.ws-tcg.com — verify terms before redistribution,2026-09-13,"Center of Attention, Kaoruko Hanayagi"
RSL_S56-E032.png,tcg_identifier,train,weiss_schwarz,weiss_schwarz,WeissSchwarz-ENG-DB:RSL_S56-E032,Community dataset (CCondeluci/WeissSchwarz-ENG-DB) referencing en.ws-tcg.com — verify terms before redistribution,2026-09-10,Closest to You
RSL_S56-E033.png,tcg_identifier,train,weiss_schwarz,weiss_schwarz,WeissSchwarz-ENG-DB:RSL_S56-E033,Community dataset (CCondeluci/WeissSchwarz-ENG-DB) referencing en.ws-tcg.com — verify terms before redistribution,2026-09-13,Night of the Star Festival
RSL_S56-E043.png,tcg_identifier,train,weiss_schwarz,weiss_schwarz,WeissSchwarz-ENG-DB:RSL_S56-E043,Community dataset (CCondeluci/WeissSchwarz-ENG-DB) referencing en.ws-tcg.com — verify terms before redistribution,2026-09-13,"""Rebirthed Shine"" Hikari Kagura"
RSL_S56-E049.png,tcg_identifier,train,weiss_schwarz,weiss_schwarz,WeissSchwarz-ENG-DB:RSL_S56-E049,Community dataset (CCondeluci/WeissSchwarz-ENG-DB) referencing en.ws-tcg.com — verify terms before redistribution,2026-09-13,"Tag, Karen Aijo"
RSL_S56-E054.png,tcg_identifier,train,weiss_schwarz,weiss_schwarz,WeissSchwarz-ENG-DB:RSL_S56-E054,Community dataset (CCondeluci/WeissSchwarz-ENG-DB) referencing en.ws-tcg.com — verify terms before redistribution,2026-09-13,"Hallway-Protecting Goddess, Mahiru Tsuyuzaki"
RSL_S56-E055.png,tcg_identifier,train,weiss_schwarz,weiss_schwarz,WeissSchwarz-ENG-DB:RSL_S56-E055,Community dataset (CCondeluci/WeissSchwarz-ENG-DB) referencing en.ws-tcg.com — verify terms before redistribution,2026-09-10,"Tag, Mahiru Tsuyuzaki"
RSL_S56-E056.png,tcg_identifier,train,weiss_schwarz,weiss_schwarz,WeissSchwarz-ENG-DB:RSL_S56-E056,Community dataset (CCondeluci/WeissSchwarz-ENG-DB) referencing en.ws-tcg.com — verify terms before redistribution,2026-09-13,"New Roommate, Karen Aijo"
RSL_S56-E071.png,tcg_identifier,train,weiss_schwarz,weiss_schwarz,WeissSchwarz-ENG-DB:RSL_S56-E071,Community dataset (CCondeluci/WeissSchwarz-ENG-DB) referencing en.ws-tcg.com — verify terms before redistribution,2026-09-10,"My Own Shine, Maya Tendo"
RSL_S56-E074.png,tcg_identifier,train,weiss_schwarz,weiss_schwarz,WeissSchwarz-ENG-DB:RSL_S56-E074,Community dataset (CCondeluci/WeissSchwarz-ENG-DB) referencing en.ws-tcg.com — verify terms before redistribution,2026-09-13,"Prim and Proper Rep, Junna Hoshimi"
RSL_S56-E077.png,tcg_identifier,train,weiss_schwarz,weiss_schwarz,WeissSchwarz-ENG-DB:RSL_S56-E077,Community dataset (CCondeluci/WeissSchwarz-ENG-DB) referencing en.ws-tcg.com — verify terms before redistribution,2026-09-13,"Revue Duet, Maya Tendo"
RSL_S56-E082.png,tcg_identifier,train,weiss_schwarz,weiss_schwarz,WeissSchwarz-ENG-DB:RSL_S56-E082,Community dataset (CCondeluci/WeissSchwarz-ENG-DB) referencing en.ws-tcg.com — verify terms before redistribution,2026-09-10,"Pajama Party, Claudine Saijo"
RSL_S56-E088.png,tcg_identifier,train,weiss_schwarz,weiss_schwarz,WeissSchwarz-ENG-DB:RSL_S56-E088,Community dataset (CCondeluci/WeissSchwarz-ENG-DB) referencing en.ws-tcg.com — verify terms before redistribution,2026-09-13,"Excessive Self-Practice, Junna Hoshimi"
RSL_S56-E092.png,tcg_identifier,train,weiss_schwarz,weiss_schwarz,WeissSchwarz-ENG-DB:RSL_S56-E092,Community dataset (CCondeluci/WeissSchwarz-ENG-DB) referencing en.ws-tcg.com — verify terms before redistribution,2026-09-10,Chronic Stage Fright? Claudine Saijo
RSL_S56-E095.png,tcg_identifier,train,weiss_schwarz,weiss_schwarz,WeissSchwarz-ENG-DB:RSL_S56-E095,Community dataset (CCondeluci/WeissSchwarz-ENG-DB) referencing en.ws-tcg.com — verify terms before redistribution,2026-09-13,The Show Must Go On
RSL_S56-E096.png,tcg_identifier,train,weiss_schwarz,weiss_schwarz,WeissSchwarz-ENG-DB:RSL_S56-E096,Community dataset (CCondeluci/WeissSchwarz-ENG-DB) referencing en.ws-tcg.com — verify terms before redistribution,2026-09-13,To Greater Heights
RSL_S56-E101.png,tcg_identifier,train,weiss_schwarz,weiss_schwarz,WeissSchwarz-ENG-DB:RSL_S56-E101,Community dataset (CCondeluci/WeissSchwarz-ENG-DB) referencing en.ws-tcg.com — verify terms before redistribution,2026-09-13,"Feelings of the Two, Kaoruko & Futaba"
RSL_S56-E102.png,tcg_identifier,train,weiss_schwarz,weiss_schwarz,WeissSchwarz-ENG-DB:RSL_S56-E102,Community dataset (CCondeluci/WeissSchwarz-ENG-DB) referencing en.ws-tcg.com — verify terms before redistribution,2026-09-10,"After-Class Lesson, Karen Aijo"
RSL_S56-E106.png,tcg_identifier,train,weiss_schwarz,weiss_schwarz,WeissSchwarz-ENG-DB:RSL_S56-E106,Community dataset (CCondeluci/WeissSchwarz-ENG-DB) referencing en.ws-tcg.com — verify terms before redistribution,2026-09-13,"Feelings of the Two, Claudine & Maya"
RSL_S56-PE05.png,tcg_identifier,train,weiss_schwarz,weiss_schwarz,WeissSchwarz-ENG-DB:RSL_S56-PE05,Community dataset (CCondeluci/WeissSchwarz-ENG-DB) referencing en.ws-tcg.com — verify terms before redistribution,2026-09-10,"""Seisho Music Academy 99th Class"" Karen Aijo"
RSL_S56-TE02.png,tcg_identifier,train,weiss_schwarz,weiss_schwarz,WeissSchwarz-ENG-DB:RSL_S56-TE02,Community dataset (CCondeluci/WeissSchwarz-ENG-DB) referencing en.ws-tcg.com — verify terms before redistribution,2026-09-10,"The Stage of Fate, Kaoruko Hanayagi"
RSL_S56-TE03.png,tcg_identifier,train,weiss_schwarz,weiss_schwarz,WeissSchwarz-ENG-DB:RSL_S56-TE03,Community dataset (CCondeluci/WeissSchwarz-ENG-DB) referencing en.ws-tcg.com — verify terms before redistribution,2026-09-10,"Swordfight Challenge, Futaba Isurugi"
RSL_S56-TE07.png,tcg_identifier,train,weiss_schwarz,weiss_schwarz,WeissSchwarz-ENG-DB:RSL_S56-TE07,Community dataset (CCondeluci/WeissSchwarz-ENG-DB) referencing en.ws-tcg.com — verify terms before redistribution,2026-09-13,Actor Training Department Lesson
RSL_S56-TE10.png,tcg_identifier,train,weiss_schwarz,weiss_schwarz,WeissSchwarz-ENG-DB:RSL_S56-TE10,Community dataset (CCondeluci/WeissSchwarz-ENG-DB) referencing en.ws-tcg.com — verify terms before redistribution,2026-09-10,"Natural Stage Girl, Hikari Kagura"
RSL_S56-TE13.png,tcg_identifier,train,weiss_schwarz,weiss_schwarz,WeissSchwarz-ENG-DB:RSL_S56-TE13,Community dataset (CCondeluci/WeissSchwarz-ENG-DB) referencing en.ws-tcg.com — verify terms before redistribution,2026-09-10,"The Stage of Fate, Karen Aijo"
RSL_S56-TE19.png,tcg_identifier,train,weiss_schwarz,weiss_schwarz,WeissSchwarz-ENG-DB:RSL_S56-TE19,Community dataset (CCondeluci/WeissSchwarz-ENG-DB) referencing en.ws-tcg.com — verify terms before redistribution,2026-09-13,"The Stage of Fate, Junna Hoshimi"
RZ_S68-E001.png,tcg_identifier,train,weiss_schwarz,weiss_schwarz,WeissSchwarz-ENG-DB:RZ_S68-E001,Community dataset (CCondeluci/WeissSchwarz-ENG-DB) referencing en.ws-tcg.com — verify terms before redistribution,2026-09-13,Snow Bunny
RZ_S68-E003.png,tcg_identifier,train,weiss_schwarz,weiss_schwarz,WeissSchwarz-ENG-DB:RZ_S68-E003,Community dataset (CCondeluci/WeissSchwarz-ENG-DB) referencing en.ws-tcg.com — verify terms before redistribution,2026-09-13,Snow Bunny and Petra
RZ_S68-E005.png,tcg_identifier,train,weiss_schwarz,weiss_schwarz,WeissSchwarz-ENG-DB:RZ_S68-E005,Community dataset (CCondeluci/WeissSchwarz-ENG-DB) referencing en.ws-tcg.com — verify terms before redistribution,2026-09-10,Aim for New York? Dine
RZ_S68-E007.png,tcg_identifier,train,weiss_schwarz,weiss_schwarz,WeissSchwarz-ENG-DB:RZ_S68-E007,Community dataset (CCondeluci/WeissSchwarz-ENG-DB) referencing en.ws-tcg.com — verify terms before redistribution,2026-09-13,"Girl from Village Irlam, Petra"
RZ_S68-E017.png,tcg_identifier,train,weiss_schwarz,weiss_schwarz,WeissSchwarz-ENG-DB:RZ_S68-E017,Community dataset (CCondeluci/WeissSchwarz-ENG-DB) referencing en.ws-tcg.com — verify terms before redistribution,2026-09-13,"Heavy Drinker, Ram"
RZ_S68-E020.png,tcg_identifier,train,weiss_schwarz,weiss_schwarz,WeissSchwarz-ENG-DB:RZ_S68-E020,Community dataset (CCondeluci/WeissSchwarz-ENG-DB) referencing en.ws-tcg.com — verify terms before redistribution,2026-09-13,Ram Holding Her Breath
RZ_S68-E023.png,tcg_identifier,train,weiss_schwarz,weiss_schwarz,WeissSchwarz-ENG-DB:RZ_S68-E023,Community dataset (CCondeluci/WeissSchwarz-ENG-DB) referencing en.ws-tcg.com — verify terms before redistribution,2026-09-13,Subaru Shining Under the Night Sky
RZ_S68-E026.png,tcg_identifier,train,weiss_schwarz,weiss_schwarz,WeissSchwarz-ENG-DB:RZ_S68-E026,Community dataset (CCondeluci/WeissSchwarz-ENG-DB) referencing en.ws-tcg.com — verify terms before redistribution,2026-09-13,Magnificent Subawaal Sculpture
RZ_S68-E027.png,tcg_identifier,train,weiss_schwarz,weiss_schwarz,WeissSchwarz-ENG-DB:RZ_S68-E027,Community dataset (CCondeluci/WeissSchwarz-ENG-DB) referencing en.ws-tcg.com — verify terms before redistribution,2026-09-13,"Cold Surprise Attack, Beatrice"
RZ_S68-E032.png,tcg_identifier,train,weiss_schwarz,weiss_schwarz,WeissSchwarz-ENG-DB:RZ_S68-E032,Community dataset (CCondeluci/WeissSchwarz-ENG-DB) referencing en.ws-tcg.com — verify terms before redistribution,2026-09-13,"Expectedly Cold, Beatrice"
RZ_S68-E036.png,tcg_identifier,train,weiss_schwarz,weiss_schwarz,WeissSchwarz-ENG-DB:RZ_S68-E036,Community dataset (CCondeluci/WeissSchwarz-ENG-DB) referencing en.ws-tcg.com — verify terms before redistribution,2026-09-13,"""Memory Snow"" Roswaal"
RZ_S68-E038.png,tcg_identifier,train,weiss_schwarz,weiss_schwarz,WeissSchwarz-ENG-DB:RZ_S68-E038,Community dataset (CCondeluci/WeissSchwarz-ENG-DB) referencing en.ws-tcg.com — verify terms before redistribution,2026-09-13,"Taking Care of the Drunkards, Ram"
RZ_S68-E053.png,tcg_identifier,train,weiss_schwarz,weiss_schwarz,WeissSchwarz-ENG-DB:RZ_S68-E053,Community dataset (CCondeluci/WeissSchwarz-ENG-DB) referencing en.ws-tcg.com — verify terms before redistribution,2026-09-10,"Secret Flower Garden, Emilia"
RZ_S68-E060.png,tcg_identifier,train,weiss_schwarz,weiss_schwarz,WeissSchwarz-ENG-DB:RZ_S68-E060,Community dataset (CCondeluci/WeissSchwarz-ENG-DB) referencing en.ws-tcg.com — verify terms before redistribution,2026-09-10,I Worked Hard! Rem
RZ_S68-E061.png,tcg_identifier,train,weiss_schwarz,weiss_schwarz,WeissSchwarz-ENG-DB:RZ_S68-E061,Community dataset (CCondeluci/WeissSchwarz-ENG-DB) referencing en.ws-tcg.com — verify terms before redistribution,2026-09-13,"About the Future, Puck"
RZ_S68-E063.png,tcg_identifier,train,weiss_schwarz,weiss_schwarz,WeissSchwarz-ENG-DB:RZ_S68-E063,Community dataset (CCondeluci/WeissSchwarz-ENG-DB) referencing en.ws-tcg.com — verify terms before redistribution,2026-09-13,"Unsettling Declaration, Rem"
RZ_S68-E064.png,tcg_identifier,train,weiss_schwarz,weiss_schwarz,WeissSchwarz-ENG-DB:RZ_S68-E064,Community dataset (CCondeluci/WeissSchwarz-ENG-DB) referencing en.ws-tcg.com — verify terms before redistribution,2026-09-10,"Recognition-Hindering Robe, Emilia"
RZ_S68-E067.png,tcg_identifier,train,weiss_schwarz,weiss_schwarz,WeissSchwarz-ENG-DB:RZ_S68-E067,Community dataset (CCondeluci/WeissSchwarz-ENG-DB) referencing en.ws-tcg.com — verify terms before redistribution,2026-09-13,"Combination of Ideals, Rem"
RZ_S68-E072.png,tcg_identifier,train,weiss_schwarz,weiss_schwarz,WeissSchwarz-ENG-DB:RZ_S68-E072,Community dataset (CCondeluci/WeissSchwarz-ENG-DB) referencing en.ws-tcg.com — verify terms before redistribution,2026-09-10,Concaved Puck
RZ_S68-E074.png,tcg_identifier,train,weiss_schwarz,weiss_schwarz,WeissSchwarz-ENG-DB:RZ_S68-E074,Community dataset (CCondeluci/WeissSchwarz-ENG-DB) referencing en.ws-tcg.com — verify terms before redistribution,2026-09-13,"Madly in Love With Puck, Emilia"
RZ_S68-E075.png,tcg_identifier,train,weiss_schwarz,weiss_schwarz,WeissSchwarz-ENG-DB:RZ_S68-E075,Community dataset (CCondeluci/WeissSchwarz-ENG-DB) referencing en.ws-tcg.com — verify terms before redistribution,2026-09-13,"Hot Springs Operation, Subaru"
RZ_S68-E076.png,tcg_identifier,train,weiss_schwarz,weiss_schwarz,WeissSchwarz-ENG-DB:RZ_S68-E076,Community dataset (CCondeluci/WeissSchwarz-ENG-DB) referencing en.ws-tcg.com — verify terms before redistribution,2026-09-13,"Magic-Release Season Strategy Meeting, Puck"
RZ_S68-E081.png,tcg_identifier,train,weiss_schwarz,weiss_schwarz,WeissSchwarz-ENG-DB:RZ_S68-E081,Community dataset (CCondeluci/WeissSchwarz-ENG-DB) referencing en.ws-tcg.com — verify terms before redistribution,2026-09-13,"Highly Considerate, Puck"
RZ_S68-E090.png,tcg_identifier,train,weiss_schwarz,weiss_schwarz,WeissSchwarz-ENG-DB:RZ_S68-E090,Community dataset (CCondeluci/WeissSchwarz-ENG-DB) referencing en.ws-tcg.com — verify terms before redistribution,2026-09-13,"Secret Flower Garden, Subaru"
RZ_S68-E091.png,tcg_identifier,train,weiss_schwarz,weiss_schwarz,WeissSchwarz-ENG-DB:RZ_S68-E091,Community dataset (CCondeluci/WeissSchwarz-ENG-DB) referencing en.ws-tcg.com — verify terms before redistribution,2026-09-10,"Imploring Gaze, Rem"
RZ_S68-E096.png,tcg_identifier,train,weiss_schwarz,weiss_schwarz,WeissSchwarz-ENG-DB:RZ_S68-E096,Community dataset (CCondeluci/WeissSchwarz-ENG-DB) referencing en.ws-tcg.com — verify terms before redistribution,2026-09-13,It's All Subaru's Fault
RZ_S68-E098.png,tcg_identifier,train,weiss_schwarz,weiss_schwarz,WeissSchwarz-ENG-DB:RZ_S68-E098,Community dataset (CCondeluci/WeissSchwarz-ENG-DB) referencing en.ws-tcg.com — verify terms before redistribution,2026-09-13,It's Magic-Release Season!
RZ_S68-E099.png,tcg_identifier,train,weiss_schwarz,weiss_schwarz,WeissSchwarz-ENG-DB:RZ_S68-E099,Community dataset (CCondeluci/WeissSchwarz-ENG-DB) referencing en.ws-tcg.com — verify terms before redistribution,2026-09-13,First Experience With Alcohol
SAO_S80-E007.png,tcg_identifier,train,weiss_schwarz,weiss_schwarz,WeissSchwarz-ENG-DB:SAO_S80-E007,Community dataset (CCondeluci/WeissSchwarz-ENG-DB) referencing en.ws-tcg.com — verify terms before redistribution,2026-09-13,"Charming Figure, Alice"
SAO_S80-E013.png,tcg_identifier,train,weiss_schwarz,weiss_schwarz,WeissSchwarz-ENG-DB:SAO_S80-E013,Community dataset (CCondeluci/WeissSchwarz-ENG-DB) referencing en.ws-tcg.com — verify terms before redistribution,2026-09-13,"Time to Part, Alice"
SAO_S80-E017.png,tcg_identifier,train,weiss_schwarz,weiss_schwarz,WeissSchwarz-ENG-DB:SAO_S80-E017,Community dataset (CCondeluci/WeissSchwarz-ENG-DB) referencing en.ws-tcg.com — verify terms before redistribution,2026-09-10,"Sisters' Private Time, Selka & Alice"
SAO_S80-E023.png,tcg_identifier,train,weiss_schwarz,weiss_schwarz,WeissSchwarz-ENG-DB:SAO_S80-E023,Community dataset (CCondeluci/WeissSchwarz-ENG-DB) referencing en.ws-tcg.com — verify terms before redistribution,2026-09-13,"Lieutenant Colonel of the Ground Self-Defense Force, Kikuoka"
SAO_S80-E024.png,tcg_identifier,train,weiss_schwarz,weiss_schwarz,WeissSchwarz-ENG-DB:SAO_S80-E024,Community dataset (CCondeluci/WeissSchwarz-ENG-DB) referencing en.ws-tcg.com — verify terms before redistribution,2026-09-13,《Unlimited Landscape Alteration》 Asuna
SAO_S80-E032.png,tcg_identifier,train,weiss_schwarz,weiss_schwarz,WeissSchwarz-ENG-DB:SAO_S80-E032,Community dataset (CCondeluci/WeissSchwarz-ENG-DB) referencing en.ws-tcg.com — verify terms before redistribution,2026-09-10,A God or Something Else?
SAO_S80-E041.png,tcg_identifier,train,weiss_schwarz,weiss_schwarz,WeissSchwarz-ENG-DB:SAO_S80-E041,Community dataset (CCondeluci/WeissSchwarz-ENG-DB) referencing en.ws-tcg.com — verify terms before redistribution,2026-09-13,"Miraculous Wish, Tiese"
SAO_S80-E042.png,tcg_identifier,train,weiss_schwarz,weiss_schwarz,WeissSchwarz-ENG-DB:SAO_S80-E042,Community dataset (CCondeluci/WeissSchwarz-ENG-DB) referencing en.ws-tcg.com — verify terms before redistribution,2026-09-13,"Integrity Knight, Linel"
SAO_S80-E045.png,tcg_identifier,train,weiss_schwarz,weiss_schwarz,WeissSchwarz-ENG-DB:SAO_S80-E045,Community dataset (CCondeluci/WeissSchwarz-ENG-DB) referencing en.ws-tcg.com — verify terms before redistribution,2026-09-13,"Vice Commander of the Integrity Knights, Fanatio"
SAO_S80-E054.png,tcg_identifier,train,weiss_schwarz,weiss_schwarz,WeissSchwarz-ENG-DB:SAO_S80-E054,Community dataset (CCondeluci/WeissSchwarz-ENG-DB) referencing en.ws-tcg.com — verify terms before redistribution,2026-09-10,Evil Should Be Slashed
SAO_S80-E070.png,tcg_identifier,train,weiss_schwarz,weiss_schwarz,WeissSchwarz-ENG-DB:SAO_S80-E070,Community dataset (CCondeluci/WeissSchwarz-ENG-DB) referencing en.ws-tcg.com — verify terms before redistribution,2026-09-13,Maximum-Acceleration Phase
SAO_S80-E082.png,tcg_identifier,train,weiss_schwarz,weiss_schwarz,WeissSchwarz-ENG-DB:SAO_S80-E082,Community dataset (CCondeluci/WeissSchwarz-ENG-DB) referencing en.ws-tcg.com — verify terms before redistribution,2026-09-10,"Time for Revenge, Sinon"
SAO_S80-E084.png,tcg_identifier,train,weiss_schwarz,weiss_schwarz,WeissSchwarz-ENG-DB:SAO_S80-E084,Community dataset (CCondeluci/WeissSchwarz-ENG-DB) referencing en.ws-tcg.com — verify terms before redistribution,2026-09-10,"Beyond Time, Kirito"
SAO_S80-E087.png,tcg_identifier,train,weiss_schwarz,weiss_schwarz,WeissSchwarz-ENG-DB:SAO_S80-E087,Community dataset (CCondeluci/WeissSchwarz-ENG-DB) referencing en.ws-tcg.com — verify terms before redistribution,2026-09-13,"Fair and Square, Kirito"
SAO_S80-E088.png,tcg_identifier,train,weiss_schwarz,weiss_schwarz,WeissSchwarz-ENG-DB:SAO_S80-E088,Community dataset (CCondeluci/WeissSchwarz-ENG-DB) referencing en.ws-tcg.com — verify terms before redistribution,2026-09-13,"Something Important, Kirito"
SAO_S80-E093.png,tcg_identifier,train,weiss_schwarz,weiss_schwarz,WeissSchwarz-ENG-DB:SAO_S80-E093,Community dataset (CCondeluci/WeissSchwarz-ENG-DB) referencing en.ws-tcg.com — verify terms before redistribution,2026-09-13,"""Convert"" Klein"
SAO_S80-E094.png,tcg_identifier,train,weiss_schwarz,weiss_schwarz,WeissSchwarz-ENG-DB:SAO_S80-E094,Community dataset (CCondeluci/WeissSchwarz-ENG-DB) referencing en.ws-tcg.com — verify terms before redistribution,2026-09-13,"Together With a Memory, Kirito & Eugeo"
SAO_S80-E099.png,tcg_identifier,train,weiss_schwarz,weiss_schwarz,WeissSchwarz-ENG-DB:SAO_S80-E099,Community dataset (CCondeluci/WeissSchwarz-ENG-DB) referencing en.ws-tcg.com — verify terms before redistribution,2026-09-13,Healing Heart
SAO_S80-E102.png,tcg_identifier,train,weiss_schwarz,weiss_schwarz,WeissSchwarz-ENG-DB:SAO_S80-E102,Community dataset (CCondeluci/WeissSchwarz-ENG-DB) referencing en.ws-tcg.com — verify terms before redistribution,2026-09-13,"Making Sweet Desserts, Asuna"
SBY_W77-E006.png,tcg_identifier,train,weiss_schwarz,weiss_schwarz,WeissSchwarz-ENG-DB:SBY_W77-E006,Community dataset (CCondeluci/WeissSchwarz-ENG-DB) referencing en.ws-tcg.com — verify terms before redistribution,2026-09-13,"Everlasting Summer Date, Mai Sakurajima"
SBY_W77-E023.png,tcg_identifier,train,weiss_schwarz,weiss_schwarz,WeissSchwarz-ENG-DB:SBY_W77-E023,Community dataset (CCondeluci/WeissSchwarz-ENG-DB) referencing en.ws-tcg.com — verify terms before redistribution,2026-09-13,Unsettling Atmosphere
SBY_W77-E025.png,tcg_identifier,train,weiss_schwarz,weiss_schwarz,WeissSchwarz-ENG-DB:SBY_W77-E025,Community dataset (CCondeluci/WeissSchwarz-ENG-DB) referencing en.ws-tcg.com — verify terms before redistribution,2026-09-13,"Time and Memories, Shoko Makinohara"
SBY_W77-E031.png,tcg_identifier,train,weiss_schwarz,weiss_schwarz,WeissSchwarz-ENG-DB:SBY_W77-E031,Community dataset (CCondeluci/WeissSchwarz-ENG-DB) referencing en.ws-tcg.com — verify terms before redistribution,2026-09-13,"Usual Conversational Exchange, Rio Futaba"
SBY_W77-E036.png,tcg_identifier,train,weiss_schwarz,weiss_schwarz,WeissSchwarz-ENG-DB:SBY_W77-E036,Community dataset (CCondeluci/WeissSchwarz-ENG-DB) referencing en.ws-tcg.com — verify terms before redistribution,2026-09-13,Arrival at the Destination! Shoko Makinohara
SBY_W77-E040.png,tcg_identifier,train,weiss_schwarz,weiss_schwarz,WeissSchwarz-ENG-DB:SBY_W77-E040,Community dataset (CCondeluci/WeissSchwarz-ENG-DB) referencing en.ws-tcg.com — verify terms before redistribution,2026-09-13,"Encounter at the Hospital, Shoko Makinohara"
SBY_W77-E042.png,tcg_identifier,train,weiss_schwarz,weiss_schwarz,WeissSchwarz-ENG-DB:SBY_W77-E042,Community dataset (CCondeluci/WeissSchwarz-ENG-DB) referencing en.ws-tcg.com — verify terms before redistribution,2026-09-13,"Sudden Change in Condition, Shoko Makinohara"
SBY_W77-E047.png,tcg_identifier,train,weiss_schwarz,weiss_schwarz,WeissSchwarz-ENG-DB:SBY_W77-E047,Community dataset (CCondeluci/WeissSchwarz-ENG-DB) referencing en.ws-tcg.com — verify terms before redistribution,2026-09-13,Returning Phrase
SBY_W77-E050.png,tcg_identifier,train,weiss_schwarz,weiss_schwarz,WeissSchwarz-ENG-DB:SBY_W77-E050,Community dataset (CCondeluci/WeissSchwarz-ENG-DB) referencing en.ws-tcg.com — verify terms before redistribution,2026-09-13,"Strange Incidents, Mai Sakurajima"
SBY_W77-E053.png,tcg_identifier,train,weiss_schwarz,weiss_schwarz,WeissSchwarz-ENG-DB:SBY_W77-E053,Community dataset (CCondeluci/WeissSchwarz-ENG-DB) referencing en.ws-tcg.com — verify terms before redistribution,2026-09-13,"Santa Claus Duo, Mai Sakurajima"
SBY_W77-E059.png,tcg_identifier,train,weiss_schwarz,weiss_schwarz,WeissSchwarz-ENG-DB:SBY_W77-E059,Community dataset (CCondeluci/WeissSchwarz-ENG-DB) referencing en.ws-tcg.com — verify terms before redistribution,2026-09-13,"Satisfaction Check, Mai Sakurajima"
SBY_W77-E060.png,tcg_identifier,train,weiss_schwarz,weiss_schwarz,WeissSchwarz-ENG-DB:SBY_W77-E060,Community dataset (CCondeluci/WeissSchwarz-ENG-DB) referencing en.ws-tcg.com — verify terms before redistribution,2026-09-13,"Retreating From the Bloodbath, Kaede Azusagawa"
SBY_W77-E061.png,tcg_identifier,train,weiss_schwarz,weiss_schwarz,WeissSchwarz-ENG-DB:SBY_W77-E061,Community dataset (CCondeluci/WeissSchwarz-ENG-DB) referencing en.ws-tcg.com — verify terms before redistribution,2026-09-13,"Unpleasant Prying, Mai Sakurajima"
SBY_W77-E063.png,tcg_identifier,train,weiss_schwarz,weiss_schwarz,WeissSchwarz-ENG-DB:SBY_W77-E063,Community dataset (CCondeluci/WeissSchwarz-ENG-DB) referencing en.ws-tcg.com — verify terms before redistribution,2026-09-13,"Incident in a Dream, Nodoka Toyohama"
SBY_W77-E064.png,tcg_identifier,train,weiss_schwarz,weiss_schwarz,WeissSchwarz-ENG-DB:SBY_W77-E064,Community dataset (CCondeluci/WeissSchwarz-ENG-DB) referencing en.ws-tcg.com — verify terms before redistribution,2026-09-13,"Visiting the Sick, Mai Sakurajima"
SBY_W77-E067.png,tcg_identifier,train,weiss_schwarz,weiss_schwarz,WeissSchwarz-ENG-DB:SBY_W77-E067,Community dataset (CCondeluci/WeissSchwarz-ENG-DB) referencing en.ws-tcg.com — verify terms before redistribution,2026-09-13,"Running Away From Home, Nodoka Toyohama"
SBY_W77-E078.png,tcg_identifier,train,weiss_schwarz,weiss_schwarz,WeissSchwarz-ENG-DB:SBY_W77-E078,Community dataset (CCondeluci/WeissSchwarz-ENG-DB) referencing en.ws-tcg.com — verify terms before redistribution,2026-09-13,"Date Invitation, Shoko Makinohara"
SBY_W77-E079.png,tcg_identifier,train,weiss_schwarz,weiss_schwarz,WeissSchwarz-ENG-DB:SBY_W77-E079,Community dataset (CCondeluci/WeissSchwarz-ENG-DB) referencing en.ws-tcg.com — verify terms before redistribution,2026-09-13,"Theory on the Wound, Rio Futaba"
SBY_W77-E081.png,tcg_identifier,train,weiss_schwarz,weiss_schwarz,WeissSchwarz-ENG-DB:SBY_W77-E081,Community dataset (CCondeluci/WeissSchwarz-ENG-DB) referencing en.ws-tcg.com — verify terms before redistribution,2026-09-13,"Date Plans, Tomoe Koga"
SBY_W77-E084.png,tcg_identifier,train,weiss_schwarz,weiss_schwarz,WeissSchwarz-ENG-DB:SBY_W77-E084,Community dataset (CCondeluci/WeissSchwarz-ENG-DB) referencing en.ws-tcg.com — verify terms before redistribution,2026-09-13,"Wedding Dress Try-On, Shoko Makinohara"
SBY_W77-E087.png,tcg_identifier,train,weiss_schwarz,weiss_schwarz,WeissSchwarz-ENG-DB:SBY_W77-E087,Community dataset (CCondeluci/WeissSchwarz-ENG-DB) referencing en.ws-tcg.com — verify terms before redistribution,2026-09-13,"""Unraveling the Superstring Theory"" Rio Futaba"
SBY_W77-E089.png,tcg_identifier,train,weiss_schwarz,weiss_schwarz,WeissSchwarz-ENG-DB:SBY_W77-E089,Community dataset (CCondeluci/WeissSchwarz-ENG-DB) referencing en.ws-tcg.com — verify terms before redistribution,2026-09-13,"Checking the Printout, Sakuta Azusagawa"
SBY_W77-E092.png,tcg_identifier,train,weiss_schwarz,weiss_schwarz,WeissSchwarz-ENG-DB:SBY_W77-E092,Community dataset (CCondeluci/WeissSchwarz-ENG-DB) referencing en.ws-tcg.com — verify terms before redistribution,2026-09-13,"""Quantum Entanglement"" Sakuta Azusagawa"
SBY_W77-E093.png,tcg_identifier,train,weiss_schwarz,weiss_schwarz,WeissSchwarz-ENG-DB:SBY_W77-E093,Community dataset (CCondeluci/WeissSchwarz-ENG-DB) referencing en.ws-tcg.com — verify terms before redistribution,2026-09-13,"Usual Conversational Exchange, Tomoe Koga"
SBY_W77-E098.png,tcg_identifier,train,weiss_schwarz,weiss_schwarz,WeissSchwarz-ENG-DB:SBY_W77-E098,Community dataset (CCondeluci/WeissSchwarz-ENG-DB) referencing en.ws-tcg.com — verify terms before redistribution,2026-09-13,Complicated State of Mind
SBY_W77-E099.png,tcg_identifier,train,weiss_schwarz,weiss_schwarz,WeissSchwarz-ENG-DB:SBY_W77-E099,Community dataset (CCondeluci/WeissSchwarz-ENG-DB) referencing en.ws-tcg.com — verify terms before redistribution,2026-09-13,Memory of First Love
SBY_W77-E100.png,tcg_identifier,train,weiss_schwarz,weiss_schwarz,WeissSchwarz-ENG-DB:SBY_W77-E100,Community dataset (CCondeluci/WeissSchwarz-ENG-DB) referencing en.ws-tcg.com — verify terms before redistribution,2026-09-13,The Future They Finally Reached
SBY_W77-E106.png,tcg_identifier,train,weiss_schwarz,weiss_schwarz,WeissSchwarz-ENG-DB:SBY_W77-E106,Community dataset (CCondeluci/WeissSchwarz-ENG-DB) referencing en.ws-tcg.com — verify terms before redistribution,2026-09-13,Chibi Futaba
SBY_W77-PE01.png,tcg_identifier,train,weiss_schwarz,weiss_schwarz,WeissSchwarz-ENG-DB:SBY_W77-PE01,Community dataset (CCondeluci/WeissSchwarz-ENG-DB) referencing en.ws-tcg.com — verify terms before redistribution,2026-09-13,"Kind Smile, Shoko Makinohara"
10032958.jpg,tcg_identifier,test,yugioh,yugioh,ygoprodeck:10032958,YGOPRODeck API — verify ygoprodeck.com/api-guide terms before redistribution,2026-09-13,Divine Dragon - Excelion
11609969.jpg,tcg_identifier,test,yugioh,yugioh,ygoprodeck:11609969,YGOPRODeck API — verify ygoprodeck.com/api-guide terms before redistribution,2026-09-13,D/D Savant Kepler
12183332.jpg,tcg_identifier,test,yugioh,yugioh,ygoprodeck:12183332,YGOPRODeck API — verify ygoprodeck.com/api-guide terms before redistribution,2026-09-13,Card Shuffle
14301396.jpg,tcg_identifier,test,yugioh,yugioh,ygoprodeck:14301396,YGOPRODeck API — verify ygoprodeck.com/api-guide terms before redistribution,2026-09-13,Heroic Champion - Magnum Excalibur
16001119.jpg,tcg_identifier,test,yugioh,yugioh,ygoprodeck:16001119,YGOPRODeck API — verify ygoprodeck.com/api-guide terms before redistribution,2026-09-13,Red Potan
1710647.jpg,tcg_identifier,test,yugioh,yugioh,ygoprodeck:1710647,YGOPRODeck API — verify ygoprodeck.com/api-guide terms before redistribution,2026-09-13,Yoa the Plague Deity Ashtra
17185260.jpg,tcg_identifier,test,yugioh,yugioh,ygoprodeck:17185260,YGOPRODeck API — verify ygoprodeck.com/api-guide terms before redistribution,2026-09-13,Inferno Hammer
17948378.jpg,tcg_identifier,test,yugioh,yugioh,ygoprodeck:17948378,YGOPRODeck API — verify ygoprodeck.com/api-guide terms before redistribution,2026-09-13,Jurrac Dino
18322364.jpg,tcg_identifier,test,yugioh,yugioh,ygoprodeck:18322364,YGOPRODeck API — verify ygoprodeck.com/api-guide terms before redistribution,2026-09-13,Big Whale
20358953.jpg,tcg_identifier,test,yugioh,yugioh,ygoprodeck:20358953,YGOPRODeck API — verify ygoprodeck.com/api-guide terms before redistribution,2026-09-13,Shark Cruiser
21044178.jpg,tcg_identifier,test,yugioh,yugioh,ygoprodeck:21044178,YGOPRODeck API — verify ygoprodeck.com/api-guide terms before redistribution,2026-09-10,Abyss Dweller
22359980.jpg,tcg_identifier,test,yugioh,yugioh,ygoprodeck:22359980,YGOPRODeck API — verify ygoprodeck.com/api-guide terms before redistribution,2026-09-13,Mirror Wall
22479888.jpg,tcg_identifier,test,yugioh,yugioh,ygoprodeck:22479888,YGOPRODeck API — verify ygoprodeck.com/api-guide terms before redistribution,2026-09-10,Clay Charge
23869735.jpg,tcg_identifier,test,yugioh,yugioh,ygoprodeck:23869735,YGOPRODeck API — verify ygoprodeck.com/api-guide terms before redistribution,2026-09-13,Fossil Excavation
24317029.jpg,tcg_identifier,test,yugioh,yugioh,ygoprodeck:24317029,YGOPRODeck API — verify ygoprodeck.com/api-guide terms before redistribution,2026-09-13,Gravekeeper's Spy
25415053.jpg,tcg_identifier,test,yugioh,yugioh,ygoprodeck:25415053,YGOPRODeck API — verify ygoprodeck.com/api-guide terms before redistribution,2026-09-13,Shinobird Token
25924653.jpg,tcg_identifier,test,yugioh,yugioh,ygoprodeck:25924653,YGOPRODeck API — verify ygoprodeck.com/api-guide terms before redistribution,2026-09-13,Gladiator Beast Darius
27103517.jpg,tcg_identifier,test,yugioh,yugioh,ygoprodeck:27103517,YGOPRODeck API — verify ygoprodeck.com/api-guide terms before redistribution,2026-09-13,Wicked Acolyte Chilam Sabak
31038159.jpg,tcg_identifier,test,yugioh,yugioh,ygoprodeck:31038159,YGOPRODeck API — verify ygoprodeck.com/api-guide terms before redistribution,2026-09-10,Genesis Dragon
31189536.jpg,tcg_identifier,test,yugioh,yugioh,ygoprodeck:31189536,YGOPRODeck API — verify ygoprodeck.com/api-guide terms before redistribution,2026-09-13,Vampire Awakening
32759190.jpg,tcg_identifier,test,yugioh,yugioh,ygoprodeck:32759190,YGOPRODeck API — verify ygoprodeck.com/api-guide terms before redistribution,2026-09-13,Hecahands Yadel
33302407.jpg,tcg_identifier,test,yugioh,yugioh,ygoprodeck:33302407,YGOPRODeck API — verify ygoprodeck.com/api-guide terms before redistribution,2026-09-13,Poison Chain
33750856.jpg,tcg_identifier,test,yugioh,yugioh,ygoprodeck:33750856,YGOPRODeck API — verify ygoprodeck.com/api-guide terms before redistribution,2026-09-13,Code Hack
34302287.jpg,tcg_identifier,test,yugioh,yugioh,ygoprodeck:34302287,YGOPRODeck API — verify ygoprodeck.com/api-guide terms before redistribution,2026-09-13,Phantasm Spiral Battle
39568067.jpg,tcg_identifier,test,yugioh,yugioh,ygoprodeck:39568067,YGOPRODeck API — verify ygoprodeck.com/api-guide terms before redistribution,2026-09-13,Fateful Adventure
39943352.jpg,tcg_identifier,test,yugioh,yugioh,ygoprodeck:39943352,YGOPRODeck API — verify ygoprodeck.com/api-guide terms before redistribution,2026-09-13,Daidaratant the Ooze Giant
4141820.jpg,tcg_identifier,test,yugioh,yugioh,ygoprodeck:4141820,YGOPRODeck API — verify ygoprodeck.com/api-guide terms before redistribution,2026-09-13,Djinn Prognosticator of Rituals
43530283.jpg,tcg_identifier,test,yugioh,yugioh,ygoprodeck:43530283,YGOPRODeck API — verify ygoprodeck.com/api-guide terms before redistribution,2026-09-13,Hourglass of Courage
46066477.jpg,tcg_identifier,test,yugioh,yugioh,ygoprodeck:46066477,YGOPRODeck API — verify ygoprodeck.com/api-guide terms before redistribution,2026-09-13,Performance Hurricane
46874015.jpg,tcg_identifier,test,yugioh,yugioh,ygoprodeck:46874015,YGOPRODeck API — verify ygoprodeck.com/api-guide terms before redistribution,2026-09-13,Return of the Six Samurai
50486289.jpg,tcg_identifier,test,yugioh,yugioh,ygoprodeck:50486289,YGOPRODeck API — verify ygoprodeck.com/api-guide terms before redistribution,2026-09-10,Amazoness War Chief
52038441.jpg,tcg_identifier,test,yugioh,yugioh,ygoprodeck:52038441,YGOPRODeck API — verify ygoprodeck.com/api-guide terms before redistribution,2026-09-13,Ghost Mourner & Moonlit Chill
54359696.jpg,tcg_identifier,test,yugioh,yugioh,ygoprodeck:54359696,YGOPRODeck API — verify ygoprodeck.com/api-guide terms before redistribution,2026-09-13,Stoic of Prophecy
56465981.jpg,tcg_identifier,test,yugioh,yugioh,ygoprodeck:56465981,YGOPRODeck API — verify ygoprodeck.com/api-guide terms before redistribution,2026-09-13,Swordsoul Emergence
56700100.jpg,tcg_identifier,test,yugioh,yugioh,ygoprodeck:56700100,YGOPRODeck API — verify ygoprodeck.com/api-guide terms before redistribution,2026-09-13,My Friend Purrely
57348141.jpg,tcg_identifier,test,yugioh,yugioh,ygoprodeck:57348141,YGOPRODeck API — verify ygoprodeck.com/api-guide terms before redistribution,2026-09-13,Twilight Eraser
57585212.jpg,tcg_identifier,test,yugioh,yugioh,ygoprodeck:57585212,YGOPRODeck API — verify ygoprodeck.com/api-guide terms before redistribution,2026-09-13,Self-Destruct Button
58257569.jpg,tcg_identifier,test,yugioh,yugioh,ygoprodeck:58257569,YGOPRODeck API — verify ygoprodeck.com/api-guide terms before redistribution,2026-09-13,Red-Eyes Baby Dragon
62480168.jpg,tcg_identifier,test,yugioh,yugioh,ygoprodeck:62480168,YGOPRODeck API — verify ygoprodeck.com/api-guide terms before redistribution,2026-09-10,Amazoness Hot Spring
67098897.jpg,tcg_identifier,test,yugioh,yugioh,ygoprodeck:67098897,YGOPRODeck API — verify ygoprodeck.com/api-guide terms before redistribution,2026-09-13,Cooky★Yummy Way
68371799.jpg,tcg_identifier,test,yugioh,yugioh,ygoprodeck:68371799,YGOPRODeck API — verify ygoprodeck.com/api-guide terms before redistribution,2026-09-13,Archfiend Commander
70226289.jpg,tcg_identifier,test,yugioh,yugioh,ygoprodeck:70226289,YGOPRODeck API — verify ygoprodeck.com/api-guide terms before redistribution,2026-09-13,Witchcrafter Unveiling
71703785.jpg,tcg_identifier,test,yugioh,yugioh,ygoprodeck:71703785,YGOPRODeck API — verify ygoprodeck.com/api-guide terms before redistribution,2026-09-13,Palladium Oracle Mahad
74440055.jpg,tcg_identifier,test,yugioh,yugioh,ygoprodeck:74440055,YGOPRODeck API — verify ygoprodeck.com/api-guide terms before redistribution,2026-09-13,Cactus Fighter
7610394.jpg,tcg_identifier,test,yugioh,yugioh,ygoprodeck:7610394,YGOPRODeck API — verify ygoprodeck.com/api-guide terms before redistribution,2026-09-13,Evil Eye Reemergence
76145933.jpg,tcg_identifier,test,yugioh,yugioh,ygoprodeck:76145933,YGOPRODeck API — verify ygoprodeck.com/api-guide terms before redistribution,2026-09-13,Spright Blue
77642288.jpg,tcg_identifier,test,yugioh,yugioh,ygoprodeck:77642288,YGOPRODeck API — verify ygoprodeck.com/api-guide terms before redistribution,2026-09-13,Gladiator Beast Secutor
81330115.jpg,tcg_identifier,test,yugioh,yugioh,ygoprodeck:81330115,YGOPRODeck API — verify ygoprodeck.com/api-guide terms before redistribution,2026-09-13,Number 30: Acid Golem of Destruction
82308875.jpg,tcg_identifier,test,yugioh,yugioh,ygoprodeck:82308875,YGOPRODeck API — verify ygoprodeck.com/api-guide terms before redistribution,2026-09-13,Number 7: Lucky Straight
82344137.jpg,tcg_identifier,test,yugioh,yugioh,ygoprodeck:82344137,YGOPRODeck API — verify ygoprodeck.com/api-guide terms before redistribution,2026-09-13,Phara the Primordial Goddess
83965310.jpg,tcg_identifier,test,yugioh,yugioh,ygoprodeck:83965310,YGOPRODeck API — verify ygoprodeck.com/api-guide terms before redistribution,2026-09-13,Destiny HERO - Plasma
88733579.jpg,tcg_identifier,test,yugioh,yugioh,ygoprodeck:88733579,YGOPRODeck API — verify ygoprodeck.com/api-guide terms before redistribution,2026-09-13,Drill Bug
91530236.jpg,tcg_identifier,test,yugioh,yugioh,ygoprodeck:91530236,YGOPRODeck API — verify ygoprodeck.com/api-guide terms before redistribution,2026-09-13,Spirit Charmers
94950218.jpg,tcg_identifier,test,yugioh,yugioh,ygoprodeck:94950218,YGOPRODeck API — verify ygoprodeck.com/api-guide terms before redistribution,2026-09-13,Reverse Breaker
94977269.jpg,tcg_identifier,test,yugioh,yugioh,ygoprodeck:94977269,YGOPRODeck API — verify ygoprodeck.com/api-guide terms before redistribution,2026-09-13,El Shaddoll Winda
95178994.jpg,tcg_identifier,test,yugioh,yugioh,ygoprodeck:95178994,YGOPRODeck API — verify ygoprodeck.com/api-guide terms before redistribution,2026-09-13,Giant Germ
95750695.jpg,tcg_identifier,test,yugioh,yugioh,ygoprodeck:95750695,YGOPRODeck API — verify ygoprodeck.com/api-guide terms before redistribution,2026-09-13,Supervise
96930127.jpg,tcg_identifier,test,yugioh,yugioh,ygoprodeck:96930127,YGOPRODeck API — verify ygoprodeck.com/api-guide terms before redistribution,2026-09-13,Chain Dog
9726840.jpg,tcg_identifier,test,yugioh,yugioh,ygoprodeck:9726840,YGOPRODeck API — verify ygoprodeck.com/api-guide terms before redistribution,2026-09-13,Sky Striker Mobilize - Linkage!
98076754.jpg,tcg_identifier,test,yugioh,yugioh,ygoprodeck:98076754,YGOPRODeck API — verify ygoprodeck.com/api-guide terms before redistribution,2026-09-13,Chosen of Zefra
10000010.jpg,tcg_identifier,train,yugioh,yugioh,ygoprodeck:10000010,YGOPRODeck API — verify ygoprodeck.com/api-guide terms before redistribution,2026-09-13,The Winged Dragon of Ra
100461003.jpg,tcg_identifier,train,yugioh,yugioh,ygoprodeck:100461003,YGOPRODeck API — verify ygoprodeck.com/api-guide terms before redistribution,2026-09-13,Hope for the Future
10262698.jpg,tcg_identifier,train,yugioh,yugioh,ygoprodeck:10262698,YGOPRODeck API — verify ygoprodeck.com/api-guide terms before redistribution,2026-09-13,The Statue of Easter Island
11102908.jpg,tcg_identifier,train,yugioh,yugioh,ygoprodeck:11102908,YGOPRODeck API — verify ygoprodeck.com/api-guide terms before redistribution,2026-09-13,Shien's Castle of Mist
11159464.jpg,tcg_identifier,train,yugioh,yugioh,ygoprodeck:11159464,YGOPRODeck API — verify ygoprodeck.com/api-guide terms before redistribution,2026-09-13,Worm Hope
12435193.jpg,tcg_identifier,train,yugioh,yugioh,ygoprodeck:12435193,YGOPRODeck API — verify ygoprodeck.com/api-guide terms before redistribution,2026-09-13,Koa'ki Meiru Drago
12482652.jpg,tcg_identifier,train,yugioh,yugioh,ygoprodeck:12482652,YGOPRODeck API — verify ygoprodeck.com/api-guide terms before redistribution,2026-09-10,Ojama Green
12953226.jpg,tcg_identifier,train,yugioh,yugioh,ygoprodeck:12953226,YGOPRODeck API — verify ygoprodeck.com/api-guide terms before redistribution,2026-09-13,Nuvia the Wicked
13317419.jpg,tcg_identifier,train,yugioh,yugioh,ygoprodeck:13317419,YGOPRODeck API — verify ygoprodeck.com/api-guide terms before redistribution,2026-09-13,Rocket Hand
13408726.jpg,tcg_identifier,train,yugioh,yugioh,ygoprodeck:13408726,YGOPRODeck API — verify ygoprodeck.com/api-guide terms before redistribution,2026-09-13,Nekroz of Metaltron
13650422.jpg,tcg_identifier,train,yugioh,yugioh,ygoprodeck:13650422,YGOPRODeck API — verify ygoprodeck.com/api-guide terms before redistribution,2026-09-13,Evil HERO Adusted Gold
13997673.jpg,tcg_identifier,train,yugioh,yugioh,ygoprodeck:13997673,YGOPRODeck API — verify ygoprodeck.com/api-guide terms before redistribution,2026-09-13,Core Compression
14212201.jpg,tcg_identifier,train,yugioh,yugioh,ygoprodeck:14212201,YGOPRODeck API — verify ygoprodeck.com/api-guide terms before redistribution,2026-09-13,Shadow Vampire
14553285.jpg,tcg_identifier,train,yugioh,yugioh,ygoprodeck:14553285,YGOPRODeck API — verify ygoprodeck.com/api-guide terms before redistribution,2026-09-10,Arcanite Magician/Assault Mode
1474910.jpg,tcg_identifier,train,yugioh,yugioh,ygoprodeck:1474910,YGOPRODeck API — verify ygoprodeck.com/api-guide terms before redistribution,2026-09-13,Bee List Soldier
14761450.jpg,tcg_identifier,train,yugioh,yugioh,ygoprodeck:14761450,YGOPRODeck API — verify ygoprodeck.com/api-guide terms before redistribution,2026-09-13,Penguin Squire
15415552.jpg,tcg_identifier,train,yugioh,yugioh,ygoprodeck:15415552,YGOPRODeck API — verify ygoprodeck.com/api-guide terms before redistribution,2026-09-13,Mortilux Heruvur
15725501.jpg,tcg_identifier,train,yugioh,yugioh,ygoprodeck:15725501,YGOPRODeck API — verify ygoprodeck.com/api-guide terms before redistribution,2026-09-13,"Makourai, the Lightning Strike"
15914410.jpg,tcg_identifier,train,yugioh,yugioh,ygoprodeck:15914410,YGOPRODeck API — verify ygoprodeck.com/api-guide terms before redistribution,2026-09-13,Mechquipped Angineer
16020923.jpg,tcg_identifier,train,yugioh,yugioh,ygoprodeck:16020923,YGOPRODeck API — verify ygoprodeck.com/api-guide terms before redistribution,2026-09-13,Pikari @Ignister
16719140.jpg,tcg_identifier,train,yugioh,yugioh,ygoprodeck:16719140,YGOPRODeck API — verify ygoprodeck.com/api-guide terms before redistribution,2026-09-13,Subterror Nemesis Warrior
17214465.jpg,tcg_identifier,train,yugioh,yugioh,ygoprodeck:17214465,YGOPRODeck API — verify ygoprodeck.com/api-guide terms before redistribution,2026-09-13,Maiden of the Aqua
17377751.jpg,tcg_identifier,train,yugioh,yugioh,ygoprodeck:17377751,YGOPRODeck API — verify ygoprodeck.com/api-guide terms before redistribution,2026-09-13,Blackwing - Gram the Shining Star
18175965.jpg,tcg_identifier,train,yugioh,yugioh,ygoprodeck:18175965,YGOPRODeck API — verify ygoprodeck.com/api-guide terms before redistribution,2026-09-13,Guardian Dreadscythe
18235309.jpg,tcg_identifier,train,yugioh,yugioh,ygoprodeck:18235309,YGOPRODeck API — verify ygoprodeck.com/api-guide terms before redistribution,2026-09-13,Escalation of the Monarchs
18548966.jpg,tcg_identifier,train,yugioh,yugioh,ygoprodeck:18548966,YGOPRODeck API — verify ygoprodeck.com/api-guide terms before redistribution,2026-09-13,Heroic Challenger - Morning Star
18590133.jpg,tcg_identifier,train,yugioh,yugioh,ygoprodeck:18590133,YGOPRODeck API — verify ygoprodeck.com/api-guide terms before redistribution,2026-09-13,Goblin King
19066538.jpg,tcg_identifier,train,yugioh,yugioh,ygoprodeck:19066538,YGOPRODeck API — verify ygoprodeck.com/api-guide terms before redistribution,2026-09-13,Roaring Ocean Snake
21620076.jpg,tcg_identifier,train,yugioh,yugioh,ygoprodeck:21620076,YGOPRODeck API — verify ygoprodeck.com/api-guide terms before redistribution,2026-09-13,Pain Painter
21639276.jpg,tcg_identifier,train,yugioh,yugioh,ygoprodeck:21639276,YGOPRODeck API — verify ygoprodeck.com/api-guide terms before redistribution,2026-09-13,Kashtira Preparations
22377815.jpg,tcg_identifier,train,yugioh,yugioh,ygoprodeck:22377815,YGOPRODeck API — verify ygoprodeck.com/api-guide terms before redistribution,2026-09-10,Aquarian Alessa
22723778.jpg,tcg_identifier,train,yugioh,yugioh,ygoprodeck:22723778,YGOPRODeck API — verify ygoprodeck.com/api-guide terms before redistribution,2026-09-10,"Clorless, Chaos King of Dark World"
22802010.jpg,tcg_identifier,train,yugioh,yugioh,ygoprodeck:22802010,YGOPRODeck API — verify ygoprodeck.com/api-guide terms before redistribution,2026-09-13,Blind Obliteration
22842126.jpg,tcg_identifier,train,yugioh,yugioh,ygoprodeck:22842126,YGOPRODeck API — verify ygoprodeck.com/api-guide terms before redistribution,2026-09-13,Pantheism of the Monarchs
23459650.jpg,tcg_identifier,train,yugioh,yugioh,ygoprodeck:23459650,YGOPRODeck API — verify ygoprodeck.com/api-guide terms before redistribution,2026-09-13,Rebirth of Nephthys
23635815.jpg,tcg_identifier,train,yugioh,yugioh,ygoprodeck:23635815,YGOPRODeck API — verify ygoprodeck.com/api-guide terms before redistribution,2026-09-13,Jerry Beans Man
23756165.jpg,tcg_identifier,train,yugioh,yugioh,ygoprodeck:23756165,YGOPRODeck API — verify ygoprodeck.com/api-guide terms before redistribution,2026-09-10,Allure Queen LV5
24027078.jpg,tcg_identifier,train,yugioh,yugioh,ygoprodeck:24027078,YGOPRODeck API — verify ygoprodeck.com/api-guide terms before redistribution,2026-09-13,"Morgan, the Enchantress of Avalon"
24348804.jpg,tcg_identifier,train,yugioh,yugioh,ygoprodeck:24348804,YGOPRODeck API — verify ygoprodeck.com/api-guide terms before redistribution,2026-09-13,Lose 1 Turn
24550676.jpg,tcg_identifier,train,yugioh,yugioh,ygoprodeck:24550676,YGOPRODeck API — verify ygoprodeck.com/api-guide terms before redistribution,2026-09-10,Lunalight Leo Dancer
24689197.jpg,tcg_identifier,train,yugioh,yugioh,ygoprodeck:24689197,YGOPRODeck API — verify ygoprodeck.com/api-guide terms before redistribution,2026-09-10,Aromalilith Rosalina
24919805.jpg,tcg_identifier,train,yugioh,yugioh,ygoprodeck:24919805,YGOPRODeck API — verify ygoprodeck.com/api-guide terms before redistribution,2026-09-13,Ruffian Railcar
2504891.jpg,tcg_identifier,train,yugioh,yugioh,ygoprodeck:2504891,YGOPRODeck API — verify ygoprodeck.com/api-guide terms before redistribution,2026-09-13,Skull Knight
25551951.jpg,tcg_identifier,train,yugioh,yugioh,ygoprodeck:25551951,YGOPRODeck API — verify ygoprodeck.com/api-guide terms before redistribution,2026-09-13,Blowback Dragon
26082117.jpg,tcg_identifier,train,yugioh,yugioh,ygoprodeck:26082117,YGOPRODeck API — verify ygoprodeck.com/api-guide terms before redistribution,2026-09-13,Gagaga Magician
26434972.jpg,tcg_identifier,train,yugioh,yugioh,ygoprodeck:26434972,YGOPRODeck API — verify ygoprodeck.com/api-guide terms before redistribution,2026-09-13,Fiendsmith Kyrie
26993374.jpg,tcg_identifier,train,yugioh,yugioh,ygoprodeck:26993374,YGOPRODeck API — verify ygoprodeck.com/api-guide terms before redistribution,2026-09-13,X-Saber Uruz
27918365.jpg,tcg_identifier,train,yugioh,yugioh,ygoprodeck:27918365,YGOPRODeck API — verify ygoprodeck.com/api-guide terms before redistribution,2026-09-13,"World Legacy - ""World Crown"""
28306253.jpg,tcg_identifier,train,yugioh,yugioh,ygoprodeck:28306253,YGOPRODeck API — verify ygoprodeck.com/api-guide terms before redistribution,2026-09-10,Angry Burger
28403802.jpg,tcg_identifier,train,yugioh,yugioh,ygoprodeck:28403802,YGOPRODeck API — verify ygoprodeck.com/api-guide terms before redistribution,2026-09-13,P.U.N.K. JAM Dragon Drive
28642461.jpg,tcg_identifier,train,yugioh,yugioh,ygoprodeck:28642461,YGOPRODeck API — verify ygoprodeck.com/api-guide terms before redistribution,2026-09-13,K9-66a Jokul
28651380.jpg,tcg_identifier,train,yugioh,yugioh,ygoprodeck:28651380,YGOPRODeck API — verify ygoprodeck.com/api-guide terms before redistribution,2026-09-13,"Raviel, Lord of Phantasms - Shimmering Scraper"
28692962.jpg,tcg_identifier,train,yugioh,yugioh,ygoprodeck:28692962,YGOPRODeck API — verify ygoprodeck.com/api-guide terms before redistribution,2026-09-13,Mekk-Knight Purple Nightfall
28957126.jpg,tcg_identifier,train,yugioh,yugioh,ygoprodeck:28957126,YGOPRODeck API — verify ygoprodeck.com/api-guide terms before redistribution,2026-09-13,Evil Eye of Gorgoneio
2896663.jpg,tcg_identifier,train,yugioh,yugioh,ygoprodeck:2896663,YGOPRODeck API — verify ygoprodeck.com/api-guide terms before redistribution,2026-09-10,ZW - Dragonic Halberd
29570824.jpg,tcg_identifier,train,yugioh,yugioh,ygoprodeck:29570824,YGOPRODeck API — verify ygoprodeck.com/api-guide terms before redistribution,2026-09-10,"Ekto Enneacraft - ""tromarIA"""
300302022.jpg,tcg_identifier,train,yugioh,yugioh,ygoprodeck:300302022,YGOPRODeck API — verify ygoprodeck.com/api-guide terms before redistribution,2026-09-10,Ancient Fusion
30118701.jpg,tcg_identifier,train,yugioh,yugioh,ygoprodeck:30118701,YGOPRODeck API — verify ygoprodeck.com/api-guide terms before redistribution,2026-09-13,Todoroki the Earthbolt Star
31557782.jpg,tcg_identifier,train,yugioh,yugioh,ygoprodeck:31557782,YGOPRODeck API — verify ygoprodeck.com/api-guide terms before redistribution,2026-09-10,Ancient Gear
31890399.jpg,tcg_identifier,train,yugioh,yugioh,ygoprodeck:31890399,YGOPRODeck API — verify ygoprodeck.com/api-guide terms before redistribution,2026-09-13,Fiend's Mirror
32787239.jpg,tcg_identifier,train,yugioh,yugioh,ygoprodeck:32787239,YGOPRODeck API — verify ygoprodeck.com/api-guide terms before redistribution,2026-09-13,Performapal Trumpanda
33008376.jpg,tcg_identifier,train,yugioh,yugioh,ygoprodeck:33008376,YGOPRODeck API — verify ygoprodeck.com/api-guide terms before redistribution,2026-09-13,Materiactor Gigadra
33015627.jpg,tcg_identifier,train,yugioh,yugioh,ygoprodeck:33015627,YGOPRODeck API — verify ygoprodeck.com/api-guide terms before redistribution,2026-09-13,"Sandaion, the Timelord"
33055499.jpg,tcg_identifier,train,yugioh,yugioh,ygoprodeck:33055499,YGOPRODeck API — verify ygoprodeck.com/api-guide terms before redistribution,2026-09-13,Prey of the Jirai Gumo
33112041.jpg,tcg_identifier,train,yugioh,yugioh,ygoprodeck:33112041,YGOPRODeck API — verify ygoprodeck.com/api-guide terms before redistribution,2026-09-13,Volcanic Rat
33158448.jpg,tcg_identifier,train,yugioh,yugioh,ygoprodeck:33158448,YGOPRODeck API — verify ygoprodeck.com/api-guide terms before redistribution,2026-09-13,F.A. Dawn Dragster
33184236.jpg,tcg_identifier,train,yugioh,yugioh,ygoprodeck:33184236,YGOPRODeck API — verify ygoprodeck.com/api-guide terms before redistribution,2026-09-13,Karakuri Trick House
33327029.jpg,tcg_identifier,train,yugioh,yugioh,ygoprodeck:33327029,YGOPRODeck API — verify ygoprodeck.com/api-guide terms before redistribution,2026-09-13,Metalfoes Counter
33541430.jpg,tcg_identifier,train,yugioh,yugioh,ygoprodeck:33541430,YGOPRODeck API — verify ygoprodeck.com/api-guide terms before redistribution,2026-09-10,Flower Cardian Moonflowerviewing
33760966.jpg,tcg_identifier,train,yugioh,yugioh,ygoprodeck:33760966,YGOPRODeck API — verify ygoprodeck.com/api-guide terms before redistribution,2026-09-13,Dracotail Arthalion
34149150.jpg,tcg_identifier,train,yugioh,yugioh,ygoprodeck:34149150,YGOPRODeck API — verify ygoprodeck.com/api-guide terms before redistribution,2026-09-13,Horned Brute Carnovorus
34492631.jpg,tcg_identifier,train,yugioh,yugioh,ygoprodeck:34492631,YGOPRODeck API — verify ygoprodeck.com/api-guide terms before redistribution,2026-09-13,Junk Giant
34884015.jpg,tcg_identifier,train,yugioh,yugioh,ygoprodeck:34884015,YGOPRODeck API — verify ygoprodeck.com/api-guide terms before redistribution,2026-09-13,Soul Pendulum
35261759.jpg,tcg_identifier,train,yugioh,yugioh,ygoprodeck:35261759,YGOPRODeck API — verify ygoprodeck.com/api-guide terms before redistribution,2026-09-13,Pot of Desires
35884610.jpg,tcg_identifier,train,yugioh,yugioh,ygoprodeck:35884610,YGOPRODeck API — verify ygoprodeck.com/api-guide terms before redistribution,2026-09-13,U.A. Powered Jersey
3594985.jpg,tcg_identifier,train,yugioh,yugioh,ygoprodeck:3594985,YGOPRODeck API — verify ygoprodeck.com/api-guide terms before redistribution,2026-09-13,Majespecter Draco - Ryu
36092504.jpg,tcg_identifier,train,yugioh,yugioh,ygoprodeck:36092504,YGOPRODeck API — verify ygoprodeck.com/api-guide terms before redistribution,2026-09-13,Bayonet Punisher
36262024.jpg,tcg_identifier,train,yugioh,yugioh,ygoprodeck:36262024,YGOPRODeck API — verify ygoprodeck.com/api-guide terms before redistribution,2026-09-13,Black Dragon's Chick
3792766.jpg,tcg_identifier,train,yugioh,yugioh,ygoprodeck:3792766,YGOPRODeck API — verify ygoprodeck.com/api-guide terms before redistribution,2026-09-13,Trickstar Delfiendium
38299233.jpg,tcg_identifier,train,yugioh,yugioh,ygoprodeck:38299233,YGOPRODeck API — verify ygoprodeck.com/api-guide terms before redistribution,2026-09-13,Needle Wall
38552107.jpg,tcg_identifier,train,yugioh,yugioh,ygoprodeck:38552107,YGOPRODeck API — verify ygoprodeck.com/api-guide terms before redistribution,2026-09-13,Horn of Light
39004808.jpg,tcg_identifier,train,yugioh,yugioh,ygoprodeck:39004808,YGOPRODeck API — verify ygoprodeck.com/api-guide terms before redistribution,2026-09-13,Root Water
39890958.jpg,tcg_identifier,train,yugioh,yugioh,ygoprodeck:39890958,YGOPRODeck API — verify ygoprodeck.com/api-guide terms before redistribution,2026-09-13,Heavy Mech Support Armor
40028305.jpg,tcg_identifier,train,yugioh,yugioh,ygoprodeck:40028305,YGOPRODeck API — verify ygoprodeck.com/api-guide terms before redistribution,2026-09-13,Superheavy Samurai Soulclaw
40240595.jpg,tcg_identifier,train,yugioh,yugioh,ygoprodeck:40240595,YGOPRODeck API — verify ygoprodeck.com/api-guide terms before redistribution,2026-09-10,Cocoon of Evolution
40465719.jpg,tcg_identifier,train,yugioh,yugioh,ygoprodeck:40465719,YGOPRODeck API — verify ygoprodeck.com/api-guide terms before redistribution,2026-09-13,Common Charity
40619741.jpg,tcg_identifier,train,yugioh,yugioh,ygoprodeck:40619741,YGOPRODeck API — verify ygoprodeck.com/api-guide terms before redistribution,2026-09-13,Vylon Soldier
410904.jpg,tcg_identifier,train,yugioh,yugioh,ygoprodeck:410904,YGOPRODeck API — verify ygoprodeck.com/api-guide terms before redistribution,2026-09-10,Awakening of the Possessed - Rasenryu
41181774.jpg,tcg_identifier,train,yugioh,yugioh,ygoprodeck:41181774,YGOPRODeck API — verify ygoprodeck.com/api-guide terms before redistribution,2026-09-13,Earthbound Immortal Wiraqocha Rasca
41855169.jpg,tcg_identifier,train,yugioh,yugioh,ygoprodeck:41855169,YGOPRODeck API — verify ygoprodeck.com/api-guide terms before redistribution,2026-09-13,Jowgen the Spiritualist
423585.jpg,tcg_identifier,train,yugioh,yugioh,ygoprodeck:423585,YGOPRODeck API — verify ygoprodeck.com/api-guide terms before redistribution,2026-09-13,Summoner Monk
42759961.jpg,tcg_identifier,train,yugioh,yugioh,ygoprodeck:42759961,YGOPRODeck API — verify ygoprodeck.com/api-guide terms before redistribution,2026-09-10,Clown Crew Flair
43387895.jpg,tcg_identifier,train,yugioh,yugioh,ygoprodeck:43387895,YGOPRODeck API — verify ygoprodeck.com/api-guide terms before redistribution,2026-09-13,Supreme King Dragon Starving Venom
43452193.jpg,tcg_identifier,train,yugioh,yugioh,ygoprodeck:43452193,YGOPRODeck API — verify ygoprodeck.com/api-guide terms before redistribution,2026-09-13,Mirror Gate
43490025.jpg,tcg_identifier,train,yugioh,yugioh,ygoprodeck:43490025,YGOPRODeck API — verify ygoprodeck.com/api-guide terms before redistribution,2026-09-13,Number F0: Utopic Future Slash
43785278.jpg,tcg_identifier,train,yugioh,yugioh,ygoprodeck:43785278,YGOPRODeck API — verify ygoprodeck.com/api-guide terms before redistribution,2026-09-10,Foucault's Cannon
44509529.jpg,tcg_identifier,train,yugioh,yugioh,ygoprodeck:44509529,YGOPRODeck API — verify ygoprodeck.com/api-guide terms before redistribution,2026-09-13,Prank-Kids Weather Washer
44649322.jpg,tcg_identifier,train,yugioh,yugioh,ygoprodeck:44649322,YGOPRODeck API — verify ygoprodeck.com/api-guide terms before redistribution,2026-09-13,The Great Mikanko Ceremony
45547649.jpg,tcg_identifier,train,yugioh,yugioh,ygoprodeck:45547649,YGOPRODeck API — verify ygoprodeck.com/api-guide terms before redistribution,2026-09-13,Birdface
46128076.jpg,tcg_identifier,train,yugioh,yugioh,ygoprodeck:46128076,YGOPRODeck API — verify ygoprodeck.com/api-guide terms before redistribution,2026-09-13,Ebon Magician Curran
47606319.jpg,tcg_identifier,train,yugioh,yugioh,ygoprodeck:47606319,YGOPRODeck API — verify ygoprodeck.com/api-guide terms before redistribution,2026-09-13,Gigantes
4786063.jpg,tcg_identifier,train,yugioh,yugioh,ygoprodeck:4786063,YGOPRODeck API — verify ygoprodeck.com/api-guide terms before redistribution,2026-09-13,Superheavy Samurai Soulfire Suit
47942531.jpg,tcg_identifier,train,yugioh,yugioh,ygoprodeck:47942531,YGOPRODeck API — verify ygoprodeck.com/api-guide terms before redistribution,2026-09-13,Great Maju Garzett
48422921.jpg,tcg_identifier,train,yugioh,yugioh,ygoprodeck:48422921,YGOPRODeck API — verify ygoprodeck.com/api-guide terms before redistribution,2026-09-13,Super Rush Headlong
49936169.jpg,tcg_identifier,train,yugioh,yugioh,ygoprodeck:49936169,YGOPRODeck API — verify ygoprodeck.com/api-guide terms before redistribution,2026-09-13,U.A. Locker Room
5052212.jpg,tcg_identifier,train,yugioh,yugioh,ygoprodeck:5052212,YGOPRODeck API — verify ygoprodeck.com/api-guide terms before redistribution,2026-09-10,Battle Tuned
50847759.jpg,tcg_identifier,train,yugioh,yugioh,ygoprodeck:50847759,YGOPRODeck API — verify ygoprodeck.com/api-guide terms before redistribution,2026-09-13,Last Hope of Nephthys
51697825.jpg,tcg_identifier,train,yugioh,yugioh,ygoprodeck:51697825,YGOPRODeck API — verify ygoprodeck.com/api-guide terms before redistribution,2026-09-13,Jack-In-The-Hand
51831560.jpg,tcg_identifier,train,yugioh,yugioh,ygoprodeck:51831560,YGOPRODeck API — verify ygoprodeck.com/api-guide terms before redistribution,2026-09-13,Gem-Knight Nepyrim
52098461.jpg,tcg_identifier,train,yugioh,yugioh,ygoprodeck:52098461,YGOPRODeck API — verify ygoprodeck.com/api-guide terms before redistribution,2026-09-13,Wrath of Neos
52222372.jpg,tcg_identifier,train,yugioh,yugioh,ygoprodeck:52222372,YGOPRODeck API — verify ygoprodeck.com/api-guide terms before redistribution,2026-09-10,Genex Turbine
52607696.jpg,tcg_identifier,train,yugioh,yugioh,ygoprodeck:52607696,YGOPRODeck API — verify ygoprodeck.com/api-guide terms before redistribution,2026-09-13,Mirage Mirror Force
54283059.jpg,tcg_identifier,train,yugioh,yugioh,ygoprodeck:54283059,YGOPRODeck API — verify ygoprodeck.com/api-guide terms before redistribution,2026-09-13,Parallel World Fusion
54772065.jpg,tcg_identifier,train,yugioh,yugioh,ygoprodeck:54772065,YGOPRODeck API — verify ygoprodeck.com/api-guide terms before redistribution,2026-09-10,Battlewasp - Twinbow the Attacker
55151012.jpg,tcg_identifier,train,yugioh,yugioh,ygoprodeck:55151012,YGOPRODeck API — verify ygoprodeck.com/api-guide terms before redistribution,2026-09-13,Icejade Tremora
55591586.jpg,tcg_identifier,train,yugioh,yugioh,ygoprodeck:55591586,YGOPRODeck API — verify ygoprodeck.com/api-guide terms before redistribution,2026-09-13,Thunder Dragonduo
56495147.jpg,tcg_identifier,train,yugioh,yugioh,ygoprodeck:56495147,YGOPRODeck API — verify ygoprodeck.com/api-guide terms before redistribution,2026-09-13,Swordsoul of Taia
56681873.jpg,tcg_identifier,train,yugioh,yugioh,ygoprodeck:56681873,YGOPRODeck API — verify ygoprodeck.com/api-guide terms before redistribution,2026-09-13,"Terratiger, the Empowered Warrior"
57294268.jpg,tcg_identifier,train,yugioh,yugioh,ygoprodeck:57294268,YGOPRODeck API — verify ygoprodeck.com/api-guide terms before redistribution,2026-09-10,Aleister the Reminiscent
5833312.jpg,tcg_identifier,train,yugioh,yugioh,ygoprodeck:5833312,YGOPRODeck API — verify ygoprodeck.com/api-guide terms before redistribution,2026-09-13,Duel Academy
58383100.jpg,tcg_identifier,train,yugioh,yugioh,ygoprodeck:58383100,YGOPRODeck API — verify ygoprodeck.com/api-guide terms before redistribution,2026-09-10,Cipher Mirror Knight
58518520.jpg,tcg_identifier,train,yugioh,yugioh,ygoprodeck:58518520,YGOPRODeck API — verify ygoprodeck.com/api-guide terms before redistribution,2026-09-13,Clear Effector
5852388.jpg,tcg_identifier,train,yugioh,yugioh,ygoprodeck:5852388,YGOPRODeck API — verify ygoprodeck.com/api-guide terms before redistribution,2026-09-13,Xeno Meteorus
58589739.jpg,tcg_identifier,train,yugioh,yugioh,ygoprodeck:58589739,YGOPRODeck API — verify ygoprodeck.com/api-guide terms before redistribution,2026-09-13,S-Force Professor DiGamma
59784896.jpg,tcg_identifier,train,yugioh,yugioh,ygoprodeck:59784896,YGOPRODeck API — verify ygoprodeck.com/api-guide terms before redistribution,2026-09-13,Dark Zebra
5997110.jpg,tcg_identifier,train,yugioh,yugioh,ygoprodeck:5997110,YGOPRODeck API — verify ygoprodeck.com/api-guide terms before redistribution,2026-09-10,D/D Count Surveyor
60229110.jpg,tcg_identifier,train,yugioh,yugioh,ygoprodeck:60229110,YGOPRODeck API — verify ygoprodeck.com/api-guide terms before redistribution,2026-09-13,Granmarg the Rock Monarch
60410769.jpg,tcg_identifier,train,yugioh,yugioh,ygoprodeck:60410769,YGOPRODeck API — verify ygoprodeck.com/api-guide terms before redistribution,2026-09-10,Jutte Fighter
60433216.jpg,tcg_identifier,train,yugioh,yugioh,ygoprodeck:60433216,YGOPRODeck API — verify ygoprodeck.com/api-guide terms before redistribution,2026-09-13,King Scarlet
60802233.jpg,tcg_identifier,train,yugioh,yugioh,ygoprodeck:60802233,YGOPRODeck API — verify ygoprodeck.com/api-guide terms before redistribution,2026-09-13,Kuwagata α
6103294.jpg,tcg_identifier,train,yugioh,yugioh,ygoprodeck:6103294,YGOPRODeck API — verify ygoprodeck.com/api-guide terms before redistribution,2026-09-13,Emissary of the Oasis
61773610.jpg,tcg_identifier,train,yugioh,yugioh,ygoprodeck:61773610,YGOPRODeck API — verify ygoprodeck.com/api-guide terms before redistribution,2026-09-13,Guardian of the Voiceless Voice
61948106.jpg,tcg_identifier,train,yugioh,yugioh,ygoprodeck:61948106,YGOPRODeck API — verify ygoprodeck.com/api-guide terms before redistribution,2026-09-10,Gottoms' Second Call
62034800.jpg,tcg_identifier,train,yugioh,yugioh,ygoprodeck:62034800,YGOPRODeck API — verify ygoprodeck.com/api-guide terms before redistribution,2026-09-13,Infinitrack Anchor Drill
62125438.jpg,tcg_identifier,train,yugioh,yugioh,ygoprodeck:62125438,YGOPRODeck API — verify ygoprodeck.com/api-guide terms before redistribution,2026-09-13,Synchron Carrier
6214884.jpg,tcg_identifier,train,yugioh,yugioh,ygoprodeck:6214884,YGOPRODeck API — verify ygoprodeck.com/api-guide terms before redistribution,2026-09-13,"Brron, Mad King of Dark World"
62587693.jpg,tcg_identifier,train,yugioh,yugioh,ygoprodeck:62587693,YGOPRODeck API — verify ygoprodeck.com/api-guide terms before redistribution,2026-09-13,Deus X-Krawler
62835876.jpg,tcg_identifier,train,yugioh,yugioh,ygoprodeck:62835876,YGOPRODeck API — verify ygoprodeck.com/api-guide terms before redistribution,2026-09-13,Good & Evil in the Burning Abyss
63227401.jpg,tcg_identifier,train,yugioh,yugioh,ygoprodeck:63227401,YGOPRODeck API — verify ygoprodeck.com/api-guide terms before redistribution,2026-09-13,Skill Prisoner
6343408.jpg,tcg_identifier,train,yugioh,yugioh,ygoprodeck:6343408,YGOPRODeck API — verify ygoprodeck.com/api-guide terms before redistribution,2026-09-13,Miracle Dig
63465535.jpg,tcg_identifier,train,yugioh,yugioh,ygoprodeck:63465535,YGOPRODeck API — verify ygoprodeck.com/api-guide terms before redistribution,2026-09-13,Underground Arachnid
63804637.jpg,tcg_identifier,train,yugioh,yugioh,ygoprodeck:63804637,YGOPRODeck API — verify ygoprodeck.com/api-guide terms before redistribution,2026-09-13,Melodious Illusion
63875853.jpg,tcg_identifier,train,yugioh,yugioh,ygoprodeck:63875853,YGOPRODeck API — verify ygoprodeck.com/api-guide terms before redistribution,2026-09-13,Trading Places
64014615.jpg,tcg_identifier,train,yugioh,yugioh,ygoprodeck:64014615,YGOPRODeck API — verify ygoprodeck.com/api-guide terms before redistribution,2026-09-13,Pot of Acquisitiveness
64271667.jpg,tcg_identifier,train,yugioh,yugioh,ygoprodeck:64271667,YGOPRODeck API — verify ygoprodeck.com/api-guide terms before redistribution,2026-09-13,Meteor Dragon
64603182.jpg,tcg_identifier,train,yugioh,yugioh,ygoprodeck:64603182,YGOPRODeck API — verify ygoprodeck.com/api-guide terms before redistribution,2026-09-13,Ancient Gear Dark Golem
64655485.jpg,tcg_identifier,train,yugioh,yugioh,ygoprodeck:64655485,YGOPRODeck API — verify ygoprodeck.com/api-guide terms before redistribution,2026-09-13,Elemental HERO Brave Neos
64689404.jpg,tcg_identifier,train,yugioh,yugioh,ygoprodeck:64689404,YGOPRODeck API — verify ygoprodeck.com/api-guide terms before redistribution,2026-09-13,Sword Breaker
64952266.jpg,tcg_identifier,train,yugioh,yugioh,ygoprodeck:64952266,YGOPRODeck API — verify ygoprodeck.com/api-guide terms before redistribution,2026-09-13,Against the Wind
65496951.jpg,tcg_identifier,train,yugioh,yugioh,ygoprodeck:65496951,YGOPRODeck API — verify ygoprodeck.com/api-guide terms before redistribution,2026-09-13,Vaalmonica Disarmonia
6631034.jpg,tcg_identifier,train,yugioh,yugioh,ygoprodeck:6631034,YGOPRODeck API — verify ygoprodeck.com/api-guide terms before redistribution,2026-09-13,Frostosaurus
66425726.jpg,tcg_identifier,train,yugioh,yugioh,ygoprodeck:66425726,YGOPRODeck API — verify ygoprodeck.com/api-guide terms before redistribution,2026-09-13,Odd-Eyes Pendulumgraph Dragon
66675911.jpg,tcg_identifier,train,yugioh,yugioh,ygoprodeck:66675911,YGOPRODeck API — verify ygoprodeck.com/api-guide terms before redistribution,2026-09-13,Nehshaddoll Genius
66927994.jpg,tcg_identifier,train,yugioh,yugioh,ygoprodeck:66927994,YGOPRODeck API — verify ygoprodeck.com/api-guide terms before redistribution,2026-09-13,Oni Tank T-34
66970385.jpg,tcg_identifier,train,yugioh,yugioh,ygoprodeck:66970385,YGOPRODeck API — verify ygoprodeck.com/api-guide terms before redistribution,2026-09-13,Last Chapter of the Noble Knights
67136033.jpg,tcg_identifier,train,yugioh,yugioh,ygoprodeck:67136033,YGOPRODeck API — verify ygoprodeck.com/api-guide terms before redistribution,2026-09-13,Coach Captain Bearman
67282505.jpg,tcg_identifier,train,yugioh,yugioh,ygoprodeck:67282505,YGOPRODeck API — verify ygoprodeck.com/api-guide terms before redistribution,2026-09-13,Mitsu the Insect Ninja
67489919.jpg,tcg_identifier,train,yugioh,yugioh,ygoprodeck:67489919,YGOPRODeck API — verify ygoprodeck.com/api-guide terms before redistribution,2026-09-13,Mecha Phantom Beast Blue Impala
67797569.jpg,tcg_identifier,train,yugioh,yugioh,ygoprodeck:67797569,YGOPRODeck API — verify ygoprodeck.com/api-guide terms before redistribution,2026-09-13,Lavalval Salamander
67820935.jpg,tcg_identifier,train,yugioh,yugioh,ygoprodeck:67820935,YGOPRODeck API — verify ygoprodeck.com/api-guide terms before redistribution,2026-09-13,Massivemorph
67987302.jpg,tcg_identifier,train,yugioh,yugioh,ygoprodeck:67987302,YGOPRODeck API — verify ygoprodeck.com/api-guide terms before redistribution,2026-09-13,Earthbound Linewalker
68007326.jpg,tcg_identifier,train,yugioh,yugioh,ygoprodeck:68007326,YGOPRODeck API — verify ygoprodeck.com/api-guide terms before redistribution,2026-09-13,Guardian Angel Joan
68084557.jpg,tcg_identifier,train,yugioh,yugioh,ygoprodeck:68084557,YGOPRODeck API — verify ygoprodeck.com/api-guide terms before redistribution,2026-09-13,Power Tool Mecha Dragon
68231287.jpg,tcg_identifier,train,yugioh,yugioh,ygoprodeck:68231287,YGOPRODeck API — verify ygoprodeck.com/api-guide terms before redistribution,2026-09-13,Jupiter the Power Patron of Destruction
68304193.jpg,tcg_identifier,train,yugioh,yugioh,ygoprodeck:68304193,YGOPRODeck API — verify ygoprodeck.com/api-guide terms before redistribution,2026-09-13,Kashtira Unicorn
69042950.jpg,tcg_identifier,train,yugioh,yugioh,ygoprodeck:69042950,YGOPRODeck API — verify ygoprodeck.com/api-guide terms before redistribution,2026-09-13,Crashbug Road
69120785.jpg,tcg_identifier,train,yugioh,yugioh,ygoprodeck:69120785,YGOPRODeck API — verify ygoprodeck.com/api-guide terms before redistribution,2026-09-13,The Bystial Alba Los
69162969.jpg,tcg_identifier,train,yugioh,yugioh,ygoprodeck:69162969,YGOPRODeck API — verify ygoprodeck.com/api-guide terms before redistribution,2026-09-13,Lightning Vortex
70405001.jpg,tcg_identifier,train,yugioh,yugioh,ygoprodeck:70405001,YGOPRODeck API — verify ygoprodeck.com/api-guide terms before redistribution,2026-09-13,Black Luster Soldier - Soldier of Light and Darkness
70423794.jpg,tcg_identifier,train,yugioh,yugioh,ygoprodeck:70423794,YGOPRODeck API — verify ygoprodeck.com/api-guide terms before redistribution,2026-09-13,Morphtronic Cord
71453557.jpg,tcg_identifier,train,yugioh,yugioh,ygoprodeck:71453557,YGOPRODeck API — verify ygoprodeck.com/api-guide terms before redistribution,2026-09-13,Autonomous Action Unit
7320132.jpg,tcg_identifier,train,yugioh,yugioh,ygoprodeck:7320132,YGOPRODeck API — verify ygoprodeck.com/api-guide terms before redistribution,2026-09-13,Nordic Relic Hlidskjalf
73551138.jpg,tcg_identifier,train,yugioh,yugioh,ygoprodeck:73551138,YGOPRODeck API — verify ygoprodeck.com/api-guide terms before redistribution,2026-09-13,Gishki Emilia
73639099.jpg,tcg_identifier,train,yugioh,yugioh,ygoprodeck:73639099,YGOPRODeck API — verify ygoprodeck.com/api-guide terms before redistribution,2026-09-13,Traptrix Sera
73640163.jpg,tcg_identifier,train,yugioh,yugioh,ygoprodeck:73640163,YGOPRODeck API — verify ygoprodeck.com/api-guide terms before redistribution,2026-09-13,Penguin Cleric
7409792.jpg,tcg_identifier,train,yugioh,yugioh,ygoprodeck:7409792,YGOPRODeck API — verify ygoprodeck.com/api-guide terms before redistribution,2026-09-13,Dynatherium
74506079.jpg,tcg_identifier,train,yugioh,yugioh,ygoprodeck:74506079,YGOPRODeck API — verify ygoprodeck.com/api-guide terms before redistribution,2026-09-13,Worm Zero
74586817.jpg,tcg_identifier,train,yugioh,yugioh,ygoprodeck:74586817,YGOPRODeck API — verify ygoprodeck.com/api-guide terms before redistribution,2026-09-13,PSY-Framelord Omega
74941992.jpg,tcg_identifier,train,yugioh,yugioh,ygoprodeck:74941992,YGOPRODeck API — verify ygoprodeck.com/api-guide terms before redistribution,2026-09-13,Moon Magician
75376965.jpg,tcg_identifier,train,yugioh,yugioh,ygoprodeck:75376965,YGOPRODeck API — verify ygoprodeck.com/api-guide terms before redistribution,2026-09-13,Enchanting Mermaid
75922381.jpg,tcg_identifier,train,yugioh,yugioh,ygoprodeck:75922381,YGOPRODeck API — verify ygoprodeck.com/api-guide terms before redistribution,2026-09-13,Spright Red
76815942.jpg,tcg_identifier,train,yugioh,yugioh,ygoprodeck:76815942,YGOPRODeck API — verify ygoprodeck.com/api-guide terms before redistribution,2026-09-13,Lyrilusc - Independent Nightingale
76922029.jpg,tcg_identifier,train,yugioh,yugioh,ygoprodeck:76922029,YGOPRODeck API — verify ygoprodeck.com/api-guide terms before redistribution,2026-09-13,Don Zaloog
76978105.jpg,tcg_identifier,train,yugioh,yugioh,ygoprodeck:76978105,YGOPRODeck API — verify ygoprodeck.com/api-guide terms before redistribution,2026-09-13,Evil HERO Infernal Rider
78447174.jpg,tcg_identifier,train,yugioh,yugioh,ygoprodeck:78447174,YGOPRODeck API — verify ygoprodeck.com/api-guide terms before redistribution,2026-09-13,Appliancer Socketroll
78888899.jpg,tcg_identifier,train,yugioh,yugioh,ygoprodeck:78888899,YGOPRODeck API — verify ygoprodeck.com/api-guide terms before redistribution,2026-09-13,Centur-Ion Emeth VI
79441381.jpg,tcg_identifier,train,yugioh,yugioh,ygoprodeck:79441381,YGOPRODeck API — verify ygoprodeck.com/api-guide terms before redistribution,2026-09-13,Twilight Ninja Jogen
79509511.jpg,tcg_identifier,train,yugioh,yugioh,ygoprodeck:79509511,YGOPRODeck API — verify ygoprodeck.com/api-guide terms before redistribution,2026-09-13,Galaxy Journey
79531196.jpg,tcg_identifier,train,yugioh,yugioh,ygoprodeck:79531196,YGOPRODeck API — verify ygoprodeck.com/api-guide terms before redistribution,2026-09-13,Crystal Rose
79656239.jpg,tcg_identifier,train,yugioh,yugioh,ygoprodeck:79656239,YGOPRODeck API — verify ygoprodeck.com/api-guide terms before redistribution,2026-09-13,Aromaseraphy Sweet Marjoram
79972330.jpg,tcg_identifier,train,yugioh,yugioh,ygoprodeck:79972330,YGOPRODeck API — verify ygoprodeck.com/api-guide terms before redistribution,2026-09-13,Swallowtail Butterspy
80600490.jpg,tcg_identifier,train,yugioh,yugioh,ygoprodeck:80600490,YGOPRODeck API — verify ygoprodeck.com/api-guide terms before redistribution,2026-09-13,Kageningen
80811661.jpg,tcg_identifier,train,yugioh,yugioh,ygoprodeck:80811661,YGOPRODeck API — verify ygoprodeck.com/api-guide terms before redistribution,2026-09-13,Hamburger Recipe
82044280.jpg,tcg_identifier,train,yugioh,yugioh,ygoprodeck:82044280,YGOPRODeck API — verify ygoprodeck.com/api-guide terms before redistribution,2026-09-13,Clear Wing Synchro Dragon
82105704.jpg,tcg_identifier,train,yugioh,yugioh,ygoprodeck:82105704,YGOPRODeck API — verify ygoprodeck.com/api-guide terms before redistribution,2026-09-13,Purrely Happy Memory
82197831.jpg,tcg_identifier,train,yugioh,yugioh,ygoprodeck:82197831,YGOPRODeck API — verify ygoprodeck.com/api-guide terms before redistribution,2026-09-13,Rampaging Smashtank Rhynosaber
82428674.jpg,tcg_identifier,train,yugioh,yugioh,ygoprodeck:82428674,YGOPRODeck API — verify ygoprodeck.com/api-guide terms before redistribution,2026-09-13,Cybernetic Overflow
82452993.jpg,tcg_identifier,train,yugioh,yugioh,ygoprodeck:82452993,YGOPRODeck API — verify ygoprodeck.com/api-guide terms before redistribution,2026-09-13,Lone Wolf
82878489.jpg,tcg_identifier,train,yugioh,yugioh,ygoprodeck:82878489,YGOPRODeck API — verify ygoprodeck.com/api-guide terms before redistribution,2026-09-13,Shine Palace
83008724.jpg,tcg_identifier,train,yugioh,yugioh,ygoprodeck:83008724,YGOPRODeck API — verify ygoprodeck.com/api-guide terms before redistribution,2026-09-13,Gunkan Suship Catch-of-the-Day
83443619.jpg,tcg_identifier,train,yugioh,yugioh,ygoprodeck:83443619,YGOPRODeck API — verify ygoprodeck.com/api-guide terms before redistribution,2026-09-13,Crystron Smiger
84430165.jpg,tcg_identifier,train,yugioh,yugioh,ygoprodeck:84430165,YGOPRODeck API — verify ygoprodeck.com/api-guide terms before redistribution,2026-09-13,Marincess Current
84521924.jpg,tcg_identifier,train,yugioh,yugioh,ygoprodeck:84521924,YGOPRODeck API — verify ygoprodeck.com/api-guide terms before redistribution,2026-09-13,GranSolfachord Coolia
8495780.jpg,tcg_identifier,train,yugioh,yugioh,ygoprodeck:8495780,YGOPRODeck API — verify ygoprodeck.com/api-guide terms before redistribution,2026-09-13,Deep Sea Artisan
85080444.jpg,tcg_identifier,train,yugioh,yugioh,ygoprodeck:85080444,YGOPRODeck API — verify ygoprodeck.com/api-guide terms before redistribution,2026-09-13,Artifact Aegis
85101228.jpg,tcg_identifier,train,yugioh,yugioh,ygoprodeck:85101228,YGOPRODeck API — verify ygoprodeck.com/api-guide terms before redistribution,2026-09-13,Morphtronic Bind
85121942.jpg,tcg_identifier,train,yugioh,yugioh,ygoprodeck:85121942,YGOPRODeck API — verify ygoprodeck.com/api-guide terms before redistribution,2026-09-13,Number C105: Battlin' Boxer Comet Cestus
85448931.jpg,tcg_identifier,train,yugioh,yugioh,ygoprodeck:85448931,YGOPRODeck API — verify ygoprodeck.com/api-guide terms before redistribution,2026-09-13,Sentinel of the Seas
85718645.jpg,tcg_identifier,train,yugioh,yugioh,ygoprodeck:85718645,YGOPRODeck API — verify ygoprodeck.com/api-guide terms before redistribution,2026-09-13,Delg the Dark Monarch
85893201.jpg,tcg_identifier,train,yugioh,yugioh,ygoprodeck:85893201,YGOPRODeck API — verify ygoprodeck.com/api-guide terms before redistribution,2026-09-13,Chain Ignition
85899505.jpg,tcg_identifier,train,yugioh,yugioh,ygoprodeck:85899505,YGOPRODeck API — verify ygoprodeck.com/api-guide terms before redistribution,2026-09-13,Timaeus the United Magical Dragon
86319972.jpg,tcg_identifier,train,yugioh,yugioh,ygoprodeck:86319972,YGOPRODeck API — verify ygoprodeck.com/api-guide terms before redistribution,2026-09-13,Gamma Summon
86331741.jpg,tcg_identifier,train,yugioh,yugioh,ygoprodeck:86331741,YGOPRODeck API — verify ygoprodeck.com/api-guide terms before redistribution,2026-09-13,Gagagaga Magician
87054946.jpg,tcg_identifier,train,yugioh,yugioh,ygoprodeck:87054946,YGOPRODeck API — verify ygoprodeck.com/api-guide terms before redistribution,2026-09-13,"Nephthys, the Sacred Flame"
88435542.jpg,tcg_identifier,train,yugioh,yugioh,ygoprodeck:88435542,YGOPRODeck API — verify ygoprodeck.com/api-guide terms before redistribution,2026-09-13,Fire Eye
88554436.jpg,tcg_identifier,train,yugioh,yugioh,ygoprodeck:88554436,YGOPRODeck API — verify ygoprodeck.com/api-guide terms before redistribution,2026-09-13,Unchained Soul of Shyama
89041555.jpg,tcg_identifier,train,yugioh,yugioh,ygoprodeck:89041555,YGOPRODeck API — verify ygoprodeck.com/api-guide terms before redistribution,2026-09-13,Blast Held by a Tribute
89707961.jpg,tcg_identifier,train,yugioh,yugioh,ygoprodeck:89707961,YGOPRODeck API — verify ygoprodeck.com/api-guide terms before redistribution,2026-09-13,Pharaonic Guardian Sphinx
90934570.jpg,tcg_identifier,train,yugioh,yugioh,ygoprodeck:90934570,YGOPRODeck API — verify ygoprodeck.com/api-guide terms before redistribution,2026-09-13,Infestation Terminus
91397409.jpg,tcg_identifier,train,yugioh,yugioh,ygoprodeck:91397409,YGOPRODeck API — verify ygoprodeck.com/api-guide terms before redistribution,2026-09-13,Penguin Brave
91444835.jpg,tcg_identifier,train,yugioh,yugioh,ygoprodeck:91444835,YGOPRODeck API — verify ygoprodeck.com/api-guide terms before redistribution,2026-09-13,Ashtra Cursed Roar
91580102.jpg,tcg_identifier,train,yugioh,yugioh,ygoprodeck:91580102,YGOPRODeck API — verify ygoprodeck.com/api-guide terms before redistribution,2026-09-13,Reptilianne Rage
92034192.jpg,tcg_identifier,train,yugioh,yugioh,ygoprodeck:92034192,YGOPRODeck API — verify ygoprodeck.com/api-guide terms before redistribution,2026-09-13,Super Quantum Black Layer
92133240.jpg,tcg_identifier,train,yugioh,yugioh,ygoprodeck:92133240,YGOPRODeck API — verify ygoprodeck.com/api-guide terms before redistribution,2026-09-13,Dinomorphia Therizia
9267769.jpg,tcg_identifier,train,yugioh,yugioh,ygoprodeck:9267769,YGOPRODeck API — verify ygoprodeck.com/api-guide terms before redistribution,2026-09-13,Flashbang
92723496.jpg,tcg_identifier,train,yugioh,yugioh,ygoprodeck:92723496,YGOPRODeck API — verify ygoprodeck.com/api-guide terms before redistribution,2026-09-13,Giant Pairfish
92958307.jpg,tcg_identifier,train,yugioh,yugioh,ygoprodeck:92958307,YGOPRODeck API — verify ygoprodeck.com/api-guide terms before redistribution,2026-09-13,Performapal Show Down
93880808.jpg,tcg_identifier,train,yugioh,yugioh,ygoprodeck:93880808,YGOPRODeck API — verify ygoprodeck.com/api-guide terms before redistribution,2026-09-13,Arcana Triumph Joker
93895605.jpg,tcg_identifier,train,yugioh,yugioh,ygoprodeck:93895605,YGOPRODeck API — verify ygoprodeck.com/api-guide terms before redistribution,2026-09-13,Hate Buster
95051344.jpg,tcg_identifier,train,yugioh,yugioh,ygoprodeck:95051344,YGOPRODeck API — verify ygoprodeck.com/api-guide terms before redistribution,2026-09-13,Eternal Rest
95612049.jpg,tcg_identifier,train,yugioh,yugioh,ygoprodeck:95612049,YGOPRODeck API — verify ygoprodeck.com/api-guide terms before redistribution,2026-09-13,Turning of the World
95626382.jpg,tcg_identifier,train,yugioh,yugioh,ygoprodeck:95626382,YGOPRODeck API — verify ygoprodeck.com/api-guide terms before redistribution,2026-09-13,DoomZ XII End - Drastrius
96474800.jpg,tcg_identifier,train,yugioh,yugioh,ygoprodeck:96474800,YGOPRODeck API — verify ygoprodeck.com/api-guide terms before redistribution,2026-09-13,Magic Deflector
96682430.jpg,tcg_identifier,train,yugioh,yugioh,ygoprodeck:96682430,YGOPRODeck API — verify ygoprodeck.com/api-guide terms before redistribution,2026-09-13,Mermail Abysshilde
97173708.jpg,tcg_identifier,train,yugioh,yugioh,ygoprodeck:97173708,YGOPRODeck API — verify ygoprodeck.com/api-guide terms before redistribution,2026-09-13,Oh Tokenbaum!
97617181.jpg,tcg_identifier,train,yugioh,yugioh,ygoprodeck:97617181,YGOPRODeck API — verify ygoprodeck.com/api-guide terms before redistribution,2026-09-13,Galaxy Zero
98828338.jpg,tcg_identifier,train,yugioh,yugioh,ygoprodeck:98828338,YGOPRODeck API — verify ygoprodeck.com/api-guide terms before redistribution,2026-09-13,Extinguishing the Ashened
98931003.jpg,tcg_identifier,train,yugioh,yugioh,ygoprodeck:98931003,YGOPRODeck API — verify ygoprodeck.com/api-guide terms before redistribution,2026-09-13,Nanana
98954375.jpg,tcg_identifier,train,yugioh,yugioh,ygoprodeck:98954375,YGOPRODeck API — verify ygoprodeck.com/api-guide terms before redistribution,2026-09-13,Infernity Destroyer
99910751.jpg,tcg_identifier,train,yugioh,yugioh,ygoprodeck:99910751,YGOPRODeck API — verify ygoprodeck.com/api-guide terms before redistribution,2026-09-13,Mokey Mokey Adrift
